direction	source	target	ligand	receptor	pathway_name	n_datasets	datasets	mean_prob	min_p
from_endothelial	endothelial	B_cell	APP	CD74	APP	3	GSE154778,GSE155698,GSE212966	0.0012640249281807	0.0
from_endothelial	endothelial	myeloid	APP	CD74	APP	3	GSE154778,GSE155698,GSE212966	0.001018366864416	0.0
to_endothelial	fibroblast_CAF	endothelial	COL1A1	ITGA1_ITGB1	COLLAGEN	3	GSE154778,GSE155698,GSE212966	0.0008529801526348	0.0
to_endothelial	fibroblast_CAF	endothelial	FN1	ITGA5_ITGB1	FN1	3	GSE154778,GSE155698,GSE212966	0.0008325306460731	0.0
to_endothelial	fibroblast_CAF	endothelial	COL1A2	ITGA1_ITGB1	COLLAGEN	3	GSE154778,GSE155698,GSE212966	0.0008262114036346	0.0
from_endothelial	endothelial	B_cell	MIF	CD74_CXCR4	MIF	3	GSE154778,GSE155698,GSE212966	0.000661244266668	0.0
from_endothelial	endothelial	CD8	HLA-B	CD8A	MHC-I	3	GSE154778,GSE155698,GSE212966	0.0006381505319365	0.0
from_endothelial	endothelial	epithelial	APP	CD74	APP	3	GSE154778,GSE155698,GSE212966	0.0006177254421003	0.0
from_endothelial	endothelial	CD8	HLA-A	CD8A	MHC-I	3	GSE154778,GSE155698,GSE212966	0.0006132861331894	0.0
from_endothelial	endothelial	myeloid	COL4A1	CD44	COLLAGEN	3	GSE154778,GSE155698,GSE212966	0.0006005169561306	0.0
to_endothelial	myeloid	endothelial	NAMPT	ITGA5_ITGB1	VISFATIN	3	GSE154778,GSE155698,GSE212966	0.0005981220889604	0.0
from_endothelial	endothelial	CD8	COL4A1	CD44	COLLAGEN	3	GSE154778,GSE155698,GSE212966	0.0005910406541184	0.0
from_endothelial	endothelial	mast	COL4A1	CD44	COLLAGEN	3	GSE154778,GSE155698,GSE212966	0.0005822179587205	0.0
to_endothelial	fibroblast_CAF	endothelial	COL1A1	ITGA2_ITGB1	COLLAGEN	3	GSE154778,GSE155698,GSE212966	0.0005727104193788	0.0
to_endothelial	myeloid	endothelial	NAMPT	INSR	VISFATIN	3	GSE154778,GSE155698,GSE212966	0.0005636649577862	0.0
from_endothelial	endothelial	CD8	HLA-E	CD8A	MHC-I	3	GSE154778,GSE155698,GSE212966	0.0005571712488119	0.0
to_endothelial	fibroblast_CAF	endothelial	COL1A2	ITGA2_ITGB1	COLLAGEN	3	GSE154778,GSE155698,GSE212966	0.000553575529242	0.0
to_endothelial	fibroblast_CAF	endothelial	CD99	CD99	CD99	3	GSE154778,GSE155698,GSE212966	0.0005480098794744	0.0
from_endothelial	endothelial	fibroblast_CAF	CD99	CD99	CD99	3	GSE154778,GSE155698,GSE212966	0.0005480098794744	0.0
from_endothelial	endothelial	T_NK	COL4A1	CD44	COLLAGEN	3	GSE154778,GSE155698,GSE212966	0.0005420003211812	0.0
from_endothelial	endothelial	CD8	COL4A2	CD44	COLLAGEN	3	GSE154778,GSE155698,GSE212966	0.0005384210328417	0.0
from_endothelial	endothelial	myeloid	COL4A2	CD44	COLLAGEN	3	GSE154778,GSE155698,GSE212966	0.0005371549563605	0.0
from_endothelial	endothelial	mast	COL4A2	CD44	COLLAGEN	3	GSE154778,GSE155698,GSE212966	0.0005332218345365	0.0
from_endothelial	endothelial	CD8	HLA-C	CD8A	MHC-I	3	GSE154778,GSE155698,GSE212966	0.0005180882931144	0.0
from_endothelial	endothelial	myeloid	MIF	CD74_CXCR4	MIF	3	GSE154778,GSE155698,GSE212966	0.0005155105081755	0.0
from_endothelial	endothelial	myeloid	MIF	CD74_CD44	MIF	3	GSE154778,GSE155698,GSE212966	0.0005015873934711	0.0
from_endothelial	endothelial	B_cell	MIF	CD74_CD44	MIF	3	GSE154778,GSE155698,GSE212966	0.0005003337623276	0.0
to_endothelial	fibroblast_CAF	endothelial	FN1	ITGAV_ITGB1	FN1	3	GSE154778,GSE155698,GSE212966	0.0005000890075444	0.0
from_endothelial	endothelial	fibroblast_CAF	COL4A1	ITGA1_ITGB1	COLLAGEN	3	GSE154778,GSE155698,GSE212966	0.0004980517421732	0.0
from_endothelial	endothelial	epithelial	COL4A1	SDC4	COLLAGEN	3	GSE154778,GSE155698,GSE212966	0.0004969221463742	0.0
from_endothelial	endothelial	T_NK	COL4A2	CD44	COLLAGEN	3	GSE154778,GSE155698,GSE212966	0.0004931074174154	0.0
to_endothelial	myeloid	endothelial	SPP1	ITGA5_ITGB1	SPP1	3	GSE154778,GSE155698,GSE212966	0.000488551814182	0.0
from_endothelial	endothelial	epithelial	COL4A1	CD44	COLLAGEN	3	GSE154778,GSE155698,GSE212966	0.0004805715508432	0.0
from_endothelial	endothelial	B_cell	COL4A1	CD44	COLLAGEN	3	GSE154778,GSE155698,GSE212966	0.0004710273893283	0.0
to_endothelial	fibroblast_CAF	endothelial	COL6A3	ITGA1_ITGB1	COLLAGEN	3	GSE154778,GSE155698,GSE212966	0.0004645298302538	0.0
to_endothelial	fibroblast_CAF	endothelial	COL1A1	ITGA9_ITGB1	COLLAGEN	3	GSE154778,GSE155698,GSE212966	0.0004539969031215	0.0
to_endothelial	fibroblast_CAF	endothelial	COL6A2	ITGA1_ITGB1	COLLAGEN	3	GSE154778,GSE155698,GSE212966	0.0004529887900935	0.0
from_endothelial	endothelial	epithelial	COL4A1	ITGA3_ITGB1	COLLAGEN	3	GSE154778,GSE155698,GSE212966	0.0004495602772398	0.0
from_endothelial	endothelial	malignant_epithelial	COL4A1	CD44	COLLAGEN	3	GSE154778,GSE155698,GSE212966	0.0004458542847199	0.0
from_endothelial	endothelial	fibroblast_CAF	COL4A2	ITGA1_ITGB1	COLLAGEN	3	GSE154778,GSE155698,GSE212966	0.0004436884363177	0.0
from_endothelial	endothelial	epithelial	COL4A2	SDC4	COLLAGEN	3	GSE154778,GSE155698,GSE212966	0.0004435536109458	0.0
to_endothelial	endothelial	endothelial	APP	CD74	APP	3	GSE154778,GSE155698,GSE212966	0.0004415097939366	0.0
from_endothelial	endothelial	endothelial	APP	CD74	APP	3	GSE154778,GSE155698,GSE212966	0.0004415097939366	0.0
to_endothelial	fibroblast_CAF	endothelial	COL1A2	ITGA9_ITGB1	COLLAGEN	3	GSE154778,GSE155698,GSE212966	0.0004390213061074	0.0
from_endothelial	endothelial	malignant_epithelial	COL4A1	ITGA2_ITGB1	COLLAGEN	3	GSE154778,GSE155698,GSE212966	0.0004378362816826	0.0
from_endothelial	endothelial	malignant_epithelial	COL4A1	SDC4	COLLAGEN	3	GSE154778,GSE155698,GSE212966	0.0004340692076507	0.0
from_endothelial	endothelial	epithelial	COL4A1	ITGA2_ITGB1	COLLAGEN	3	GSE154778,GSE155698,GSE212966	0.000429390908373	0.0
from_endothelial	endothelial	epithelial	COL4A2	CD44	COLLAGEN	3	GSE154778,GSE155698,GSE212966	0.0004271300057373	0.0
from_endothelial	endothelial	CD8	HLA-B	CD8B	MHC-I	3	GSE154778,GSE155698,GSE212966	0.0004244593816902	0.0
from_endothelial	endothelial	B_cell	COL4A2	CD44	COLLAGEN	3	GSE154778,GSE155698,GSE212966	0.0004208312082208	0.0
from_endothelial	endothelial	malignant_epithelial	APP	CD74	APP	3	GSE154778,GSE155698,GSE212966	0.0004160859407614	0.0
from_endothelial	endothelial	CD8	HLA-A	CD8B	MHC-I	3	GSE154778,GSE155698,GSE212966	0.0004075815399879	0.0
from_endothelial	endothelial	CD8	MIF	CD74_CXCR4	MIF	3	GSE154778,GSE155698,GSE212966	0.0004054602338921	0.0
from_endothelial	endothelial	epithelial	COL4A2	ITGA3_ITGB1	COLLAGEN	3	GSE154778,GSE155698,GSE212966	0.0003994974196421	0.0
from_endothelial	endothelial	malignant_epithelial	COL4A2	CD44	COLLAGEN	3	GSE154778,GSE155698,GSE212966	0.0003968528613971	0.0
from_endothelial	endothelial	malignant_epithelial	COL4A2	ITGA2_ITGB1	COLLAGEN	3	GSE154778,GSE155698,GSE212966	0.0003927011939004	0.0
to_endothelial	fibroblast_CAF	endothelial	COL1A1	ITGA3_ITGB1	COLLAGEN	3	GSE154778,GSE155698,GSE212966	0.0003889510816282	0.0
from_endothelial	endothelial	malignant_epithelial	COL4A1	ITGA3_ITGB1	COLLAGEN	3	GSE154778,GSE155698,GSE212966	0.0003887669456252	0.0
from_endothelial	endothelial	fibroblast_CAF	COL4A1	ITGA11_ITGB1	COLLAGEN	3	GSE154778,GSE155698,GSE212966	0.0003883324986337	0.0
from_endothelial	endothelial	malignant_epithelial	COL4A2	SDC4	COLLAGEN	3	GSE154778,GSE155698,GSE212966	0.0003867944314917	0.0
from_endothelial	endothelial	epithelial	COL4A2	ITGA2_ITGB1	COLLAGEN	3	GSE154778,GSE155698,GSE212966	0.0003838144525309	0.0
to_endothelial	endothelial	endothelial	COL4A1	ITGA1_ITGB1	COLLAGEN	3	GSE154778,GSE155698,GSE212966	0.0003824758495539	0.0
from_endothelial	endothelial	endothelial	COL4A1	ITGA1_ITGB1	COLLAGEN	3	GSE154778,GSE155698,GSE212966	0.0003824758495539	0.0
to_endothelial	fibroblast_CAF	endothelial	COL1A1	ITGA10_ITGB1	COLLAGEN	3	GSE154778,GSE155698,GSE212966	0.0003807696220442	0.0
to_endothelial	fibroblast_CAF	endothelial	COL1A2	ITGA3_ITGB1	COLLAGEN	3	GSE154778,GSE155698,GSE212966	0.0003757872134259	0.0
from_endothelial	endothelial	CD8	HLA-E	CD8B	MHC-I	3	GSE154778,GSE155698,GSE212966	0.0003699581263346	0.0
to_endothelial	fibroblast_CAF	endothelial	COL1A2	ITGA10_ITGB1	COLLAGEN	3	GSE154778,GSE155698,GSE212966	0.0003669758612226	0.0
from_endothelial	endothelial	fibroblast_CAF	COL4A2	ITGA11_ITGB1	COLLAGEN	3	GSE154778,GSE155698,GSE212966	0.0003483995424165	0.0
to_endothelial	endothelial	endothelial	COL4A2	ITGA1_ITGB1	COLLAGEN	3	GSE154778,GSE155698,GSE212966	0.0003472423167826	0.0
from_endothelial	endothelial	endothelial	COL4A2	ITGA1_ITGB1	COLLAGEN	3	GSE154778,GSE155698,GSE212966	0.0003472423167826	0.0
to_endothelial	fibroblast_CAF	endothelial	COL6A1	ITGA1_ITGB1	COLLAGEN	3	GSE154778,GSE155698,GSE212966	0.0003466830336459	0.0
from_endothelial	endothelial	malignant_epithelial	COL4A2	ITGA3_ITGB1	COLLAGEN	3	GSE154778,GSE155698,GSE212966	0.0003464863983552	0.0
to_endothelial	epithelial	endothelial	MDK	ITGA6_ITGB1	MK	3	GSE154778,GSE155698,GSE212966	0.0003458669924787	0.0
from_endothelial	endothelial	CD8	APP	CD74	APP	3	GSE154778,GSE155698,GSE212966	0.0003442353456216	0.0
from_endothelial	endothelial	CD8	HLA-C	CD8B	MHC-I	3	GSE154778,GSE155698,GSE212966	0.0003439537315994	0.0
to_endothelial	malignant_epithelial	endothelial	MDK	ITGA6_ITGB1	MK	3	GSE154778,GSE155698,GSE212966	0.0003401451385536	0.0
to_endothelial	epithelial	endothelial	LAMB3	ITGA6_ITGB1	LAMININ	3	GSE154778,GSE155698,GSE212966	0.0003092913261283	0.0
to_endothelial	fibroblast_CAF	endothelial	COL6A3	ITGA2_ITGB1	COLLAGEN	3	GSE154778,GSE155698,GSE212966	0.0003081366103435	0.0
to_endothelial	fibroblast_CAF	endothelial	MDK	ITGA6_ITGB1	MK	3	GSE154778,GSE155698,GSE212966	0.0003071965252986	0.0
from_endothelial	endothelial	CD8	LAMB1	CD44	LAMININ	3	GSE154778,GSE155698,GSE212966	0.0003010958980285	0.0
from_endothelial	endothelial	mast	LAMB1	CD44	LAMININ	3	GSE154778,GSE155698,GSE212966	0.000300974164167	0.0
to_endothelial	endothelial	endothelial	LAMB1	ITGA6_ITGB1	LAMININ	3	GSE154778,GSE155698,GSE212966	0.0003007588431376	0.0
from_endothelial	endothelial	endothelial	LAMB1	ITGA6_ITGB1	LAMININ	3	GSE154778,GSE155698,GSE212966	0.0003007588431376	0.0
to_endothelial	fibroblast_CAF	endothelial	COL6A2	ITGA2_ITGB1	COLLAGEN	3	GSE154778,GSE155698,GSE212966	0.0002969588687734	0.0
to_endothelial	myeloid	endothelial	SPP1	ITGAV_ITGB1	SPP1	3	GSE154778,GSE155698,GSE212966	0.0002898218557414	0.0
to_endothelial	endothelial	endothelial	CD99	CD99	CD99	3	GSE154778,GSE155698,GSE212966	0.0002855961501296	0.0
from_endothelial	endothelial	endothelial	CD99	CD99	CD99	3	GSE154778,GSE155698,GSE212966	0.0002855961501296	0.0
from_endothelial	endothelial	T_NK	LAMB1	CD44	LAMININ	3	GSE154778,GSE155698,GSE212966	0.0002757863889577	0.0
to_endothelial	endothelial	endothelial	CDH5	CDH5	CDH5	3	GSE154778,GSE155698,GSE212966	0.00027519776698	0.0
from_endothelial	endothelial	endothelial	CDH5	CDH5	CDH5	3	GSE154778,GSE155698,GSE212966	0.00027519776698	0.0
to_endothelial	endothelial	endothelial	COL4A1	ITGA2_ITGB1	COLLAGEN	3	GSE154778,GSE155698,GSE212966	0.0002742769724571	0.0
from_endothelial	endothelial	endothelial	COL4A1	ITGA2_ITGB1	COLLAGEN	3	GSE154778,GSE155698,GSE212966	0.0002742769724571	0.0
from_endothelial	endothelial	myeloid	LAMB1	CD44	LAMININ	3	GSE154778,GSE155698,GSE212966	0.000270804466118	0.0
to_endothelial	fibroblast_CAF	endothelial	FN1	ITGA3_ITGB1	FN1	3	GSE154778,GSE155698,GSE212966	0.000267555501017	0.0
to_endothelial	malignant_epithelial	endothelial	LAMB3	ITGA6_ITGB1	LAMININ	3	GSE154778,GSE155698,GSE212966	0.0002657385382201	0.0
to_endothelial	endothelial	endothelial	ESAM	ESAM	ESAM	3	GSE154778,GSE155698,GSE212966	0.0002542946721758	0.0
from_endothelial	endothelial	endothelial	ESAM	ESAM	ESAM	3	GSE154778,GSE155698,GSE212966	0.0002542946721758	0.0
to_endothelial	endothelial	endothelial	COL4A2	ITGA2_ITGB1	COLLAGEN	3	GSE154778,GSE155698,GSE212966	0.0002487032118019	0.0
from_endothelial	endothelial	endothelial	COL4A2	ITGA2_ITGB1	COLLAGEN	3	GSE154778,GSE155698,GSE212966	0.0002487032118019	0.0
to_endothelial	fibroblast_CAF	endothelial	COL6A3	ITGA9_ITGB1	COLLAGEN	3	GSE154778,GSE155698,GSE212966	0.0002442474184132	0.0
to_endothelial	endothelial	endothelial	NAMPT	ITGA5_ITGB1	VISFATIN	3	GSE154778,GSE155698,GSE212966	0.0002399776313475	0.0
from_endothelial	endothelial	endothelial	NAMPT	ITGA5_ITGB1	VISFATIN	3	GSE154778,GSE155698,GSE212966	0.0002399776313475	0.0
from_endothelial	endothelial	mast	FN1	CD44	FN1	3	GSE154778,GSE155698,GSE212966	0.0002380614082272	0.0
to_endothelial	myeloid	endothelial	ITGB2	ICAM2	ITGB2	3	GSE154778,GSE155698,GSE212966	0.0002377055591154	0.0
to_endothelial	CD8	endothelial	CD99	CD99	CD99	3	GSE154778,GSE155698,GSE212966	0.0002363698426338	0.0
from_endothelial	endothelial	CD8	CD99	CD99	CD99	3	GSE154778,GSE155698,GSE212966	0.0002363698426338	0.0
from_endothelial	endothelial	epithelial	COL4A1	SDC1	COLLAGEN	3	GSE154778,GSE155698,GSE212966	0.0002353986844442	0.0
to_endothelial	fibroblast_CAF	endothelial	COL6A2	ITGA9_ITGB1	COLLAGEN	3	GSE154778,GSE155698,GSE212966	0.0002344145897956	0.0
from_endothelial	endothelial	myeloid	FN1	CD44	FN1	3	GSE154778,GSE155698,GSE212966	0.0002341645925387	0.0
to_endothelial	fibroblast_CAF	endothelial	LAMB1	ITGA6_ITGB1	LAMININ	3	GSE154778,GSE155698,GSE212966	0.0002292256559585	0.0
to_endothelial	fibroblast_CAF	endothelial	COL6A1	ITGA2_ITGB1	COLLAGEN	3	GSE154778,GSE155698,GSE212966	0.0002271445499939	0.0
to_endothelial	fibroblast_CAF	endothelial	COL4A2	ITGA1_ITGB1	COLLAGEN	3	GSE154778,GSE155698,GSE212966	0.0002270998228539	0.0
to_endothelial	endothelial	endothelial	COL4A1	ITGA9_ITGB1	COLLAGEN	3	GSE154778,GSE155698,GSE212966	0.0002254393635601	0.0
from_endothelial	endothelial	endothelial	COL4A1	ITGA9_ITGB1	COLLAGEN	3	GSE154778,GSE155698,GSE212966	0.0002254393635601	0.0
from_endothelial	endothelial	malignant_epithelial	COL4A1	SDC1	COLLAGEN	3	GSE154778,GSE155698,GSE212966	0.0002247933567357	0.0
to_endothelial	T_NK	endothelial	CD99	CD99	CD99	3	GSE154778,GSE155698,GSE212966	0.0002246017258694	0.0
from_endothelial	endothelial	T_NK	CD99	CD99	CD99	3	GSE154778,GSE155698,GSE212966	0.0002246017258694	0.0
to_endothelial	endothelial	endothelial	NAMPT	INSR	VISFATIN	3	GSE154778,GSE155698,GSE212966	0.0002211510841495	0.0
from_endothelial	endothelial	endothelial	NAMPT	INSR	VISFATIN	3	GSE154778,GSE155698,GSE212966	0.0002211510841495	0.0
from_endothelial	endothelial	T_NK	APP	CD74	APP	3	GSE154778,GSE155698,GSE212966	0.0002193411729905	0.0
from_endothelial	endothelial	fibroblast_CAF	COL4A1	SDC1	COLLAGEN	3	GSE154778,GSE155698,GSE212966	0.0002171004722431	0.0
to_endothelial	epithelial	endothelial	MDK	NCL	MK	3	GSE154778,GSE155698,GSE212966	0.0002167712040718	0.0
from_endothelial	endothelial	fibroblast_CAF	LAMB1	ITGA1_ITGB1	LAMININ	3	GSE154778,GSE155698,GSE212966	0.0002163150867341	0.0
to_endothelial	endothelial	endothelial	FN1	ITGA5_ITGB1	FN1	3	GSE154778,GSE155698,GSE212966	0.0002158801362485	0.0
from_endothelial	endothelial	endothelial	FN1	ITGA5_ITGB1	FN1	3	GSE154778,GSE155698,GSE212966	0.0002158801362485	0.0
from_endothelial	endothelial	myeloid	LAMA4	CD44	LAMININ	3	GSE154778,GSE155698,GSE212966	0.0002137133061539	0.0
to_endothelial	malignant_epithelial	endothelial	MDK	NCL	MK	3	GSE154778,GSE155698,GSE212966	0.0002120249283143	0.0
from_endothelial	endothelial	epithelial	COL4A2	SDC1	COLLAGEN	3	GSE154778,GSE155698,GSE212966	0.0002091161262313	0.0
to_endothelial	malignant_epithelial	endothelial	LAMC2	ITGA6_ITGB1	LAMININ	3	GSE154778,GSE155698,GSE212966	0.0002086712983782	0.0
from_endothelial	endothelial	B_cell	LAMB1	CD44	LAMININ	3	GSE154778,GSE155698,GSE212966	0.0002079146432258	0.0
to_endothelial	B_cell	endothelial	NAMPT	ITGA5_ITGB1	VISFATIN	3	GSE154778,GSE155698,GSE212966	0.000207550561723	0.0
to_endothelial	fibroblast_CAF	endothelial	COL6A3	ITGA3_ITGB1	COLLAGEN	3	GSE154778,GSE155698,GSE212966	0.000207129152337	0.0
to_endothelial	epithelial	endothelial	LAMC2	ITGA6_ITGB1	LAMININ	3	GSE154778,GSE155698,GSE212966	0.0002068260154194	0.0
to_endothelial	endothelial	endothelial	LAMC1	ITGA6_ITGB1	LAMININ	3	GSE154778,GSE155698,GSE212966	0.0002061700739875	0.0
from_endothelial	endothelial	endothelial	LAMC1	ITGA6_ITGB1	LAMININ	3	GSE154778,GSE155698,GSE212966	0.0002061700739875	0.0
from_endothelial	endothelial	mast	LAMC1	CD44	LAMININ	3	GSE154778,GSE155698,GSE212966	0.0002047572033219	0.0
to_endothelial	endothelial	endothelial	COL4A2	ITGA9_ITGB1	COLLAGEN	3	GSE154778,GSE155698,GSE212966	0.0002043698844694	0.0
from_endothelial	endothelial	endothelial	COL4A2	ITGA9_ITGB1	COLLAGEN	3	GSE154778,GSE155698,GSE212966	0.0002043698844694	0.0
to_endothelial	endothelial	endothelial	LAMA4	ITGA6_ITGB1	LAMININ	3	GSE154778,GSE155698,GSE212966	0.0002043517015599	0.0
from_endothelial	endothelial	endothelial	LAMA4	ITGA6_ITGB1	LAMININ	3	GSE154778,GSE155698,GSE212966	0.0002043517015599	0.0
to_endothelial	fibroblast_CAF	endothelial	COL6A3	ITGA10_ITGB1	COLLAGEN	3	GSE154778,GSE155698,GSE212966	0.0002042733951147	0.0
from_endothelial	endothelial	epithelial	LAMB1	CD44	LAMININ	3	GSE154778,GSE155698,GSE212966	0.000203903853435	0.0
from_endothelial	endothelial	fibroblast_CAF	FN1	ITGAV_ITGB1	FN1	3	GSE154778,GSE155698,GSE212966	0.0002030668971046	0.0
to_endothelial	CD8	endothelial	GZMA	F2RL3	PARs	3	GSE154778,GSE155698,GSE212966	0.0002030108827214	0.0
to_endothelial	endothelial	endothelial	COL4A1	ITGA10_ITGB1	COLLAGEN	3	GSE154778,GSE155698,GSE212966	0.0002025696428719	0.0
from_endothelial	endothelial	endothelial	COL4A1	ITGA10_ITGB1	COLLAGEN	3	GSE154778,GSE155698,GSE212966	0.0002025696428719	0.0
from_endothelial	endothelial	malignant_epithelial	LAMB1	ITGA2_ITGB1	LAMININ	3	GSE154778,GSE155698,GSE212966	0.0002016548326408	0.0
from_endothelial	endothelial	mast	LAMA4	CD44	LAMININ	3	GSE154778,GSE155698,GSE212966	0.0002015534460611	0.0
from_endothelial	endothelial	CD8	LAMC1	CD44	LAMININ	3	GSE154778,GSE155698,GSE212966	0.0002007131958866	0.0
from_endothelial	endothelial	mast	COL6A2	CD44	COLLAGEN	3	GSE154778,GSE155698,GSE212966	0.0002004051140544	0.0
to_endothelial	epithelial	endothelial	LAMB3	ITGA1_ITGB1	LAMININ	3	GSE154778,GSE155698,GSE212966	0.0002003993000826	0.0
from_endothelial	endothelial	fibroblast_CAF	COL4A1	CD44	COLLAGEN	3	GSE154778,GSE155698,GSE212966	0.0002002199656168	0.0
from_endothelial	endothelial	malignant_epithelial	COL4A2	SDC1	COLLAGEN	3	GSE154778,GSE155698,GSE212966	0.0002001093394266	0.0
to_endothelial	myeloid	endothelial	FN1	ITGA5_ITGB1	FN1	3	GSE154778,GSE155698,GSE212966	0.0002000932798586	0.0
to_endothelial	fibroblast_CAF	endothelial	COL6A2	ITGA3_ITGB1	COLLAGEN	3	GSE154778,GSE155698,GSE212966	0.0001994652349981	0.0
from_endothelial	endothelial	CD8	LAMA4	CD44	LAMININ	3	GSE154778,GSE155698,GSE212966	0.0001991214929178	0.0
from_endothelial	endothelial	malignant_epithelial	LAMB1	ITGA6_ITGB1	LAMININ	3	GSE154778,GSE155698,GSE212966	0.0001989748505037	0.0
to_endothelial	fibroblast_CAF	endothelial	COL4A1	ITGA1_ITGB1	COLLAGEN	3	GSE154778,GSE155698,GSE212966	0.0001989043066915	0.0
to_endothelial	B_cell	endothelial	NAMPT	INSR	VISFATIN	3	GSE154778,GSE155698,GSE212966	0.0001975725085679	0.0
from_endothelial	endothelial	myeloid	COL6A2	CD44	COLLAGEN	3	GSE154778,GSE155698,GSE212966	0.0001942943733656	0.0
from_endothelial	endothelial	CD8	COL6A2	CD44	COLLAGEN	3	GSE154778,GSE155698,GSE212966	0.0001935220184789	0.0
to_endothelial	fibroblast_CAF	endothelial	COL6A2	ITGA10_ITGB1	COLLAGEN	3	GSE154778,GSE155698,GSE212966	0.0001929953442609	0.0
from_endothelial	endothelial	fibroblast_CAF	COL4A2	SDC1	COLLAGEN	3	GSE154778,GSE155698,GSE212966	0.0001928934517781	0.0
from_endothelial	endothelial	epithelial	LAMB1	ITGA2_ITGB1	LAMININ	3	GSE154778,GSE155698,GSE212966	0.0001927781688704	0.0
to_endothelial	fibroblast_CAF	endothelial	MDK	NCL	MK	3	GSE154778,GSE155698,GSE212966	0.0001925791212016	0.0
from_endothelial	endothelial	epithelial	LAMB1	ITGA3_ITGB1	LAMININ	3	GSE154778,GSE155698,GSE212966	0.000192409854067	0.0
from_endothelial	endothelial	epithelial	FN1	SDC4	FN1	3	GSE154778,GSE155698,GSE212966	0.0001914425764141	0.0
from_endothelial	endothelial	epithelial	LAMB1	ITGA6_ITGB1	LAMININ	3	GSE154778,GSE155698,GSE212966	0.0001912328853243	0.0
from_endothelial	endothelial	malignant_epithelial	LAMB1	CD44	LAMININ	3	GSE154778,GSE155698,GSE212966	0.0001903197503113	0.0
from_endothelial	endothelial	myeloid	LAMC1	CD44	LAMININ	3	GSE154778,GSE155698,GSE212966	0.0001894639353334	0.0
to_endothelial	endothelial	endothelial	LAMB1	ITGA1_ITGB1	LAMININ	3	GSE154778,GSE155698,GSE212966	0.0001864892901214	0.0
from_endothelial	endothelial	endothelial	LAMB1	ITGA1_ITGB1	LAMININ	3	GSE154778,GSE155698,GSE212966	0.0001864892901214	0.0
to_endothelial	endothelial	endothelial	COL4A1	ITGA3_ITGB1	COLLAGEN	3	GSE154778,GSE155698,GSE212966	0.0001860148649251	0.0
from_endothelial	endothelial	endothelial	COL4A1	ITGA3_ITGB1	COLLAGEN	3	GSE154778,GSE155698,GSE212966	0.0001860148649251	0.0
to_endothelial	endothelial	endothelial	COL4A2	ITGA10_ITGB1	COLLAGEN	3	GSE154778,GSE155698,GSE212966	0.0001836519013277	0.0
from_endothelial	endothelial	endothelial	COL4A2	ITGA10_ITGB1	COLLAGEN	3	GSE154778,GSE155698,GSE212966	0.0001836519013277	0.0
to_endothelial	myeloid	endothelial	SPP1	ITGA9_ITGB1	SPP1	3	GSE154778,GSE155698,GSE212966	0.0001834320176729	0.0
from_endothelial	endothelial	T_NK	LAMC1	CD44	LAMININ	3	GSE154778,GSE155698,GSE212966	0.0001824562009955	0.0
from_endothelial	endothelial	myeloid	CD99	PILRA	CD99	3	GSE154778,GSE155698,GSE212966	0.0001816108143191	0.0
from_endothelial	endothelial	T_NK	LAMA4	CD44	LAMININ	3	GSE154778,GSE155698,GSE212966	0.0001811176151706	0.0
to_endothelial	fibroblast_CAF	endothelial	COL6A1	ITGA9_ITGB1	COLLAGEN	3	GSE154778,GSE155698,GSE212966	0.000179195309252	0.0
from_endothelial	endothelial	fibroblast_CAF	COL4A2	CD44	COLLAGEN	3	GSE154778,GSE155698,GSE212966	0.0001764289843684	0.0
to_endothelial	CD8	endothelial	GZMA	F2R	PARs	3	GSE154778,GSE155698,GSE212966	0.000175985520777	0.0
to_endothelial	fibroblast_CAF	endothelial	LAMA4	ITGA6_ITGB1	LAMININ	3	GSE154778,GSE155698,GSE212966	0.0001752211389434	0.0
from_endothelial	endothelial	T_NK	COL6A2	CD44	COLLAGEN	3	GSE154778,GSE155698,GSE212966	0.0001747793477897	0.0
from_endothelial	endothelial	fibroblast_CAF	LAMA4	ITGA1_ITGB1	LAMININ	3	GSE154778,GSE155698,GSE212966	0.0001746056615317	0.0
to_endothelial	malignant_epithelial	endothelial	LAMB3	ITGA1_ITGB1	LAMININ	3	GSE154778,GSE155698,GSE212966	0.0001721130942571	0.0
from_endothelial	endothelial	epithelial	FN1	ITGA3_ITGB1	FN1	3	GSE154778,GSE155698,GSE212966	0.0001719655849976	0.0
from_endothelial	endothelial	malignant_epithelial	LAMB1	ITGA3_ITGB1	LAMININ	3	GSE154778,GSE155698,GSE212966	0.0001708751366316	0.0
to_endothelial	myeloid	endothelial	CD99	CD99	CD99	3	GSE154778,GSE155698,GSE212966	0.0001698124180618	0.0
from_endothelial	endothelial	myeloid	CD99	CD99	CD99	3	GSE154778,GSE155698,GSE212966	0.0001698124180618	0.0
from_endothelial	endothelial	epithelial	LAMA4	CD44	LAMININ	3	GSE154778,GSE155698,GSE212966	0.0001691324705219	0.0
to_endothelial	endothelial	endothelial	COL4A2	ITGA3_ITGB1	COLLAGEN	3	GSE154778,GSE155698,GSE212966	0.0001683850197543	0.0
from_endothelial	endothelial	endothelial	COL4A2	ITGA3_ITGB1	COLLAGEN	3	GSE154778,GSE155698,GSE212966	0.0001683850197543	0.0
from_endothelial	endothelial	malignant_epithelial	FN1	SDC4	FN1	3	GSE154778,GSE155698,GSE212966	0.0001672810059479	0.0
from_endothelial	endothelial	B_cell	LAMA4	CD44	LAMININ	3	GSE154778,GSE155698,GSE212966	0.0001641946559481	0.0
to_endothelial	epithelial	endothelial	NAMPT	ITGA5_ITGB1	VISFATIN	3	GSE154778,GSE155698,GSE212966	0.0001631119189042	0.0
from_endothelial	endothelial	epithelial	COL6A2	SDC4	COLLAGEN	3	GSE154778,GSE155698,GSE212966	0.0001621445938566	0.0
from_endothelial	endothelial	fibroblast_CAF	COL6A2	ITGA1_ITGB1	COLLAGEN	3	GSE154778,GSE155698,GSE212966	0.000161325100879	0.0
from_endothelial	endothelial	epithelial	LAMA4	ITGA3_ITGB1	LAMININ	3	GSE154778,GSE155698,GSE212966	0.0001576788000362	0.0
to_endothelial	fibroblast_CAF	endothelial	LAMB2	ITGA6_ITGB1	LAMININ	3	GSE154778,GSE155698,GSE212966	0.000157191727901	0.0
from_endothelial	endothelial	malignant_epithelial	LAMA4	CD44	LAMININ	3	GSE154778,GSE155698,GSE212966	0.0001570948831577	0.0
from_endothelial	endothelial	epithelial	COL6A2	CD44	COLLAGEN	3	GSE154778,GSE155698,GSE212966	0.0001562728786843	0.0
from_endothelial	endothelial	fibroblast_CAF	JAM2	ITGAV_ITGB1	JAM	3	GSE154778,GSE155698,GSE212966	0.0001548497838661	0.0
from_endothelial	endothelial	myeloid	ANXA1	FPR1	ANNEXIN	3	GSE154778,GSE155698,GSE212966	0.0001544554070248	0.0
to_endothelial	epithelial	endothelial	NAMPT	INSR	VISFATIN	3	GSE154778,GSE155698,GSE212966	0.0001543845297597	0.0
from_endothelial	endothelial	epithelial	COL4A1	ITGAV_ITGB8	COLLAGEN	3	GSE154778,GSE155698,GSE212966	0.0001542575051315	0.0
from_endothelial	endothelial	fibroblast_CAF	LAMC1	ITGA1_ITGB1	LAMININ	3	GSE154778,GSE155698,GSE212966	0.000153889832209	0.0
from_endothelial	endothelial	epithelial	LAMA4	ITGA6_ITGB1	LAMININ	3	GSE154778,GSE155698,GSE212966	0.0001530553405513	0.0
from_endothelial	endothelial	malignant_epithelial	LAMA4	ITGA6_ITGB1	LAMININ	3	GSE154778,GSE155698,GSE212966	0.0001530358298216	0.0
from_endothelial	endothelial	B_cell	COL6A2	CD44	COLLAGEN	3	GSE154778,GSE155698,GSE212966	0.0001529802669025	0.0
to_endothelial	epithelial	endothelial	VEGFA	FLT1	VEGF	3	GSE154778,GSE155698,GSE212966	0.0001521891390106	0.0
to_endothelial	fibroblast_CAF	endothelial	COL6A1	ITGA3_ITGB1	COLLAGEN	3	GSE154778,GSE155698,GSE212966	0.000152075331484	0.0
from_endothelial	endothelial	malignant_epithelial	LAMA4	ITGA2_ITGB1	LAMININ	3	GSE154778,GSE155698,GSE212966	0.000150100485204	0.0
to_endothelial	fibroblast_CAF	endothelial	LAMC1	ITGA6_ITGB1	LAMININ	3	GSE154778,GSE155698,GSE212966	0.0001497550923452	0.0
from_endothelial	endothelial	malignant_epithelial	FN1	ITGA3_ITGB1	FN1	3	GSE154778,GSE155698,GSE212966	0.0001487784571383	0.0
to_endothelial	fibroblast_CAF	endothelial	COL6A1	ITGA10_ITGB1	COLLAGEN	3	GSE154778,GSE155698,GSE212966	0.0001483545880872	0.0
from_endothelial	endothelial	epithelial	LAMB1	ITGA6_ITGB4	LAMININ	3	GSE154778,GSE155698,GSE212966	0.0001473439537009	0.0
from_endothelial	endothelial	epithelial	LAMA4	ITGA2_ITGB1	LAMININ	3	GSE154778,GSE155698,GSE212966	0.000147211330806	0.0
to_endothelial	fibroblast_CAF	endothelial	COL4A2	ITGA2_ITGB1	COLLAGEN	3	GSE154778,GSE155698,GSE212966	0.0001469742268693	0.0
from_endothelial	endothelial	B_cell	LAMC1	CD44	LAMININ	3	GSE154778,GSE155698,GSE212966	0.0001469471035629	0.0
from_endothelial	endothelial	epithelial	LAMC1	CD44	LAMININ	3	GSE154778,GSE155698,GSE212966	0.0001469053857746	0.0
from_endothelial	endothelial	malignant_epithelial	COL6A2	CD44	COLLAGEN	3	GSE154778,GSE155698,GSE212966	0.0001458692747386	0.0
to_endothelial	myeloid	endothelial	ITGB2	ICAM1	ITGB2	3	GSE154778,GSE155698,GSE212966	0.0001458191933506	0.0
to_endothelial	endothelial	endothelial	LAMB1	ITGA6_ITGB4	LAMININ	3	GSE154778,GSE155698,GSE212966	0.0001456094221315	0.0
from_endothelial	endothelial	endothelial	LAMB1	ITGA6_ITGB4	LAMININ	3	GSE154778,GSE155698,GSE212966	0.0001456094221315	0.0
to_endothelial	fibroblast_CAF	endothelial	LAMB1	ITGA1_ITGB1	LAMININ	3	GSE154778,GSE155698,GSE212966	0.0001449259662366	0.0
from_endothelial	endothelial	epithelial	COL6A2	ITGA3_ITGB1	COLLAGEN	3	GSE154778,GSE155698,GSE212966	0.000144614314762	0.0
to_endothelial	epithelial	endothelial	VEGFA	FLT1_KDR	VEGF	3	GSE154778,GSE155698,GSE212966	0.0001440436637553	0.0
from_endothelial	endothelial	malignant_epithelial	COL6A2	SDC4	COLLAGEN	3	GSE154778,GSE155698,GSE212966	0.0001421024416757	0.0
from_endothelial	endothelial	malignant_epithelial	COL6A2	ITGA2_ITGB1	COLLAGEN	3	GSE154778,GSE155698,GSE212966	0.0001404962211225	0.0
to_endothelial	epithelial	endothelial	LAMB3	ITGA6_ITGB4	LAMININ	3	GSE154778,GSE155698,GSE212966	0.0001394401019478	0.0
from_endothelial	endothelial	epithelial	HSPG2	DAG1	HSPG	3	GSE154778,GSE155698,GSE212966	0.0001393480667992	0.0
from_endothelial	endothelial	malignant_epithelial	LAMC1	ITGA6_ITGB1	LAMININ	3	GSE154778,GSE155698,GSE212966	0.0001391418032993	0.0
from_endothelial	endothelial	malignant_epithelial	LAMC1	ITGA2_ITGB1	LAMININ	3	GSE154778,GSE155698,GSE212966	0.0001389455497967	0.0
to_endothelial	fibroblast_CAF	endothelial	THBS2	ITGA3_ITGB1	THBS	3	GSE154778,GSE155698,GSE212966	0.0001386557759751	0.0
from_endothelial	endothelial	malignant_epithelial	LAMB1	ITGA6_ITGB4	LAMININ	3	GSE154778,GSE155698,GSE212966	0.0001377129643574	0.0
from_endothelial	endothelial	epithelial	LAMC1	ITGA3_ITGB1	LAMININ	3	GSE154778,GSE155698,GSE212966	0.0001372642518509	0.0
from_endothelial	endothelial	epithelial	COL6A2	ITGA2_ITGB1	COLLAGEN	3	GSE154778,GSE155698,GSE212966	0.000137249314545	0.0
from_endothelial	endothelial	epithelial	COL4A2	ITGAV_ITGB8	COLLAGEN	3	GSE154778,GSE155698,GSE212966	0.0001371911314851	0.0
from_endothelial	endothelial	malignant_epithelial	LAMC1	CD44	LAMININ	3	GSE154778,GSE155698,GSE212966	0.000137188317199	0.0
from_endothelial	endothelial	mast	LAMA5	CD44	LAMININ	3	GSE154778,GSE155698,GSE212966	0.0001367113014054	0.0
to_endothelial	endothelial	endothelial	LAMA5	ITGA6_ITGB1	LAMININ	3	GSE154778,GSE155698,GSE212966	0.0001364561967544	0.0
from_endothelial	endothelial	endothelial	LAMA5	ITGA6_ITGB1	LAMININ	3	GSE154778,GSE155698,GSE212966	0.0001364561967544	0.0
from_endothelial	endothelial	epithelial	LAMC1	ITGA6_ITGB1	LAMININ	3	GSE154778,GSE155698,GSE212966	0.0001354844385401	0.0
from_endothelial	endothelial	malignant_epithelial	LAMA4	ITGA3_ITGB1	LAMININ	3	GSE154778,GSE155698,GSE212966	0.0001350666994492	0.0
from_endothelial	endothelial	epithelial	JAM2	ITGA3_ITGB1	JAM	3	GSE154778,GSE155698,GSE212966	0.0001348749967836	0.0
from_endothelial	endothelial	myeloid	ICAM2	ITGAM_ITGB2	ICAM	3	GSE154778,GSE155698,GSE212966	0.0001348530293177	0.0
from_endothelial	endothelial	CD8	LAMA5	CD44	LAMININ	3	GSE154778,GSE155698,GSE212966	0.0001341231636099	0.0
to_endothelial	malignant_epithelial	endothelial	LAMC2	ITGA1_ITGB1	LAMININ	3	GSE154778,GSE155698,GSE212966	0.0001341081900945	0.0
from_endothelial	endothelial	epithelial	LAMC1	ITGA2_ITGB1	LAMININ	3	GSE154778,GSE155698,GSE212966	0.0001340288423455	0.0
to_endothelial	fibroblast_CAF	endothelial	FN1	ITGA8_ITGB1	FN1	3	GSE154778,GSE155698,GSE212966	0.0001337452677724	0.0
to_endothelial	epithelial	endothelial	LAMC2	ITGA1_ITGB1	LAMININ	3	GSE154778,GSE155698,GSE212966	0.0001330222330028	0.0
from_endothelial	endothelial	CD8	LGALS9	PTPRC	GALECTIN	3	GSE154778,GSE155698,GSE212966	0.0001328795771823	0.0
to_endothelial	epithelial	endothelial	LAMA3	ITGA6_ITGB1	LAMININ	3	GSE154778,GSE155698,GSE212966	0.0001323480579732	0.0
to_endothelial	endothelial	endothelial	LAMB1	ITGA2_ITGB1	LAMININ	3	GSE154778,GSE155698,GSE212966	0.0001322921224723	0.0
from_endothelial	endothelial	endothelial	LAMB1	ITGA2_ITGB1	LAMININ	3	GSE154778,GSE155698,GSE212966	0.0001322921224723	0.0
from_endothelial	endothelial	malignant_epithelial	COL4A1	ITGAV_ITGB8	COLLAGEN	3	GSE154778,GSE155698,GSE212966	0.0001310916586764	0.0
to_endothelial	epithelial	endothelial	LAMB3	ITGA2_ITGB1	LAMININ	3	GSE154778,GSE155698,GSE212966	0.0001310394317762	0.0
from_endothelial	endothelial	T_NK	LGALS9	PTPRC	GALECTIN	3	GSE154778,GSE155698,GSE212966	0.000130481026042	0.0
to_endothelial	fibroblast_CAF	endothelial	COL4A1	ITGA2_ITGB1	COLLAGEN	3	GSE154778,GSE155698,GSE212966	0.0001279761952313	0.0
from_endothelial	endothelial	fibroblast_CAF	COL6A2	ITGA11_ITGB1	COLLAGEN	3	GSE154778,GSE155698,GSE212966	0.0001270604529107	0.0
to_endothelial	endothelial	endothelial	LAMC1	ITGA1_ITGB1	LAMININ	3	GSE154778,GSE155698,GSE212966	0.0001266198536881	0.0
from_endothelial	endothelial	endothelial	LAMC1	ITGA1_ITGB1	LAMININ	3	GSE154778,GSE155698,GSE212966	0.0001266198536881	0.0
to_endothelial	endothelial	endothelial	LAMA4	ITGA1_ITGB1	LAMININ	3	GSE154778,GSE155698,GSE212966	0.0001261211062044	0.0
from_endothelial	endothelial	endothelial	LAMA4	ITGA1_ITGB1	LAMININ	3	GSE154778,GSE155698,GSE212966	0.0001261211062044	0.0
from_endothelial	endothelial	malignant_epithelial	COL4A1	ITGA1_ITGB1	COLLAGEN	3	GSE154778,GSE155698,GSE212966	0.0001261020720067	0.0
to_endothelial	endothelial	endothelial	COL6A2	ITGA1_ITGB1	COLLAGEN	3	GSE154778,GSE155698,GSE212966	0.0001255981016643	0.0
from_endothelial	endothelial	endothelial	COL6A2	ITGA1_ITGB1	COLLAGEN	3	GSE154778,GSE155698,GSE212966	0.0001255981016643	0.0
from_endothelial	endothelial	myeloid	LAMA5	CD44	LAMININ	3	GSE154778,GSE155698,GSE212966	0.0001245552974673	0.0
from_endothelial	endothelial	malignant_epithelial	COL6A2	ITGA3_ITGB1	COLLAGEN	3	GSE154778,GSE155698,GSE212966	0.000124394519583	0.0
to_endothelial	myeloid	endothelial	VEGFA	FLT1	VEGF	3	GSE154778,GSE155698,GSE212966	0.0001242453695241	0.0
to_endothelial	fibroblast_CAF	endothelial	VEGFB	FLT1	VEGF	3	GSE154778,GSE155698,GSE212966	0.0001240706065315	0.0
from_endothelial	endothelial	T_NK	LAMA5	CD44	LAMININ	3	GSE154778,GSE155698,GSE212966	0.0001220510968155	0.0
from_endothelial	endothelial	CD8	HLA-F	CD8A	MHC-I	3	GSE154778,GSE155698,GSE212966	0.000121088349046	0.0
from_endothelial	endothelial	malignant_epithelial	LAMC1	ITGA3_ITGB1	LAMININ	3	GSE154778,GSE155698,GSE212966	0.0001200624937829	0.0
to_endothelial	malignant_epithelial	endothelial	LAMB3	ITGA6_ITGB4	LAMININ	3	GSE154778,GSE155698,GSE212966	0.000119946764526	0.0
to_endothelial	myeloid	endothelial	ADM	CALCRL	CALCR	3	GSE154778,GSE155698,GSE212966	0.000119427470842	0.0
from_endothelial	endothelial	mast	LAMB2	CD44	LAMININ	3	GSE154778,GSE155698,GSE212966	0.0001190959181547	0.0
from_endothelial	endothelial	CD8	LAMB2	CD44	LAMININ	3	GSE154778,GSE155698,GSE212966	0.0001187029573535	0.0
to_endothelial	malignant_epithelial	endothelial	NAMPT	ITGA5_ITGB1	VISFATIN	3	GSE154778,GSE155698,GSE212966	0.0001185052964686	0.0
from_endothelial	endothelial	malignant_epithelial	JAM2	ITGA3_ITGB1	JAM	3	GSE154778,GSE155698,GSE212966	0.0001183194447284	0.0
to_endothelial	endothelial	endothelial	LAMB2	ITGA6_ITGB1	LAMININ	3	GSE154778,GSE155698,GSE212966	0.0001180909800598	0.0
from_endothelial	endothelial	endothelial	LAMB2	ITGA6_ITGB1	LAMININ	3	GSE154778,GSE155698,GSE212966	0.0001180909800598	0.0
to_endothelial	mast	endothelial	CD99	CD99	CD99	3	GSE154778,GSE155698,GSE212966	0.0001175800415382	0.0
from_endothelial	endothelial	mast	CD99	CD99	CD99	3	GSE154778,GSE155698,GSE212966	0.0001175800415382	0.0
from_endothelial	endothelial	myeloid	LAMB2	CD44	LAMININ	3	GSE154778,GSE155698,GSE212966	0.0001167601420515	0.0
from_endothelial	endothelial	malignant_epithelial	HSPG2	DAG1	HSPG	3	GSE154778,GSE155698,GSE212966	0.0001167427051217	0.0
from_endothelial	endothelial	malignant_epithelial	COL4A2	ITGAV_ITGB8	COLLAGEN	3	GSE154778,GSE155698,GSE212966	0.0001166857175462	0.0
to_endothelial	myeloid	endothelial	VEGFA	FLT1_KDR	VEGF	3	GSE154778,GSE155698,GSE212966	0.0001166183002997	0.0
from_endothelial	endothelial	epithelial	LAMA4	ITGA6_ITGB4	LAMININ	3	GSE154778,GSE155698,GSE212966	0.0001165290912397	0.0
to_endothelial	myeloid	endothelial	FN1	ITGAV_ITGB1	FN1	3	GSE154778,GSE155698,GSE212966	0.0001158475694209	0.0
to_endothelial	fibroblast_CAF	endothelial	COL4A2	ITGA9_ITGB1	COLLAGEN	3	GSE154778,GSE155698,GSE212966	0.0001151780047945	0.0
to_endothelial	fibroblast_CAF	endothelial	MIF	ACKR3	MIF	3	GSE154778,GSE155698,GSE212966	0.0001137330601742	0.0
to_endothelial	malignant_epithelial	endothelial	LAMA3	ITGA6_ITGB1	LAMININ	3	GSE154778,GSE155698,GSE212966	0.000112753141712	0.0
to_endothelial	malignant_epithelial	endothelial	NAMPT	INSR	VISFATIN	3	GSE154778,GSE155698,GSE212966	0.0001125758632578	0.0
from_endothelial	endothelial	malignant_epithelial	COL4A2	ITGA1_ITGB1	COLLAGEN	3	GSE154778,GSE155698,GSE212966	0.0001125718885233	0.0
to_endothelial	malignant_epithelial	endothelial	LAMB3	ITGA2_ITGB1	LAMININ	3	GSE154778,GSE155698,GSE212966	0.0001125715131655	0.0
from_endothelial	endothelial	fibroblast_CAF	NAMPT	ITGA5_ITGB1	VISFATIN	3	GSE154778,GSE155698,GSE212966	0.00011232904282	0.0
to_endothelial	epithelial	endothelial	VEGFA	KDR	VEGF	3	GSE154778,GSE155698,GSE212966	0.0001123032215838	0.0
to_endothelial	fibroblast_CAF	endothelial	LAMA4	ITGA1_ITGB1	LAMININ	3	GSE154778,GSE155698,GSE212966	0.0001122665829292	0.0
to_endothelial	malignant_epithelial	endothelial	VEGFA	FLT1	VEGF	3	GSE154778,GSE155698,GSE212966	0.0001113340340928	0.0
from_endothelial	endothelial	CD8	COL4A1	ITGA1_ITGB1	COLLAGEN	3	GSE154778,GSE155698,GSE212966	0.0001112334773019	0.0
to_endothelial	fibroblast_CAF	endothelial	THBS1	ITGA3_ITGB1	THBS	3	GSE154778,GSE155698,GSE212966	0.0001104320927598	0.0
from_endothelial	endothelial	CD8	CXCL12	CXCR4	CXCL	3	GSE154778,GSE155698,GSE212966	0.0001095016963095	0.0
to_endothelial	endothelial	endothelial	LAMB1	ITGA9_ITGB1	LAMININ	3	GSE154778,GSE155698,GSE212966	0.0001090335565383	0.0
from_endothelial	endothelial	endothelial	LAMB1	ITGA9_ITGB1	LAMININ	3	GSE154778,GSE155698,GSE212966	0.0001090335565383	0.0
from_endothelial	endothelial	T_NK	LAMB2	CD44	LAMININ	3	GSE154778,GSE155698,GSE212966	0.0001085328351757	0.0
to_endothelial	mast	endothelial	VEGFA	FLT1	VEGF	3	GSE154778,GSE155698,GSE212966	0.0001074540053498	0.0
from_endothelial	endothelial	malignant_epithelial	LAMA4	ITGA6_ITGB4	LAMININ	3	GSE154778,GSE155698,GSE212966	0.0001069450942354	0.0
to_endothelial	fibroblast_CAF	endothelial	LAMB1	ITGA6_ITGB4	LAMININ	3	GSE154778,GSE155698,GSE212966	0.0001065942916996	0.0
to_endothelial	malignant_epithelial	endothelial	VEGFA	FLT1_KDR	VEGF	3	GSE154778,GSE155698,GSE212966	0.0001061254849516	0.0
to_endothelial	B_cell	endothelial	SPP1	ITGA5_ITGB1	SPP1	3	GSE154778,GSE155698,GSE212966	0.0001047270617936	0.0
to_endothelial	epithelial	endothelial	LAMB3	ITGA9_ITGB1	LAMININ	3	GSE154778,GSE155698,GSE212966	0.000104243127545	0.0
from_endothelial	endothelial	epithelial	LAMC1	ITGA6_ITGB4	LAMININ	3	GSE154778,GSE155698,GSE212966	0.0001039657013298	0.0
to_endothelial	T_NK	endothelial	NAMPT	INSR	VISFATIN	3	GSE154778,GSE155698,GSE212966	0.0001012333435575	0.0
from_endothelial	endothelial	T_NK	CXCL12	CXCR4	CXCL	3	GSE154778,GSE155698,GSE212966	0.0001010196693641	0.0
to_endothelial	fibroblast_CAF	endothelial	LAMB2	ITGA1_ITGB1	LAMININ	3	GSE154778,GSE155698,GSE212966	0.0001008296866307	0.0
from_endothelial	endothelial	CD8	COL4A2	ITGA1_ITGB1	COLLAGEN	3	GSE154778,GSE155698,GSE212966	0.0001002584994423	0.0
to_endothelial	fibroblast_CAF	endothelial	COL4A1	ITGA9_ITGB1	COLLAGEN	3	GSE154778,GSE155698,GSE212966	0.0001001373015317	0.0
from_endothelial	endothelial	fibroblast_CAF	LAMA5	ITGA1_ITGB1	LAMININ	3	GSE154778,GSE155698,GSE212966	0.0001000797102952	0.0
to_endothelial	mast	endothelial	VEGFA	FLT1_KDR	VEGF	3	GSE154778,GSE155698,GSE212966	9.99998999427799e-05	0.0
to_endothelial	epithelial	endothelial	MIF	ACKR3	MIF	3	GSE154778,GSE155698,GSE212966	9.98070630029252e-05	0.0
to_endothelial	endothelial	endothelial	LAMC1	ITGA6_ITGB4	LAMININ	3	GSE154778,GSE155698,GSE212966	9.80801909595619e-05	0.0
from_endothelial	endothelial	endothelial	LAMC1	ITGA6_ITGB4	LAMININ	3	GSE154778,GSE155698,GSE212966	9.80801909595619e-05	0.0
to_endothelial	fibroblast_CAF	endothelial	COL4A2	ITGA3_ITGB1	COLLAGEN	3	GSE154778,GSE155698,GSE212966	9.79555292118295e-05	0.0
to_endothelial	fibroblast_CAF	endothelial	LAMB1	ITGA2_ITGB1	LAMININ	3	GSE154778,GSE155698,GSE212966	9.77798547485018e-05	0.0
from_endothelial	endothelial	malignant_epithelial	LAMC1	ITGA6_ITGB4	LAMININ	3	GSE154778,GSE155698,GSE212966	9.65930929354948e-05	0.0
to_endothelial	endothelial	endothelial	LAMA4	ITGA6_ITGB4	LAMININ	3	GSE154778,GSE155698,GSE212966	9.6347398223876e-05	0.0
from_endothelial	endothelial	endothelial	LAMA4	ITGA6_ITGB4	LAMININ	3	GSE154778,GSE155698,GSE212966	9.6347398223876e-05	0.0
to_endothelial	fibroblast_CAF	endothelial	LAMC1	ITGA1_ITGB1	LAMININ	3	GSE154778,GSE155698,GSE212966	9.63112751651961e-05	0.0
from_endothelial	endothelial	B_cell	LAMA5	CD44	LAMININ	3	GSE154778,GSE155698,GSE212966	9.56931877479902e-05	0.0
from_endothelial	endothelial	epithelial	JAM2	ITGAV_ITGB1	JAM	3	GSE154778,GSE155698,GSE212966	9.55909647829219e-05	0.0
from_endothelial	endothelial	epithelial	LAMA5	CD44	LAMININ	3	GSE154778,GSE155698,GSE212966	9.49976301570478e-05	0.0
to_endothelial	fibroblast_CAF	endothelial	COL4A2	ITGA10_ITGB1	COLLAGEN	3	GSE154778,GSE155698,GSE212966	9.46712280151131e-05	0.0
to_endothelial	B_cell	endothelial	ITGB2	ICAM2	ITGB2	3	GSE154778,GSE155698,GSE212966	9.45333524969536e-05	0.0
to_endothelial	malignant_epithelial	endothelial	LAMC2	ITGA6_ITGB4	LAMININ	3	GSE154778,GSE155698,GSE212966	9.43730389447222e-05	0.0
to_endothelial	endothelial	endothelial	JAM2	ITGAV_ITGB1	JAM	3	GSE154778,GSE155698,GSE212966	9.42489026557642e-05	0.0
from_endothelial	endothelial	endothelial	JAM2	ITGAV_ITGB1	JAM	3	GSE154778,GSE155698,GSE212966	9.42489026557642e-05	0.0
from_endothelial	endothelial	myeloid	HLA-DRB1	CD4	MHC-II	3	GSE154778,GSE155698,GSE212966	9.33781937440572e-05	0.0
from_endothelial	endothelial	fibroblast_CAF	LAMB2	ITGA1_ITGB1	LAMININ	3	GSE154778,GSE155698,GSE212966	9.26092954318857e-05	0.0
to_endothelial	epithelial	endothelial	LAMC2	ITGA6_ITGB4	LAMININ	3	GSE154778,GSE155698,GSE212966	9.24210091152027e-05	0.0
from_endothelial	endothelial	malignant_epithelial	LAMA5	ITGA2_ITGB1	LAMININ	3	GSE154778,GSE155698,GSE212966	9.137420357577e-05	0.0
from_endothelial	endothelial	malignant_epithelial	LAMA5	ITGA6_ITGB1	LAMININ	3	GSE154778,GSE155698,GSE212966	9.09857183971389e-05	0.0
to_endothelial	malignant_epithelial	endothelial	MIF	ACKR3	MIF	3	GSE154778,GSE155698,GSE212966	9.08986368577296e-05	0.0
from_endothelial	endothelial	myeloid	LGALS9	PTPRC	GALECTIN	3	GSE154778,GSE155698,GSE212966	9.07694351179268e-05	0.0
to_endothelial	myeloid	endothelial	VEGFA	KDR	VEGF	3	GSE154778,GSE155698,GSE212966	8.98671498559e-05	0.0
from_endothelial	endothelial	myeloid	ICAM1	ITGAX_ITGB2	ICAM	3	GSE154778,GSE155698,GSE212966	8.98377678014996e-05	0.0
to_endothelial	malignant_epithelial	endothelial	LAMB3	ITGA9_ITGB1	LAMININ	3	GSE154778,GSE155698,GSE212966	8.96475493322188e-05	0.0
from_endothelial	endothelial	T_NK	FN1	ITGA4_ITGB1	FN1	3	GSE154778,GSE155698,GSE212966	8.96459383645965e-05	0.0
to_endothelial	endothelial	endothelial	LAMC1	ITGA2_ITGB1	LAMININ	3	GSE154778,GSE155698,GSE212966	8.95938985401791e-05	0.0
from_endothelial	endothelial	endothelial	LAMC1	ITGA2_ITGB1	LAMININ	3	GSE154778,GSE155698,GSE212966	8.95938985401791e-05	0.0
from_endothelial	endothelial	epithelial	LAMA5	ITGA3_ITGB1	LAMININ	3	GSE154778,GSE155698,GSE212966	8.90903225033286e-05	0.0
to_endothelial	endothelial	endothelial	LAMB1	ITGA3_ITGB1	LAMININ	3	GSE154778,GSE155698,GSE212966	8.90516876014042e-05	0.0
from_endothelial	endothelial	endothelial	LAMB1	ITGA3_ITGB1	LAMININ	3	GSE154778,GSE155698,GSE212966	8.90516876014042e-05	0.0
to_endothelial	endothelial	endothelial	COL6A2	ITGA2_ITGB1	COLLAGEN	3	GSE154778,GSE155698,GSE212966	8.90210451290894e-05	0.0
from_endothelial	endothelial	endothelial	COL6A2	ITGA2_ITGB1	COLLAGEN	3	GSE154778,GSE155698,GSE212966	8.90210451290894e-05	0.0
to_endothelial	endothelial	endothelial	PTPRM	PTPRM	PTPRM	3	GSE154778,GSE155698,GSE212966	8.87827575692604e-05	0.0
from_endothelial	endothelial	endothelial	PTPRM	PTPRM	PTPRM	3	GSE154778,GSE155698,GSE212966	8.87827575692604e-05	0.0
from_endothelial	endothelial	malignant_epithelial	LAMA5	CD44	LAMININ	3	GSE154778,GSE155698,GSE212966	8.87291575947623e-05	0.0
to_endothelial	endothelial	endothelial	LAMA4	ITGA2_ITGB1	LAMININ	3	GSE154778,GSE155698,GSE212966	8.85425914515954e-05	0.0
from_endothelial	endothelial	endothelial	LAMA4	ITGA2_ITGB1	LAMININ	3	GSE154778,GSE155698,GSE212966	8.85425914515954e-05	0.0
from_endothelial	endothelial	epithelial	FN1	SDC1	FN1	3	GSE154778,GSE155698,GSE212966	8.84167633426787e-05	0.0
to_endothelial	malignant_epithelial	endothelial	LAMC2	ITGA2_ITGB1	LAMININ	3	GSE154778,GSE155698,GSE212966	8.8160024600063e-05	0.0
from_endothelial	endothelial	epithelial	LAMA5	ITGA6_ITGB1	LAMININ	3	GSE154778,GSE155698,GSE212966	8.80733024641048e-05	0.0
from_endothelial	endothelial	epithelial	LAMB2	CD44	LAMININ	3	GSE154778,GSE155698,GSE212966	8.80130222744886e-05	0.0
from_endothelial	endothelial	B_cell	LAMB2	CD44	LAMININ	3	GSE154778,GSE155698,GSE212966	8.79159985576858e-05	0.0
from_endothelial	endothelial	epithelial	LAMA5	ITGA2_ITGB1	LAMININ	3	GSE154778,GSE155698,GSE212966	8.76903373779093e-05	0.0
to_endothelial	epithelial	endothelial	LAMB3	ITGA3_ITGB1	LAMININ	3	GSE154778,GSE155698,GSE212966	8.7628252027651e-05	0.0
to_endothelial	epithelial	endothelial	CD46	JAG1	CD46	3	GSE154778,GSE155698,GSE212966	8.74196340618832e-05	0.0
to_endothelial	epithelial	endothelial	LAMC2	ITGA2_ITGB1	LAMININ	3	GSE154778,GSE155698,GSE212966	8.70306005911145e-05	0.0
from_endothelial	endothelial	malignant_epithelial	JAM2	ITGAV_ITGB1	JAM	3	GSE154778,GSE155698,GSE212966	8.64294402749289e-05	0.0
to_endothelial	epithelial	endothelial	CDH1	ITGA2_ITGB1	CDH1	3	GSE154778,GSE155698,GSE212966	8.55380046168586e-05	0.0
to_endothelial	fibroblast_CAF	endothelial	COL4A1	ITGA3_ITGB1	COLLAGEN	3	GSE154778,GSE155698,GSE212966	8.52381697226544e-05	0.0
from_endothelial	endothelial	malignant_epithelial	FN1	SDC1	FN1	3	GSE154778,GSE155698,GSE212966	8.46025899142526e-05	0.0
from_endothelial	endothelial	epithelial	FN1	ITGAV_ITGB6	FN1	3	GSE154778,GSE155698,GSE212966	8.39517617730238e-05	0.0
to_endothelial	malignant_epithelial	endothelial	VEGFA	KDR	VEGF	3	GSE154778,GSE155698,GSE212966	8.38990820532411e-05	0.0
to_endothelial	malignant_epithelial	endothelial	CDH1	ITGA2_ITGB1	CDH1	3	GSE154778,GSE155698,GSE212966	8.35365607229146e-05	0.0
from_endothelial	endothelial	mast	LGALS9	CD44	GALECTIN	3	GSE154778,GSE155698,GSE212966	8.34823362745594e-05	0.0
from_endothelial	endothelial	malignant_epithelial	LAMB2	ITGA2_ITGB1	LAMININ	3	GSE154778,GSE155698,GSE212966	8.33929595447177e-05	0.0
to_endothelial	endothelial	endothelial	LAMA5	ITGA1_ITGB1	LAMININ	3	GSE154778,GSE155698,GSE212966	8.33625964402591e-05	0.0
from_endothelial	endothelial	endothelial	LAMA5	ITGA1_ITGB1	LAMININ	3	GSE154778,GSE155698,GSE212966	8.33625964402591e-05	0.0
from_endothelial	endothelial	epithelial	TNXB	SDC4	TENASCIN	3	GSE154778,GSE155698,GSE212966	8.33173849253927e-05	0.0
from_endothelial	endothelial	malignant_epithelial	LAMB2	ITGA6_ITGB1	LAMININ	3	GSE154778,GSE155698,GSE212966	8.32111091630089e-05	0.0
to_endothelial	T_NK	endothelial	ITGB2	ICAM2	ITGB2	3	GSE154778,GSE155698,GSE212966	8.30145762090759e-05	0.0
from_endothelial	endothelial	CD8	LGALS9	CD44	GALECTIN	3	GSE154778,GSE155698,GSE212966	8.29976215222939e-05	0.0
to_endothelial	epithelial	endothelial	LAMA3	ITGA1_ITGB1	LAMININ	3	GSE154778,GSE155698,GSE212966	8.29871584207256e-05	0.0
from_endothelial	endothelial	epithelial	LAMB2	ITGA3_ITGB1	LAMININ	3	GSE154778,GSE155698,GSE212966	8.29739883982255e-05	0.0
from_endothelial	endothelial	myeloid	ICAM1	ITGAM_ITGB2	ICAM	3	GSE154778,GSE155698,GSE212966	8.22848370229825e-05	0.0
from_endothelial	endothelial	fibroblast_CAF	FN1	SDC1	FN1	3	GSE154778,GSE155698,GSE212966	8.20079475339496e-05	0.0
from_endothelial	endothelial	malignant_epithelial	LAMB2	CD44	LAMININ	3	GSE154778,GSE155698,GSE212966	8.18790560227e-05	0.0
to_endothelial	fibroblast_CAF	endothelial	COL4A1	ITGA10_ITGB1	COLLAGEN	3	GSE154778,GSE155698,GSE212966	8.17163264089092e-05	0.0
from_endothelial	endothelial	myeloid	LGALS9	CD44	GALECTIN	3	GSE154778,GSE155698,GSE212966	8.16180508565035e-05	0.0
from_endothelial	endothelial	epithelial	LAMB2	ITGA6_ITGB1	LAMININ	3	GSE154778,GSE155698,GSE212966	8.13169440265083e-05	0.0
to_endothelial	T_NK	endothelial	GZMA	F2RL3	PARs	3	GSE154778,GSE155698,GSE212966	8.10096281276906e-05	0.0
to_endothelial	mast	endothelial	NAMPT	INSR	VISFATIN	3	GSE154778,GSE155698,GSE212966	8.06253886780198e-05	0.0
to_endothelial	malignant_epithelial	endothelial	CD46	JAG1	CD46	3	GSE154778,GSE155698,GSE212966	8.05177765312393e-05	0.0
from_endothelial	endothelial	epithelial	LAMB2	ITGA2_ITGB1	LAMININ	3	GSE154778,GSE155698,GSE212966	8.03364676064273e-05	0.0
to_endothelial	fibroblast_CAF	endothelial	LAMB1	ITGA9_ITGB1	LAMININ	3	GSE154778,GSE155698,GSE212966	7.94905139282783e-05	0.0
to_endothelial	endothelial	endothelial	HSPG2	DAG1	HSPG	3	GSE154778,GSE155698,GSE212966	7.92056183162043e-05	0.0
from_endothelial	endothelial	endothelial	HSPG2	DAG1	HSPG	3	GSE154778,GSE155698,GSE212966	7.92056183162043e-05	0.0
from_endothelial	endothelial	fibroblast_CAF	LAMB1	CD44	LAMININ	3	GSE154778,GSE155698,GSE212966	7.91174656988333e-05	0.0
to_endothelial	fibroblast_CAF	endothelial	LAMA4	ITGA6_ITGB4	LAMININ	3	GSE154778,GSE155698,GSE212966	7.85816750446731e-05	0.0
from_endothelial	endothelial	malignant_epithelial	LAMA5	ITGA3_ITGB1	LAMININ	3	GSE154778,GSE155698,GSE212966	7.83431697930813e-05	0.0
from_endothelial	endothelial	B_cell	LGALS9	PTPRC	GALECTIN	3	GSE154778,GSE155698,GSE212966	7.7940778801639e-05	0.0
to_endothelial	fibroblast_CAF	endothelial	LAMA2	ITGA6_ITGB1	LAMININ	3	GSE154778,GSE155698,GSE212966	7.78905485937437e-05	0.0
from_endothelial	endothelial	T_NK	CLEC2B	KLRB1	CLEC	3	GSE154778,GSE155698,GSE212966	7.71598810098305e-05	0.0
from_endothelial	endothelial	CD8	HLA-F	CD8B	MHC-I	3	GSE154778,GSE155698,GSE212966	7.71225805547846e-05	0.0
to_endothelial	myeloid	endothelial	SPP1	ITGA8_ITGB1	SPP1	3	GSE154778,GSE155698,GSE212966	7.60535032824465e-05	0.0
to_endothelial	malignant_epithelial	endothelial	F11R	JAM2	JAM	3	GSE154778,GSE155698,GSE212966	7.58880629031381e-05	0.0
from_endothelial	endothelial	malignant_epithelial	JAM2	F11R	JAM	3	GSE154778,GSE155698,GSE212966	7.58880629031381e-05	0.0
to_endothelial	epithelial	endothelial	F11R	JAM2	JAM	3	GSE154778,GSE155698,GSE212966	7.57953954167536e-05	0.0
from_endothelial	endothelial	epithelial	JAM2	F11R	JAM	3	GSE154778,GSE155698,GSE212966	7.57953954167536e-05	0.0
to_endothelial	mast	endothelial	VEGFA	KDR	VEGF	3	GSE154778,GSE155698,GSE212966	7.5627058322145e-05	0.0
to_endothelial	malignant_epithelial	endothelial	LAMB3	ITGA3_ITGB1	LAMININ	3	GSE154778,GSE155698,GSE212966	7.5301247366857e-05	0.0
from_endothelial	endothelial	myeloid	COL4A1	SDC4	COLLAGEN	3	GSE154778,GSE155698,GSE212966	7.49348615888526e-05	0.0
from_endothelial	endothelial	CD8	FN1	ITGA4_ITGB1	FN1	3	GSE154778,GSE155698,GSE212966	7.47199735547469e-05	0.0
to_endothelial	CD8	endothelial	ITGB2	ICAM2	ITGB2	3	GSE154778,GSE155698,GSE212966	7.46127962312914e-05	0.0
to_endothelial	endothelial	endothelial	JAM2	JAM2	JAM	3	GSE154778,GSE155698,GSE212966	7.46069940211757e-05	0.0
from_endothelial	endothelial	endothelial	JAM2	JAM2	JAM	3	GSE154778,GSE155698,GSE212966	7.46069940211757e-05	0.0
to_endothelial	fibroblast_CAF	endothelial	LAMA4	ITGA2_ITGB1	LAMININ	3	GSE154778,GSE155698,GSE212966	7.36753361018417e-05	0.0
to_endothelial	endothelial	endothelial	JAG1	NOTCH4	NOTCH	3	GSE154778,GSE155698,GSE212966	7.35551822723498e-05	0.0
from_endothelial	endothelial	endothelial	JAG1	NOTCH4	NOTCH	3	GSE154778,GSE155698,GSE212966	7.35551822723498e-05	0.0
to_endothelial	endothelial	endothelial	LAMC1	ITGA9_ITGB1	LAMININ	3	GSE154778,GSE155698,GSE212966	7.33120988839301e-05	0.0
from_endothelial	endothelial	endothelial	LAMC1	ITGA9_ITGB1	LAMININ	3	GSE154778,GSE155698,GSE212966	7.33120988839301e-05	0.0
from_endothelial	endothelial	epithelial	COL6A2	SDC1	COLLAGEN	3	GSE154778,GSE155698,GSE212966	7.31881400683981e-05	0.0
from_endothelial	endothelial	fibroblast_CAF	SPP1	ITGAV_ITGB1	SPP1	3	GSE154778,GSE155698,GSE212966	7.31770138036296e-05	0.0
to_endothelial	fibroblast_CAF	endothelial	NAMPT	ITGA5_ITGB1	VISFATIN	3	GSE154778,GSE155698,GSE212966	7.29638521301568e-05	0.0
from_endothelial	endothelial	malignant_epithelial	LAMB2	ITGA3_ITGB1	LAMININ	3	GSE154778,GSE155698,GSE212966	7.25928818219778e-05	0.0
to_endothelial	endothelial	endothelial	LAMB2	ITGA1_ITGB1	LAMININ	3	GSE154778,GSE155698,GSE212966	7.23920479093067e-05	0.0
from_endothelial	endothelial	endothelial	LAMB2	ITGA1_ITGB1	LAMININ	3	GSE154778,GSE155698,GSE212966	7.23920479093067e-05	0.0
to_endothelial	endothelial	endothelial	COL6A2	ITGA9_ITGB1	COLLAGEN	3	GSE154778,GSE155698,GSE212966	7.23670397600547e-05	0.0
from_endothelial	endothelial	endothelial	COL6A2	ITGA9_ITGB1	COLLAGEN	3	GSE154778,GSE155698,GSE212966	7.23670397600547e-05	0.0
from_endothelial	endothelial	myeloid	HLA-DRA	CD4	MHC-II	3	GSE154778,GSE155698,GSE212966	7.21522020211512e-05	0.0
to_endothelial	endothelial	endothelial	LAMA4	ITGA9_ITGB1	LAMININ	3	GSE154778,GSE155698,GSE212966	7.20411263278664e-05	0.0
from_endothelial	endothelial	endothelial	LAMA4	ITGA9_ITGB1	LAMININ	3	GSE154778,GSE155698,GSE212966	7.20411263278664e-05	0.0
from_endothelial	endothelial	fibroblast_CAF	COL6A2	SDC1	COLLAGEN	3	GSE154778,GSE155698,GSE212966	7.12762533560252e-05	0.0
from_endothelial	endothelial	malignant_epithelial	TNXB	SDC4	TENASCIN	3	GSE154778,GSE155698,GSE212966	7.10867237446068e-05	0.0
to_endothelial	epithelial	endothelial	GDF15	TGFBR2	GDF	3	GSE154778,GSE155698,GSE212966	7.08072617121743e-05	0.0
to_endothelial	malignant_epithelial	endothelial	LAMC2	ITGA9_ITGB1	LAMININ	3	GSE154778,GSE155698,GSE212966	7.04428792957731e-05	0.0
to_endothelial	malignant_epithelial	endothelial	LAMA3	ITGA1_ITGB1	LAMININ	3	GSE154778,GSE155698,GSE212966	7.04111788964474e-05	0.0
to_endothelial	epithelial	endothelial	COL1A1	ITGA9_ITGB1	COLLAGEN	3	GSE154778,GSE155698,GSE212966	7.00286623343604e-05	0.0
to_endothelial	fibroblast_CAF	endothelial	LAMB2	ITGA6_ITGB4	LAMININ	3	GSE154778,GSE155698,GSE212966	6.99626200905497e-05	0.0
from_endothelial	endothelial	fibroblast_CAF	LAMA4	CD44	LAMININ	3	GSE154778,GSE155698,GSE212966	6.99194587836518e-05	0.0
from_endothelial	endothelial	malignant_epithelial	COL6A2	SDC1	COLLAGEN	3	GSE154778,GSE155698,GSE212966	6.96877063100362e-05	0.0
to_endothelial	fibroblast_CAF	endothelial	NAMPT	INSR	VISFATIN	3	GSE154778,GSE155698,GSE212966	6.9682382520321e-05	0.0
to_endothelial	epithelial	endothelial	LAMC2	ITGA9_ITGB1	LAMININ	3	GSE154778,GSE155698,GSE212966	6.90110383364757e-05	0.0
to_endothelial	endothelial	endothelial	JAG2	NOTCH4	NOTCH	3	GSE154778,GSE155698,GSE212966	6.87138945808811e-05	0.0
from_endothelial	endothelial	endothelial	JAG2	NOTCH4	NOTCH	3	GSE154778,GSE155698,GSE212966	6.87138945808811e-05	0.0
from_endothelial	endothelial	B_cell	CXCL12	CXCR4	CXCL	3	GSE154778,GSE155698,GSE212966	6.84378287556903e-05	0.0
from_endothelial	endothelial	epithelial	LAMB1	ITGAV_ITGB8	LAMININ	3	GSE154778,GSE155698,GSE212966	6.78093366659443e-05	0.0
from_endothelial	endothelial	epithelial	LAMA5	ITGA6_ITGB4	LAMININ	3	GSE154778,GSE155698,GSE212966	6.74943290468226e-05	0.0
from_endothelial	endothelial	epithelial	THBS1	SDC4	THBS	3	GSE154778,GSE155698,GSE212966	6.71738773659579e-05	0.0
from_endothelial	endothelial	fibroblast_CAF	MDK	LRP1	MK	3	GSE154778,GSE155698,GSE212966	6.70361723562505e-05	0.0
from_endothelial	endothelial	epithelial	COL4A1	ITGA1_ITGB1	COLLAGEN	3	GSE154778,GSE155698,GSE212966	6.69171165649243e-05	0.0
from_endothelial	endothelial	myeloid	COL4A2	SDC4	COLLAGEN	3	GSE154778,GSE155698,GSE212966	6.66181820195031e-05	0.0
to_endothelial	T_NK	endothelial	GZMA	F2R	PARs	3	GSE154778,GSE155698,GSE212966	6.64284867357736e-05	0.0
to_endothelial	fibroblast_CAF	endothelial	LAMC1	ITGA6_ITGB4	LAMININ	3	GSE154778,GSE155698,GSE212966	6.62834150046119e-05	0.0
from_endothelial	endothelial	mast	SPP1	CD44	SPP1	3	GSE154778,GSE155698,GSE212966	6.59502439507895e-05	0.0
to_endothelial	fibroblast_CAF	endothelial	LAMB2	ITGA2_ITGB1	LAMININ	3	GSE154778,GSE155698,GSE212966	6.59247548692335e-05	0.0
to_endothelial	epithelial	endothelial	SPP1	ITGA5_ITGB1	SPP1	3	GSE154778,GSE155698,GSE212966	6.58502717958562e-05	0.0
to_endothelial	endothelial	endothelial	CD34	SELP	CD34	3	GSE154778,GSE155698,GSE212966	6.58043589754395e-05	0.0
from_endothelial	endothelial	endothelial	CD34	SELP	CD34	3	GSE154778,GSE155698,GSE212966	6.58043589754395e-05	0.0
to_endothelial	fibroblast_CAF	endothelial	LAMB1	ITGA3_ITGB1	LAMININ	3	GSE154778,GSE155698,GSE212966	6.56035452664893e-05	0.0
to_endothelial	endothelial	endothelial	COL6A2	ITGA10_ITGB1	COLLAGEN	3	GSE154778,GSE155698,GSE212966	6.55873160351582e-05	0.0
from_endothelial	endothelial	endothelial	COL6A2	ITGA10_ITGB1	COLLAGEN	3	GSE154778,GSE155698,GSE212966	6.55873160351582e-05	0.0
to_endothelial	malignant_epithelial	endothelial	COL1A1	ITGA9_ITGB1	COLLAGEN	3	GSE154778,GSE155698,GSE212966	6.53640324510237e-05	0.0
from_endothelial	endothelial	CD8	SPP1	CD44	SPP1	3	GSE154778,GSE155698,GSE212966	6.48143426523272e-05	0.0
to_endothelial	endothelial	endothelial	LAMA5	ITGA6_ITGB4	LAMININ	3	GSE154778,GSE155698,GSE212966	6.45187382637054e-05	0.0
from_endothelial	endothelial	endothelial	LAMA5	ITGA6_ITGB4	LAMININ	3	GSE154778,GSE155698,GSE212966	6.45187382637054e-05	0.0
from_endothelial	endothelial	fibroblast_CAF	COL6A1	ITGA1_ITGB1	COLLAGEN	3	GSE154778,GSE155698,GSE212966	6.39575038351313e-05	0.0
to_endothelial	myeloid	endothelial	MIF	ACKR3	MIF	3	GSE154778,GSE155698,GSE212966	6.36160460052435e-05	0.0
from_endothelial	endothelial	malignant_epithelial	LAMA5	ITGA6_ITGB4	LAMININ	3	GSE154778,GSE155698,GSE212966	6.28507859817309e-05	0.0
to_endothelial	fibroblast_CAF	endothelial	LAMC1	ITGA2_ITGB1	LAMININ	3	GSE154778,GSE155698,GSE212966	6.26744085773452e-05	0.0
from_endothelial	endothelial	epithelial	LAMB2	ITGA6_ITGB4	LAMININ	3	GSE154778,GSE155698,GSE212966	6.19705254328587e-05	0.0
to_endothelial	myeloid	endothelial	VEGFB	FLT1	VEGF	3	GSE154778,GSE155698,GSE212966	6.14822641253514e-05	0.0
from_endothelial	endothelial	B_cell	LGALS9	CD44	GALECTIN	3	GSE154778,GSE155698,GSE212966	6.13465582025863e-05	0.0
to_endothelial	epithelial	endothelial	LAMA3	ITGA6_ITGB4	LAMININ	3	GSE154778,GSE155698,GSE212966	6.13376356490692e-05	0.0
to_endothelial	endothelial	endothelial	SPP1	ITGA5_ITGB1	SPP1	3	GSE154778,GSE155698,GSE212966	6.09678608473169e-05	0.0
from_endothelial	endothelial	endothelial	SPP1	ITGA5_ITGB1	SPP1	3	GSE154778,GSE155698,GSE212966	6.09678608473169e-05	0.0
to_endothelial	endothelial	endothelial	MDK	ITGA6_ITGB1	MK	3	GSE154778,GSE155698,GSE212966	6.04938578138264e-05	0.0
from_endothelial	endothelial	endothelial	MDK	ITGA6_ITGB1	MK	3	GSE154778,GSE155698,GSE212966	6.04938578138264e-05	0.0
to_endothelial	B_cell	endothelial	SPP1	ITGAV_ITGB1	SPP1	3	GSE154778,GSE155698,GSE212966	6.01669811903001e-05	0.0
to_endothelial	epithelial	endothelial	LAMA5	ITGA6_ITGB1	LAMININ	3	GSE154778,GSE155698,GSE212966	6.01279700904687e-05	0.0
from_endothelial	endothelial	epithelial	COL4A2	ITGA1_ITGB1	COLLAGEN	3	GSE154778,GSE155698,GSE212966	6.01062392226712e-05	0.0
to_endothelial	endothelial	endothelial	LAMC1	ITGA3_ITGB1	LAMININ	3	GSE154778,GSE155698,GSE212966	5.99806203376095e-05	0.0
from_endothelial	endothelial	endothelial	LAMC1	ITGA3_ITGB1	LAMININ	3	GSE154778,GSE155698,GSE212966	5.99806203376095e-05	0.0
from_endothelial	endothelial	epithelial	THBS1	ITGA3_ITGB1	THBS	3	GSE154778,GSE155698,GSE212966	5.98940702385416e-05	0.0
to_endothelial	fibroblast_CAF	endothelial	ANGPTL2	ITGA5_ITGB1	ANGPTL	3	GSE154778,GSE155698,GSE212966	5.98374226147056e-05	0.0
from_endothelial	endothelial	malignant_epithelial	FN1	ITGAV_ITGB6	FN1	3	GSE154778,GSE155698,GSE212966	5.93003232026371e-05	0.0
to_endothelial	endothelial	endothelial	LAMA4	ITGA3_ITGB1	LAMININ	3	GSE154778,GSE155698,GSE212966	5.91961294550296e-05	0.0
from_endothelial	endothelial	endothelial	LAMA4	ITGA3_ITGB1	LAMININ	3	GSE154778,GSE155698,GSE212966	5.91961294550296e-05	0.0
from_endothelial	endothelial	myeloid	NAMPT	ITGA5_ITGB1	VISFATIN	3	GSE154778,GSE155698,GSE212966	5.91735880057019e-05	0.0
from_endothelial	endothelial	epithelial	LAMB1	DAG1	LAMININ	3	GSE154778,GSE155698,GSE212966	5.89905587869679e-05	0.0
to_endothelial	malignant_epithelial	endothelial	LAMC2	ITGA3_ITGB1	LAMININ	3	GSE154778,GSE155698,GSE212966	5.89370248342135e-05	0.0
to_endothelial	epithelial	endothelial	LAMC1	ITGA6_ITGB1	LAMININ	3	GSE154778,GSE155698,GSE212966	5.89263087143969e-05	0.0
to_endothelial	endothelial	endothelial	LAMA5	ITGA2_ITGB1	LAMININ	3	GSE154778,GSE155698,GSE212966	5.87387983821198e-05	0.0
from_endothelial	endothelial	endothelial	LAMA5	ITGA2_ITGB1	LAMININ	3	GSE154778,GSE155698,GSE212966	5.87387983821198e-05	0.0
from_endothelial	endothelial	T_NK	SPP1	CD44	SPP1	3	GSE154778,GSE155698,GSE212966	5.86538725816937e-05	0.0
to_endothelial	fibroblast_CAF	endothelial	LAMA4	ITGA9_ITGB1	LAMININ	3	GSE154778,GSE155698,GSE212966	5.86302728754438e-05	0.0
from_endothelial	endothelial	fibroblast_CAF	LAMC1	CD44	LAMININ	3	GSE154778,GSE155698,GSE212966	5.85898874448775e-05	0.0
from_endothelial	endothelial	malignant_epithelial	THBS1	SDC4	THBS	3	GSE154778,GSE155698,GSE212966	5.83932692273149e-05	0.0
to_endothelial	epithelial	endothelial	LAMC2	ITGA3_ITGB1	LAMININ	3	GSE154778,GSE155698,GSE212966	5.80136287791993e-05	0.0
to_endothelial	endothelial	endothelial	CD46	JAG1	CD46	3	GSE154778,GSE155698,GSE212966	5.79094561331839e-05	0.0
from_endothelial	endothelial	endothelial	CD46	JAG1	CD46	3	GSE154778,GSE155698,GSE212966	5.79094561331839e-05	0.0
from_endothelial	endothelial	malignant_epithelial	LAMB1	ITGAV_ITGB8	LAMININ	3	GSE154778,GSE155698,GSE212966	5.78380636129241e-05	0.0
from_endothelial	endothelial	epithelial	FN1	ITGAV_ITGB8	FN1	3	GSE154778,GSE155698,GSE212966	5.75959799026082e-05	0.0
from_endothelial	endothelial	malignant_epithelial	LAMB2	ITGA6_ITGB4	LAMININ	3	GSE154778,GSE155698,GSE212966	5.74383611882171e-05	0.0
to_endothelial	B_cell	endothelial	ITGB2	ICAM1	ITGB2	3	GSE154778,GSE155698,GSE212966	5.70472359398824e-05	0.0
from_endothelial	endothelial	epithelial	MDK	SDC4	MK	3	GSE154778,GSE155698,GSE212966	5.65436067873278e-05	0.0
to_endothelial	endothelial	endothelial	EFNB2	EPHB4	EPHB	3	GSE154778,GSE155698,GSE212966	5.61066300622432e-05	0.0
from_endothelial	endothelial	endothelial	EFNB2	EPHB4	EPHB	3	GSE154778,GSE155698,GSE212966	5.61066300622432e-05	0.0
to_endothelial	epithelial	endothelial	LAMA3	ITGA2_ITGB1	LAMININ	3	GSE154778,GSE155698,GSE212966	5.59918288313616e-05	0.0
from_endothelial	endothelial	malignant_epithelial	LAMB1	ITGA1_ITGB1	LAMININ	3	GSE154778,GSE155698,GSE212966	5.59603619757917e-05	0.0
to_endothelial	T_NK	endothelial	MIF	ACKR3	MIF	3	GSE154778,GSE155698,GSE212966	5.58743142344537e-05	0.0
to_endothelial	epithelial	endothelial	COL6A1	ITGA1_ITGB1	COLLAGEN	3	GSE154778,GSE155698,GSE212966	5.57061785173338e-05	0.0
to_endothelial	endothelial	endothelial	LAMB2	ITGA6_ITGB4	LAMININ	3	GSE154778,GSE155698,GSE212966	5.56516720555059e-05	0.0
from_endothelial	endothelial	endothelial	LAMB2	ITGA6_ITGB4	LAMININ	3	GSE154778,GSE155698,GSE212966	5.56516720555059e-05	0.0
from_endothelial	endothelial	CD8	LAMB1	ITGA1_ITGB1	LAMININ	3	GSE154778,GSE155698,GSE212966	5.49546528339499e-05	0.0
to_endothelial	fibroblast_CAF	endothelial	VEGFA	FLT1	VEGF	3	GSE154778,GSE155698,GSE212966	5.48636022844282e-05	0.0
from_endothelial	endothelial	fibroblast_CAF	COL6A1	ITGA11_ITGB1	COLLAGEN	3	GSE154778,GSE155698,GSE212966	5.42570394621006e-05	0.0
to_endothelial	B_cell	endothelial	MIF	ACKR3	MIF	3	GSE154778,GSE155698,GSE212966	5.31465446781356e-05	0.0
from_endothelial	endothelial	malignant_epithelial	NAMPT	INSR	VISFATIN	3	GSE154778,GSE155698,GSE212966	5.28819513605926e-05	0.0
to_endothelial	malignant_epithelial	endothelial	GDF15	TGFBR2	GDF	3	GSE154778,GSE155698,GSE212966	5.27632647578794e-05	0.0
to_endothelial	malignant_epithelial	endothelial	LAMA3	ITGA6_ITGB4	LAMININ	3	GSE154778,GSE155698,GSE212966	5.25768284257034e-05	0.0
from_endothelial	endothelial	fibroblast_CAF	HSPG2	DAG1	HSPG	3	GSE154778,GSE155698,GSE212966	5.22722043491818e-05	0.0
from_endothelial	endothelial	malignant_epithelial	THBS1	ITGA3_ITGB1	THBS	3	GSE154778,GSE155698,GSE212966	5.22398263351618e-05	0.0
to_endothelial	fibroblast_CAF	endothelial	LAMB2	ITGA9_ITGB1	LAMININ	3	GSE154778,GSE155698,GSE212966	5.22110287264943e-05	0.0
to_endothelial	mast	endothelial	CTSG	F2RL3	PARs	3	GSE154778,GSE155698,GSE212966	5.20838087392441e-05	0.0
from_endothelial	endothelial	fibroblast_CAF	COL1A1	ITGA11_ITGB1	COLLAGEN	3	GSE154778,GSE155698,GSE212966	5.19106173497018e-05	0.0
from_endothelial	endothelial	epithelial	LAMA4	ITGAV_ITGB8	LAMININ	3	GSE154778,GSE155698,GSE212966	5.18788155333333e-05	0.0
to_endothelial	fibroblast_CAF	endothelial	VEGFA	FLT1_KDR	VEGF	3	GSE154778,GSE155698,GSE212966	5.18394896358373e-05	0.0
to_endothelial	endothelial	endothelial	JAM2	ITGA3_ITGB1	JAM	3	GSE154778,GSE155698,GSE212966	5.17805646897653e-05	0.0
from_endothelial	endothelial	endothelial	JAM2	ITGA3_ITGB1	JAM	3	GSE154778,GSE155698,GSE212966	5.17805646897653e-05	0.0
to_endothelial	malignant_epithelial	endothelial	COL6A1	ITGA1_ITGB1	COLLAGEN	3	GSE154778,GSE155698,GSE212966	5.172672698063e-05	0.0
to_endothelial	myeloid	endothelial	CD46	JAG1	CD46	3	GSE154778,GSE155698,GSE212966	5.13227648393518e-05	0.0
to_endothelial	endothelial	endothelial	MIF	ACKR3	MIF	3	GSE154778,GSE155698,GSE212966	5.11255574729644e-05	0.0
from_endothelial	endothelial	endothelial	MIF	ACKR3	MIF	3	GSE154778,GSE155698,GSE212966	5.11255574729644e-05	0.0
to_endothelial	fibroblast_CAF	endothelial	SEMA3C	PLXND1	SEMA3	3	GSE154778,GSE155698,GSE212966	5.09842465985635e-05	0.0
to_endothelial	fibroblast_CAF	endothelial	THBS2	CD47	THBS	3	GSE154778,GSE155698,GSE212966	5.09116574528292e-05	0.0
from_endothelial	endothelial	myeloid	JAM2	ITGAV_ITGB1	JAM	3	GSE154778,GSE155698,GSE212966	5.08134865742848e-05	0.0
from_endothelial	endothelial	malignant_epithelial	MDK	SDC4	MK	3	GSE154778,GSE155698,GSE212966	5.06243276916722e-05	0.0
to_endothelial	endothelial	endothelial	LAMB2	ITGA2_ITGB1	LAMININ	3	GSE154778,GSE155698,GSE212966	5.05909549307074e-05	0.0
from_endothelial	endothelial	endothelial	LAMB2	ITGA2_ITGB1	LAMININ	3	GSE154778,GSE155698,GSE212966	5.05909549307074e-05	0.0
from_endothelial	endothelial	myeloid	CXCL12	CXCR4	CXCL	3	GSE154778,GSE155698,GSE212966	5.03612779804697e-05	0.0
to_endothelial	fibroblast_CAF	endothelial	THBS2	CD36	THBS	3	GSE154778,GSE155698,GSE212966	4.9594851226264e-05	0.0
to_endothelial	fibroblast_CAF	endothelial	LAMC1	ITGA9_ITGB1	LAMININ	3	GSE154778,GSE155698,GSE212966	4.94714034608546e-05	0.0
to_endothelial	fibroblast_CAF	endothelial	LAMA4	ITGA3_ITGB1	LAMININ	3	GSE154778,GSE155698,GSE212966	4.91345271267646e-05	0.0
from_endothelial	endothelial	malignant_epithelial	FN1	ITGAV_ITGB8	FN1	3	GSE154778,GSE155698,GSE212966	4.89483489798783e-05	0.0
to_endothelial	malignant_epithelial	endothelial	SPP1	ITGA5_ITGB1	SPP1	3	GSE154778,GSE155698,GSE212966	4.88575153617042e-05	0.0
to_endothelial	fibroblast_CAF	endothelial	LAMA2	ITGA1_ITGB1	LAMININ	3	GSE154778,GSE155698,GSE212966	4.87774118754158e-05	0.0
to_endothelial	myeloid	endothelial	OSM	OSMR_IL6ST	OSM	3	GSE154778,GSE155698,GSE212966	4.8444171154637e-05	0.0
from_endothelial	endothelial	malignant_epithelial	LAMB1	DAG1	LAMININ	3	GSE154778,GSE155698,GSE212966	4.8238120769483e-05	0.0
to_endothelial	endothelial	endothelial	LAMA5	ITGA9_ITGB1	LAMININ	3	GSE154778,GSE155698,GSE212966	4.81113266624412e-05	0.0
from_endothelial	endothelial	endothelial	LAMA5	ITGA9_ITGB1	LAMININ	3	GSE154778,GSE155698,GSE212966	4.81113266624412e-05	0.0
to_endothelial	T_NK	endothelial	SELL	PODXL	SELL	3	GSE154778,GSE155698,GSE212966	4.80749527416418e-05	0.0
to_endothelial	malignant_epithelial	endothelial	LAMA3	ITGA2_ITGB1	LAMININ	3	GSE154778,GSE155698,GSE212966	4.77830171792148e-05	0.0
from_endothelial	endothelial	epithelial	COL6A2	ITGAV_ITGB8	COLLAGEN	3	GSE154778,GSE155698,GSE212966	4.77413044815124e-05	0.0
to_endothelial	fibroblast_CAF	endothelial	JAG1	NOTCH4	NOTCH	3	GSE154778,GSE155698,GSE212966	4.73794941406071e-05	0.0
from_endothelial	endothelial	myeloid	JAM3	ITGAM_ITGB2	JAM	3	GSE154778,GSE155698,GSE212966	4.73216155659522e-05	0.0
to_endothelial	malignant_epithelial	endothelial	LAMA5	ITGA6_ITGB1	LAMININ	3	GSE154778,GSE155698,GSE212966	4.72559784805141e-05	0.0
from_endothelial	endothelial	myeloid	HLA-DPA1	CD4	MHC-II	3	GSE154778,GSE155698,GSE212966	4.70037425068364e-05	0.0
from_endothelial	endothelial	epithelial	LAMC1	ITGAV_ITGB8	LAMININ	3	GSE154778,GSE155698,GSE212966	4.67339470074149e-05	0.0
to_endothelial	mast	endothelial	CTSG	F2R	PARs	3	GSE154778,GSE155698,GSE212966	4.61690765626435e-05	0.0
to_endothelial	malignant_epithelial	endothelial	PRSS3	F2RL3	PARs	3	GSE154778,GSE155698,GSE212966	4.61116893313867e-05	0.0
to_endothelial	CD8	endothelial	MIF	ACKR3	MIF	3	GSE154778,GSE155698,GSE212966	4.58767674235117e-05	0.0
from_endothelial	endothelial	fibroblast_CAF	GAS6	AXL	GAS	3	GSE154778,GSE155698,GSE212966	4.56679796011567e-05	0.0
to_endothelial	CD8	endothelial	ITGB2	ICAM1	ITGB2	3	GSE154778,GSE155698,GSE212966	4.5657955504015e-05	0.0
to_endothelial	epithelial	endothelial	LAMA3	ITGA9_ITGB1	LAMININ	3	GSE154778,GSE155698,GSE212966	4.56288708186472e-05	0.0
from_endothelial	endothelial	B_cell	HLA-DRB1	CD4	MHC-II	3	GSE154778,GSE155698,GSE212966	4.56116162467752e-05	0.0
to_endothelial	myeloid	endothelial	RETN	CAP1	RESISTIN	3	GSE154778,GSE155698,GSE212966	4.50170488257413e-05	0.0
from_endothelial	endothelial	epithelial	LAMA4	DAG1	LAMININ	3	GSE154778,GSE155698,GSE212966	4.48846506008617e-05	0.0
to_endothelial	endothelial	endothelial	TNXB	ITGA9_ITGB1	TENASCIN	3	GSE154778,GSE155698,GSE212966	4.4480416140031e-05	0.0
from_endothelial	endothelial	endothelial	TNXB	ITGA9_ITGB1	TENASCIN	3	GSE154778,GSE155698,GSE212966	4.4480416140031e-05	0.0
from_endothelial	endothelial	fibroblast_CAF	COL1A2	ITGA11_ITGB1	COLLAGEN	3	GSE154778,GSE155698,GSE212966	4.4462587954821e-05	0.0
to_endothelial	fibroblast_CAF	endothelial	SEMA3C	NRP1_NRP2	SEMA3	3	GSE154778,GSE155698,GSE212966	4.44036654937792e-05	0.0
to_endothelial	endothelial	endothelial	JAG1	NOTCH1	NOTCH	3	GSE154778,GSE155698,GSE212966	4.4393158684232e-05	0.0
from_endothelial	endothelial	endothelial	JAG1	NOTCH1	NOTCH	3	GSE154778,GSE155698,GSE212966	4.4393158684232e-05	0.0
to_endothelial	endothelial	endothelial	PGF	FLT1	VEGF	3	GSE154778,GSE155698,GSE212966	4.4334492321381e-05	0.0
from_endothelial	endothelial	endothelial	PGF	FLT1	VEGF	3	GSE154778,GSE155698,GSE212966	4.4334492321381e-05	0.0
from_endothelial	endothelial	malignant_epithelial	LAMA4	ITGAV_ITGB8	LAMININ	3	GSE154778,GSE155698,GSE212966	4.39246073894723e-05	0.0
to_endothelial	fibroblast_CAF	endothelial	LAMB2	ITGA3_ITGB1	LAMININ	3	GSE154778,GSE155698,GSE212966	4.38918515483442e-05	0.0
from_endothelial	endothelial	fibroblast_CAF	MDK	SDC2	MK	3	GSE154778,GSE155698,GSE212966	4.38051185625186e-05	0.0
from_endothelial	endothelial	epithelial	SPP1	ITGAV_ITGB1	SPP1	3	GSE154778,GSE155698,GSE212966	4.31298657004934e-05	0.0
to_endothelial	endothelial	endothelial	ADM	CALCRL	CALCR	3	GSE154778,GSE155698,GSE212966	4.31191822446804e-05	0.0
from_endothelial	endothelial	endothelial	ADM	CALCRL	CALCR	3	GSE154778,GSE155698,GSE212966	4.31191822446804e-05	0.0
to_endothelial	T_NK	endothelial	SELL	CD34	SELL	3	GSE154778,GSE155698,GSE212966	4.27106825070172e-05	0.0
to_endothelial	fibroblast_CAF	endothelial	LAMC1	ITGA3_ITGB1	LAMININ	3	GSE154778,GSE155698,GSE212966	4.16949290717446e-05	0.0
from_endothelial	endothelial	malignant_epithelial	LAMA4	ITGA1_ITGB1	LAMININ	3	GSE154778,GSE155698,GSE212966	4.16813793476415e-05	0.0
to_endothelial	endothelial	endothelial	LAMB2	ITGA9_ITGB1	LAMININ	3	GSE154778,GSE155698,GSE212966	4.14557684013699e-05	0.0
from_endothelial	endothelial	endothelial	LAMB2	ITGA9_ITGB1	LAMININ	3	GSE154778,GSE155698,GSE212966	4.14557684013699e-05	0.0
from_endothelial	endothelial	epithelial	NAMPT	INSR	VISFATIN	3	GSE154778,GSE155698,GSE212966	4.13730609842908e-05	0.0
to_endothelial	endothelial	endothelial	F11R	JAM2	JAM	3	GSE154778,GSE155698,GSE212966	4.12918398562593e-05	0.0
to_endothelial	endothelial	endothelial	JAM2	F11R	JAM	3	GSE154778,GSE155698,GSE212966	4.12918398562593e-05	0.0
from_endothelial	endothelial	endothelial	F11R	JAM2	JAM	3	GSE154778,GSE155698,GSE212966	4.12918398562593e-05	0.0
from_endothelial	endothelial	endothelial	JAM2	F11R	JAM	3	GSE154778,GSE155698,GSE212966	4.12918398562593e-05	0.0
to_endothelial	endothelial	endothelial	ANGPT2	ITGA5_ITGB1	ANGPT	3	GSE154778,GSE155698,GSE212966	4.11459573105963e-05	0.0
from_endothelial	endothelial	endothelial	ANGPT2	ITGA5_ITGB1	ANGPT	3	GSE154778,GSE155698,GSE212966	4.11459573105963e-05	0.0
to_endothelial	endothelial	endothelial	JAG2	NOTCH1	NOTCH	3	GSE154778,GSE155698,GSE212966	4.1134942588927e-05	0.0
from_endothelial	endothelial	endothelial	JAG2	NOTCH1	NOTCH	3	GSE154778,GSE155698,GSE212966	4.1134942588927e-05	0.0
from_endothelial	endothelial	epithelial	LAMC1	DAG1	LAMININ	3	GSE154778,GSE155698,GSE212966	4.1124714764218e-05	0.0
from_endothelial	endothelial	fibroblast_CAF	SPP1	ITGAV_ITGB5	SPP1	3	GSE154778,GSE155698,GSE212966	4.10287594626434e-05	0.0
from_endothelial	endothelial	malignant_epithelial	COL6A2	ITGAV_ITGB8	COLLAGEN	3	GSE154778,GSE155698,GSE212966	4.0619314632896e-05	0.0
from_endothelial	endothelial	myeloid	HLA-DPB1	CD4	MHC-II	3	GSE154778,GSE155698,GSE212966	4.05455217334866e-05	0.0
to_endothelial	endothelial	endothelial	DLL4	NOTCH4	NOTCH	3	GSE154778,GSE155698,GSE212966	4.04571967097804e-05	0.0
from_endothelial	endothelial	endothelial	DLL4	NOTCH4	NOTCH	3	GSE154778,GSE155698,GSE212966	4.04571967097804e-05	0.0
from_endothelial	endothelial	epithelial	EFNA1	EPHA2	EPHA	3	GSE154778,GSE155698,GSE212966	4.04421414753075e-05	0.0
to_endothelial	endothelial	endothelial	VEGFC	KDR	VEGF	3	GSE154778,GSE155698,GSE212966	4.03927913597862e-05	0.0
from_endothelial	endothelial	endothelial	VEGFC	KDR	VEGF	3	GSE154778,GSE155698,GSE212966	4.03927913597862e-05	0.0
to_endothelial	malignant_epithelial	endothelial	LAMC1	ITGA6_ITGB1	LAMININ	3	GSE154778,GSE155698,GSE212966	4.03042911953748e-05	0.0
from_endothelial	endothelial	myeloid	ICAM2	ITGAL_ITGB2	ICAM	3	GSE154778,GSE155698,GSE212966	4.0286524062879e-05	0.0
to_endothelial	fibroblast_CAF	endothelial	VEGFA	KDR	VEGF	3	GSE154778,GSE155698,GSE212966	4.02357989890101e-05	0.0
to_endothelial	endothelial	endothelial	ANGPTL2	ITGA5_ITGB1	ANGPTL	3	GSE154778,GSE155698,GSE212966	3.98946900105515e-05	0.0
from_endothelial	endothelial	endothelial	ANGPTL2	ITGA5_ITGB1	ANGPTL	3	GSE154778,GSE155698,GSE212966	3.98946900105515e-05	0.0
to_endothelial	fibroblast_CAF	endothelial	COMP	ITGA3_ITGB1	THBS	3	GSE154778,GSE155698,GSE212966	3.98873415699738e-05	0.0
from_endothelial	endothelial	malignant_epithelial	LAMC1	ITGAV_ITGB8	LAMININ	3	GSE154778,GSE155698,GSE212966	3.98137759628429e-05	0.0
to_endothelial	malignant_epithelial	endothelial	PRSS3	F2R	PARs	3	GSE154778,GSE155698,GSE212966	3.95559579486016e-05	0.0
from_endothelial	endothelial	malignant_epithelial	COL6A2	ITGA1_ITGB1	COLLAGEN	3	GSE154778,GSE155698,GSE212966	3.95146632587392e-05	0.0
to_endothelial	endothelial	endothelial	LAMA5	ITGA3_ITGB1	LAMININ	3	GSE154778,GSE155698,GSE212966	3.92728636946901e-05	0.0
from_endothelial	endothelial	endothelial	LAMA5	ITGA3_ITGB1	LAMININ	3	GSE154778,GSE155698,GSE212966	3.92728636946901e-05	0.0
to_endothelial	malignant_epithelial	endothelial	LAMA3	ITGA9_ITGB1	LAMININ	3	GSE154778,GSE155698,GSE212966	3.9097108239963e-05	0.0
from_endothelial	endothelial	myeloid	GRN	SORT1	GRN	3	GSE154778,GSE155698,GSE212966	3.89829394992405e-05	0.0
from_endothelial	endothelial	epithelial	TNXB	ITGAV_ITGB6	TENASCIN	3	GSE154778,GSE155698,GSE212966	3.89621773649105e-05	0.0
to_endothelial	epithelial	endothelial	F11R	F11R	JAM	3	GSE154778,GSE155698,GSE212966	3.89196576845178e-05	0.0
from_endothelial	endothelial	epithelial	F11R	F11R	JAM	3	GSE154778,GSE155698,GSE212966	3.89196576845178e-05	0.0
to_endothelial	epithelial	endothelial	LAMA5	ITGA1_ITGB1	LAMININ	3	GSE154778,GSE155698,GSE212966	3.88400666447243e-05	0.0
to_endothelial	epithelial	endothelial	VEGFB	FLT1	VEGF	3	GSE154778,GSE155698,GSE212966	3.8793731046963e-05	0.0
to_endothelial	malignant_epithelial	endothelial	F11R	F11R	JAM	3	GSE154778,GSE155698,GSE212966	3.86298522692824e-05	0.0
from_endothelial	endothelial	malignant_epithelial	F11R	F11R	JAM	3	GSE154778,GSE155698,GSE212966	3.86298522692824e-05	0.0
from_endothelial	endothelial	malignant_epithelial	LAMC1	ITGA1_ITGB1	LAMININ	3	GSE154778,GSE155698,GSE212966	3.86204638835911e-05	0.0
from_endothelial	endothelial	fibroblast_CAF	SPP1	ITGA5_ITGB1	SPP1	3	GSE154778,GSE155698,GSE212966	3.85123876916019e-05	0.0
from_endothelial	endothelial	malignant_epithelial	SPP1	ITGAV_ITGB1	SPP1	3	GSE154778,GSE155698,GSE212966	3.8341393445481e-05	0.0
from_endothelial	endothelial	malignant_epithelial	LAMA4	DAG1	LAMININ	3	GSE154778,GSE155698,GSE212966	3.80701898675606e-05	0.0
to_endothelial	malignant_epithelial	endothelial	VEGFB	FLT1	VEGF	3	GSE154778,GSE155698,GSE212966	3.79991096522854e-05	0.0
from_endothelial	endothelial	epithelial	TNXB	SDC1	TENASCIN	3	GSE154778,GSE155698,GSE212966	3.77569426714579e-05	0.0
to_endothelial	fibroblast_CAF	endothelial	THBS1	CD47	THBS	3	GSE154778,GSE155698,GSE212966	3.77128415613456e-05	0.0
to_endothelial	epithelial	endothelial	LAMA3	ITGA3_ITGB1	LAMININ	3	GSE154778,GSE155698,GSE212966	3.7517363859071e-05	0.0
to_endothelial	epithelial	endothelial	LAMC1	ITGA1_ITGB1	LAMININ	3	GSE154778,GSE155698,GSE212966	3.74613875300605e-05	0.0
from_endothelial	endothelial	fibroblast_CAF	LAMA5	CD44	LAMININ	3	GSE154778,GSE155698,GSE212966	3.72974600048523e-05	0.0
from_endothelial	endothelial	epithelial	THBS1	CD47	THBS	3	GSE154778,GSE155698,GSE212966	3.70150687250554e-05	0.0
from_endothelial	endothelial	malignant_epithelial	TNXB	SDC1	TENASCIN	3	GSE154778,GSE155698,GSE212966	3.68391299570258e-05	0.0
to_endothelial	endothelial	endothelial	LAMB1	DAG1	LAMININ	3	GSE154778,GSE155698,GSE212966	3.6741964728126e-05	0.0
from_endothelial	endothelial	endothelial	LAMB1	DAG1	LAMININ	3	GSE154778,GSE155698,GSE212966	3.6741964728126e-05	0.0
to_endothelial	B_cell	endothelial	SPP1	ITGA9_ITGB1	SPP1	3	GSE154778,GSE155698,GSE212966	3.64720374466349e-05	0.0
to_endothelial	fibroblast_CAF	endothelial	LAMA2	ITGA6_ITGB4	LAMININ	3	GSE154778,GSE155698,GSE212966	3.64540740719797e-05	0.0
to_endothelial	epithelial	endothelial	LAMB3	DAG1	LAMININ	3	GSE154778,GSE155698,GSE212966	3.57065920178095e-05	0.0
from_endothelial	endothelial	CD8	LAMA4	ITGA1_ITGB1	LAMININ	3	GSE154778,GSE155698,GSE212966	3.56575157982238e-05	0.0
to_endothelial	fibroblast_CAF	endothelial	THBS1	CD36	THBS	3	GSE154778,GSE155698,GSE212966	3.56525210887744e-05	0.0
to_endothelial	endothelial	endothelial	SPP1	ITGAV_ITGB1	SPP1	3	GSE154778,GSE155698,GSE212966	3.55379657559779e-05	0.0
from_endothelial	endothelial	endothelial	SPP1	ITGAV_ITGB1	SPP1	3	GSE154778,GSE155698,GSE212966	3.55379657559779e-05	0.0
from_endothelial	endothelial	CD8	LAMC1	ITGA1_ITGB1	LAMININ	3	GSE154778,GSE155698,GSE212966	3.53438279416812e-05	0.0
from_endothelial	endothelial	fibroblast_CAF	TNXB	SDC1	TENASCIN	3	GSE154778,GSE155698,GSE212966	3.50046915055774e-05	0.0
to_endothelial	epithelial	endothelial	LAMB2	ITGA6_ITGB1	LAMININ	3	GSE154778,GSE155698,GSE212966	3.44587892205534e-05	0.0
from_endothelial	endothelial	fibroblast_CAF	ANGPT2	ITGA5_ITGB1	ANGPT	3	GSE154778,GSE155698,GSE212966	3.4279613082523e-05	0.0
from_endothelial	endothelial	B_cell	HLA-DRA	CD4	MHC-II	3	GSE154778,GSE155698,GSE212966	3.42106978272149e-05	0.0
from_endothelial	endothelial	malignant_epithelial	LAMC1	DAG1	LAMININ	3	GSE154778,GSE155698,GSE212966	3.41068286527925e-05	0.0
to_endothelial	epithelial	endothelial	JAG1	NOTCH4	NOTCH	3	GSE154778,GSE155698,GSE212966	3.40402049549254e-05	0.0
to_endothelial	mast	endothelial	MIF	ACKR3	MIF	3	GSE154778,GSE155698,GSE212966	3.39969969701581e-05	0.0
to_endothelial	endothelial	endothelial	LAMB2	ITGA3_ITGB1	LAMININ	3	GSE154778,GSE155698,GSE212966	3.38433903474188e-05	0.0
from_endothelial	endothelial	endothelial	LAMB2	ITGA3_ITGB1	LAMININ	3	GSE154778,GSE155698,GSE212966	3.38433903474188e-05	0.0
to_endothelial	endothelial	endothelial	JAM2	JAM3	JAM	3	GSE154778,GSE155698,GSE212966	3.35904051824118e-05	0.0
to_endothelial	endothelial	endothelial	JAM3	JAM2	JAM	3	GSE154778,GSE155698,GSE212966	3.35904051824118e-05	0.0
from_endothelial	endothelial	endothelial	JAM2	JAM3	JAM	3	GSE154778,GSE155698,GSE212966	3.35904051824118e-05	0.0
from_endothelial	endothelial	endothelial	JAM3	JAM2	JAM	3	GSE154778,GSE155698,GSE212966	3.35904051824118e-05	0.0
to_endothelial	endothelial	endothelial	COL6A1	ITGA9_ITGB1	COLLAGEN	3	GSE154778,GSE155698,GSE212966	3.35854777393731e-05	0.0
from_endothelial	endothelial	endothelial	COL6A1	ITGA9_ITGB1	COLLAGEN	3	GSE154778,GSE155698,GSE212966	3.35854777393731e-05	0.0
from_endothelial	endothelial	fibroblast_CAF	CD46	JAG1	CD46	3	GSE154778,GSE155698,GSE212966	3.35034112096769e-05	0.0
to_endothelial	endothelial	endothelial	SEMA3F	NRP2_PLXNA2	SEMA3	3	GSE154778,GSE155698,GSE212966	3.34850117496266e-05	0.0
from_endothelial	endothelial	endothelial	SEMA3F	NRP2_PLXNA2	SEMA3	3	GSE154778,GSE155698,GSE212966	3.34850117496266e-05	0.0
from_endothelial	endothelial	myeloid	ANXA1	FPR2_LXA4	ANXA1	3	GSE154778,GSE155698,GSE212966	3.31957090715526e-05	0.0
from_endothelial	endothelial	CD8	COL6A2	ITGA1_ITGB1	COLLAGEN	3	GSE154778,GSE155698,GSE212966	3.31824198120746e-05	0.0
from_endothelial	endothelial	CD8	CLEC2B	KLRB1	CLEC	3	GSE154778,GSE155698,GSE212966	3.31585368389924e-05	0.0
from_endothelial	endothelial	mast	SELE	CD44	SELE	3	GSE154778,GSE155698,GSE212966	3.29092094428435e-05	0.0
to_endothelial	fibroblast_CAF	endothelial	LAMA2	ITGA2_ITGB1	LAMININ	3	GSE154778,GSE155698,GSE212966	3.27605434221204e-05	0.0
from_endothelial	endothelial	fibroblast_CAF	PROS1	AXL	PROS	3	GSE154778,GSE155698,GSE212966	3.26962526276455e-05	0.0
to_endothelial	myeloid	endothelial	TNF	TNFRSF1A	TNF	3	GSE154778,GSE155698,GSE212966	3.26179361052956e-05	0.0
to_endothelial	endothelial	endothelial	EFNB1	EPHB4	EPHB	3	GSE154778,GSE155698,GSE212966	3.24844100730711e-05	0.0
from_endothelial	endothelial	endothelial	EFNB1	EPHB4	EPHB	3	GSE154778,GSE155698,GSE212966	3.24844100730711e-05	0.0
to_endothelial	fibroblast_CAF	endothelial	SEMA3C	NRP1_PLXNA2	SEMA3	3	GSE154778,GSE155698,GSE212966	3.24549056203567e-05	0.0
to_endothelial	epithelial	endothelial	F11R	JAM3	JAM	3	GSE154778,GSE155698,GSE212966	3.20890927940191e-05	0.0
from_endothelial	endothelial	epithelial	JAM3	F11R	JAM	3	GSE154778,GSE155698,GSE212966	3.20890927940191e-05	0.0
to_endothelial	malignant_epithelial	endothelial	LAMA3	ITGA3_ITGB1	LAMININ	3	GSE154778,GSE155698,GSE212966	3.20424486794576e-05	0.0
to_endothelial	endothelial	endothelial	FN1	ITGA8_ITGB1	FN1	3	GSE154778,GSE155698,GSE212966	3.19969055302292e-05	0.0
from_endothelial	endothelial	endothelial	FN1	ITGA8_ITGB1	FN1	3	GSE154778,GSE155698,GSE212966	3.19969055302292e-05	0.0
to_endothelial	endothelial	endothelial	COL1A1	ITGA9_ITGB1	COLLAGEN	3	GSE154778,GSE155698,GSE212966	3.19340765536132e-05	0.0
from_endothelial	endothelial	endothelial	COL1A1	ITGA9_ITGB1	COLLAGEN	3	GSE154778,GSE155698,GSE212966	3.19340765536132e-05	0.0
to_endothelial	malignant_epithelial	endothelial	F11R	JAM3	JAM	3	GSE154778,GSE155698,GSE212966	3.18780350554423e-05	0.0
from_endothelial	endothelial	malignant_epithelial	JAM3	F11R	JAM	3	GSE154778,GSE155698,GSE212966	3.18780350554423e-05	0.0
to_endothelial	myeloid	endothelial	SPP1	ITGAV_ITGB5	SPP1	3	GSE154778,GSE155698,GSE212966	3.17664337324296e-05	0.0
to_endothelial	endothelial	endothelial	EFNB2	EPHA4	EPHB	3	GSE154778,GSE155698,GSE212966	3.14591427751139e-05	0.0
from_endothelial	endothelial	endothelial	EFNB2	EPHA4	EPHB	3	GSE154778,GSE155698,GSE212966	3.14591427751139e-05	0.0
from_endothelial	endothelial	fibroblast_CAF	JAG2	NOTCH3	NOTCH	3	GSE154778,GSE155698,GSE212966	3.11860187732748e-05	0.0
to_endothelial	fibroblast_CAF	endothelial	SPP1	ITGA5_ITGB1	SPP1	3	GSE154778,GSE155698,GSE212966	3.11325923224489e-05	0.0
from_endothelial	endothelial	epithelial	THBS1	SDC1	THBS	3	GSE154778,GSE155698,GSE212966	3.09109398671754e-05	0.0
from_endothelial	endothelial	myeloid	THY1	ITGAX_ITGB2	THY1	3	GSE154778,GSE155698,GSE212966	3.08976019928434e-05	0.0
to_endothelial	B_cell	endothelial	VEGFB	FLT1	VEGF	3	GSE154778,GSE155698,GSE212966	3.08847455014953e-05	0.0
from_endothelial	endothelial	fibroblast_CAF	JAG1	NOTCH3	NOTCH	3	GSE154778,GSE155698,GSE212966	3.08451810676698e-05	0.0
from_endothelial	endothelial	malignant_epithelial	THBS1	CD47	THBS	3	GSE154778,GSE155698,GSE212966	3.07878372404456e-05	0.0
to_endothelial	malignant_epithelial	endothelial	LAMB3	DAG1	LAMININ	3	GSE154778,GSE155698,GSE212966	3.06888235788745e-05	0.0
to_endothelial	epithelial	endothelial	PRSS3	F2RL3	PARs	3	GSE154778,GSE155698,GSE212966	3.06466067398391e-05	0.0
from_endothelial	endothelial	epithelial	LAMA5	ITGAV_ITGB8	LAMININ	3	GSE154778,GSE155698,GSE212966	3.05147392313464e-05	0.0
from_endothelial	endothelial	malignant_epithelial	EFNA1	EPHA2	EPHA	3	GSE154778,GSE155698,GSE212966	3.04359692019782e-05	0.0
from_endothelial	endothelial	myeloid	THY1	ITGAM_ITGB2	THY1	3	GSE154778,GSE155698,GSE212966	3.02436848558121e-05	0.0
from_endothelial	endothelial	CD8	SELE	CD44	SELE	3	GSE154778,GSE155698,GSE212966	3.00588899133066e-05	0.0
to_endothelial	malignant_epithelial	endothelial	LAMA5	ITGA1_ITGB1	LAMININ	3	GSE154778,GSE155698,GSE212966	3.00365169173257e-05	0.0
from_endothelial	endothelial	malignant_epithelial	THBS1	SDC1	THBS	3	GSE154778,GSE155698,GSE212966	2.97548744316036e-05	0.0
to_endothelial	B_cell	endothelial	SELL	PODXL	SELL	3	GSE154778,GSE155698,GSE212966	2.914855378081e-05	0.0
to_endothelial	myeloid	endothelial	FN1	ITGA8_ITGB1	FN1	3	GSE154778,GSE155698,GSE212966	2.90813341727634e-05	0.0
to_endothelial	CD8	endothelial	TGFB1	TGFbR1_R2	TGFb	3	GSE154778,GSE155698,GSE212966	2.87997299025224e-05	0.0
to_endothelial	epithelial	endothelial	COL6A1	ITGA9_ITGB1	COLLAGEN	3	GSE154778,GSE155698,GSE212966	2.87780350755207e-05	0.0
from_endothelial	endothelial	epithelial	LAMB2	ITGAV_ITGB8	LAMININ	3	GSE154778,GSE155698,GSE212966	2.82204745619078e-05	0.0
from_endothelial	endothelial	fibroblast_CAF	THBS1	SDC1	THBS	3	GSE154778,GSE155698,GSE212966	2.81571497095964e-05	0.0
to_endothelial	endothelial	endothelial	ANGPTL4	ITGA5_ITGB1	ANGPTL	3	GSE154778,GSE155698,GSE212966	2.80290544461732e-05	0.0
from_endothelial	endothelial	endothelial	ANGPTL4	ITGA5_ITGB1	ANGPTL	3	GSE154778,GSE155698,GSE212966	2.80290544461732e-05	0.0
from_endothelial	endothelial	mast	LGALS9	PTPRC	GALECTIN	3	GSE154778,GSE155698,GSE212966	2.7756905816943e-05	0.0
to_endothelial	malignant_epithelial	endothelial	COL6A1	ITGA9_ITGB1	COLLAGEN	3	GSE154778,GSE155698,GSE212966	2.75114523510538e-05	0.0
to_endothelial	fibroblast_CAF	endothelial	HSPG2	DAG1	HSPG	3	GSE154778,GSE155698,GSE212966	2.75051828650307e-05	0.0
to_endothelial	fibroblast_CAF	endothelial	FGF7	FGFR1	FGF	3	GSE154778,GSE155698,GSE212966	2.72516833213948e-05	0.0
to_endothelial	fibroblast_CAF	endothelial	LAMA2	ITGA9_ITGB1	LAMININ	3	GSE154778,GSE155698,GSE212966	2.70287038048207e-05	0.0
to_endothelial	fibroblast_CAF	endothelial	LAMB1	DAG1	LAMININ	3	GSE154778,GSE155698,GSE212966	2.68530070545504e-05	0.0
from_endothelial	endothelial	epithelial	SPP1	ITGAV_ITGB6	SPP1	3	GSE154778,GSE155698,GSE212966	2.68345363694215e-05	0.0
from_endothelial	endothelial	T_NK	SELE	CD44	SELE	3	GSE154778,GSE155698,GSE212966	2.67081403203881e-05	0.0
from_endothelial	endothelial	fibroblast_CAF	ANGPTL2	ITGA5_ITGB1	ANGPTL	3	GSE154778,GSE155698,GSE212966	2.66630044433601e-05	0.0
from_endothelial	endothelial	epithelial	LAMA5	DAG1	LAMININ	3	GSE154778,GSE155698,GSE212966	2.66418371854464e-05	0.0
to_endothelial	epithelial	endothelial	LAMA5	ITGA6_ITGB4	LAMININ	3	GSE154778,GSE155698,GSE212966	2.64583506417862e-05	0.0
to_endothelial	epithelial	endothelial	LAMC1	ITGA6_ITGB4	LAMININ	3	GSE154778,GSE155698,GSE212966	2.63865175373932e-05	0.0
to_endothelial	malignant_epithelial	endothelial	ADM	CALCRL	CALCR	3	GSE154778,GSE155698,GSE212966	2.61932078455831e-05	0.0
to_endothelial	epithelial	endothelial	PRSS3	F2R	PARs	3	GSE154778,GSE155698,GSE212966	2.6167527480205e-05	0.0
from_endothelial	endothelial	malignant_epithelial	LAMA5	ITGAV_ITGB8	LAMININ	3	GSE154778,GSE155698,GSE212966	2.59919193881406e-05	0.0
from_endothelial	endothelial	mast	KITLG	KIT	KIT	3	GSE154778,GSE155698,GSE212966	2.59289337353676e-05	0.0
from_endothelial	endothelial	myeloid	SELE	CD44	SELE	3	GSE154778,GSE155698,GSE212966	2.59098803574837e-05	0.0
to_endothelial	B_cell	endothelial	SELL	CD34	SELL	3	GSE154778,GSE155698,GSE212966	2.57272815934096e-05	0.0
from_endothelial	endothelial	malignant_epithelial	TNXB	ITGAV_ITGB6	TENASCIN	3	GSE154778,GSE155698,GSE212966	2.56730719519615e-05	0.0
to_endothelial	endothelial	endothelial	COL1A2	ITGA9_ITGB1	COLLAGEN	3	GSE154778,GSE155698,GSE212966	2.56390616733394e-05	0.0
from_endothelial	endothelial	endothelial	COL1A2	ITGA9_ITGB1	COLLAGEN	3	GSE154778,GSE155698,GSE212966	2.56390616733394e-05	0.0
to_endothelial	malignant_epithelial	endothelial	LAMC1	ITGA1_ITGB1	LAMININ	3	GSE154778,GSE155698,GSE212966	2.55581618283611e-05	0.0
to_endothelial	endothelial	endothelial	DLL1	NOTCH4	NOTCH	3	GSE154778,GSE155698,GSE212966	2.55554644163385e-05	0.0
from_endothelial	endothelial	endothelial	DLL1	NOTCH4	NOTCH	3	GSE154778,GSE155698,GSE212966	2.55554644163385e-05	0.0
from_endothelial	endothelial	fibroblast_CAF	MIF	ACKR3	MIF	3	GSE154778,GSE155698,GSE212966	2.55429712483854e-05	0.0
from_endothelial	endothelial	malignant_epithelial	LAMA5	ITGA1_ITGB1	LAMININ	3	GSE154778,GSE155698,GSE212966	2.51210876659302e-05	0.0
from_endothelial	endothelial	epithelial	CD46	JAG1	CD46	3	GSE154778,GSE155698,GSE212966	2.50973161429136e-05	0.0
to_endothelial	endothelial	endothelial	ANGPTL4	CDH5	ANGPTL	3	GSE154778,GSE155698,GSE212966	2.50416502726023e-05	0.0
from_endothelial	endothelial	endothelial	ANGPTL4	CDH5	ANGPTL	3	GSE154778,GSE155698,GSE212966	2.50416502726023e-05	0.0
to_endothelial	epithelial	endothelial	LAMA5	ITGA2_ITGB1	LAMININ	3	GSE154778,GSE155698,GSE212966	2.48747715151317e-05	0.0
to_endothelial	malignant_epithelial	endothelial	JAG1	NOTCH4	NOTCH	3	GSE154778,GSE155698,GSE212966	2.48016488448783e-05	0.0
from_endothelial	endothelial	fibroblast_CAF	DLL4	NOTCH3	NOTCH	3	GSE154778,GSE155698,GSE212966	2.46974344043258e-05	0.0
to_endothelial	endothelial	endothelial	LAMC1	DAG1	LAMININ	3	GSE154778,GSE155698,GSE212966	2.4616955413198e-05	0.0
from_endothelial	endothelial	endothelial	LAMC1	DAG1	LAMININ	3	GSE154778,GSE155698,GSE212966	2.4616955413198e-05	0.0
to_endothelial	epithelial	endothelial	SEMA3C	PLXND1	SEMA3	3	GSE154778,GSE155698,GSE212966	2.44950803392127e-05	0.0
to_endothelial	endothelial	endothelial	LAMA4	DAG1	LAMININ	3	GSE154778,GSE155698,GSE212966	2.42552434968754e-05	0.0
from_endothelial	endothelial	endothelial	LAMA4	DAG1	LAMININ	3	GSE154778,GSE155698,GSE212966	2.42552434968754e-05	0.0
from_endothelial	endothelial	T_NK	SPP1	ITGA4_ITGB1	SPP1	3	GSE154778,GSE155698,GSE212966	2.40987610026776e-05	0.0
from_endothelial	endothelial	epithelial	LAMB2	DAG1	LAMININ	3	GSE154778,GSE155698,GSE212966	2.40560409371513e-05	0.0
to_endothelial	endothelial	endothelial	F11R	F11R	JAM	3	GSE154778,GSE155698,GSE212966	2.40426410011186e-05	0.0
from_endothelial	endothelial	endothelial	F11R	F11R	JAM	3	GSE154778,GSE155698,GSE212966	2.40426410011186e-05	0.0
to_endothelial	fibroblast_CAF	endothelial	JAG1	NOTCH1	NOTCH	3	GSE154778,GSE155698,GSE212966	2.40339837240943e-05	0.0
to_endothelial	malignant_epithelial	endothelial	LAMC2	DAG1	LAMININ	3	GSE154778,GSE155698,GSE212966	2.40089617504394e-05	0.0
to_endothelial	fibroblast_CAF	endothelial	WNT5A	MCAM	ncWNT	3	GSE154778,GSE155698,GSE212966	2.40071490896045e-05	0.0
from_endothelial	endothelial	malignant_epithelial	LAMB2	ITGAV_ITGB8	LAMININ	3	GSE154778,GSE155698,GSE212966	2.39395622433171e-05	0.0
from_endothelial	endothelial	myeloid	THBS1	CD47	THBS	3	GSE154778,GSE155698,GSE212966	2.38676826510125e-05	0.0
to_endothelial	epithelial	endothelial	SPP1	ITGA9_ITGB1	SPP1	3	GSE154778,GSE155698,GSE212966	2.38470361367248e-05	0.0
from_endothelial	endothelial	CD8	LAMA5	ITGA1_ITGB1	LAMININ	3	GSE154778,GSE155698,GSE212966	2.3656488715199e-05	0.0
to_endothelial	fibroblast_CAF	endothelial	JAM3	JAM2	JAM	3	GSE154778,GSE155698,GSE212966	2.36337495477518e-05	0.0
from_endothelial	endothelial	fibroblast_CAF	JAM2	JAM3	JAM	3	GSE154778,GSE155698,GSE212966	2.36337495477518e-05	0.0
to_endothelial	epithelial	endothelial	LAMC2	DAG1	LAMININ	3	GSE154778,GSE155698,GSE212966	2.35700659465827e-05	0.0
from_endothelial	endothelial	fibroblast_CAF	ANGPTL4	CDH11	ANGPTL	3	GSE154778,GSE155698,GSE212966	2.33787498550976e-05	0.0
to_endothelial	endothelial	endothelial	SPP1	ITGA9_ITGB1	SPP1	3	GSE154778,GSE155698,GSE212966	2.30413680643366e-05	0.0
from_endothelial	endothelial	endothelial	SPP1	ITGA9_ITGB1	SPP1	3	GSE154778,GSE155698,GSE212966	2.30413680643366e-05	0.0
from_endothelial	endothelial	B_cell	JAM2	ITGAV_ITGB1	JAM	3	GSE154778,GSE155698,GSE212966	2.30404395800089e-05	0.0
to_endothelial	fibroblast_CAF	endothelial	PTN	NCL	PTN	3	GSE154778,GSE155698,GSE212966	2.29578697493567e-05	0.0
to_endothelial	endothelial	endothelial	DLL4	NOTCH1	NOTCH	3	GSE154778,GSE155698,GSE212966	2.28688721975802e-05	0.0
from_endothelial	endothelial	endothelial	DLL4	NOTCH1	NOTCH	3	GSE154778,GSE155698,GSE212966	2.28688721975802e-05	0.0
from_endothelial	endothelial	fibroblast_CAF	LAMB1	DAG1	LAMININ	3	GSE154778,GSE155698,GSE212966	2.28249935648161e-05	0.0
from_endothelial	endothelial	fibroblast_CAF	PDGFB	PDGFRB	PDGF	3	GSE154778,GSE155698,GSE212966	2.27804175711564e-05	0.0
from_endothelial	endothelial	malignant_epithelial	LAMB2	ITGA1_ITGB1	LAMININ	3	GSE154778,GSE155698,GSE212966	2.26756695928436e-05	0.0
from_endothelial	endothelial	myeloid	TGFB1	TGFbR1_R2	TGFb	3	GSE154778,GSE155698,GSE212966	2.26472676029491e-05	0.0
from_endothelial	endothelial	B_cell	ICAM2	ITGAM_ITGB2	ICAM	3	GSE154778,GSE155698,GSE212966	2.26343345776907e-05	0.0
from_endothelial	endothelial	myeloid	ICAM1	ITGAL_ITGB2	ICAM	3	GSE154778,GSE155698,GSE212966	2.26045698221145e-05	0.0
to_endothelial	fibroblast_CAF	endothelial	SEMA3C	NRP2_PLXNA2	SEMA3	3	GSE154778,GSE155698,GSE212966	2.25192144461764e-05	0.0
from_endothelial	endothelial	B_cell	ICAM1	ITGAX_ITGB2	ICAM	3	GSE154778,GSE155698,GSE212966	2.24301663311448e-05	0.0
to_endothelial	epithelial	endothelial	EFNB2	EPHB4	EPHB	3	GSE154778,GSE155698,GSE212966	2.23247867018431e-05	0.0
from_endothelial	endothelial	B_cell	HLA-DPA1	CD4	MHC-II	3	GSE154778,GSE155698,GSE212966	2.20705960084265e-05	0.0
to_endothelial	fibroblast_CAF	endothelial	LAMA2	ITGA3_ITGB1	LAMININ	3	GSE154778,GSE155698,GSE212966	2.20402709569267e-05	0.0
to_endothelial	epithelial	endothelial	LAMB2	ITGA1_ITGB1	LAMININ	3	GSE154778,GSE155698,GSE212966	2.19936659138538e-05	0.0
from_endothelial	endothelial	malignant_epithelial	LAMA5	DAG1	LAMININ	3	GSE154778,GSE155698,GSE212966	2.19924141964939e-05	0.0
from_endothelial	endothelial	CD8	LAMB2	ITGA1_ITGB1	LAMININ	3	GSE154778,GSE155698,GSE212966	2.15541132174686e-05	0.0
from_endothelial	endothelial	epithelial	SPP1	ITGAV_ITGB5	SPP1	3	GSE154778,GSE155698,GSE212966	2.15299082693213e-05	0.0
from_endothelial	endothelial	epithelial	SELE	CD44	SELE	3	GSE154778,GSE155698,GSE212966	2.14798358016042e-05	0.0
to_endothelial	fibroblast_CAF	endothelial	CD99	CD99L2	CD99	3	GSE154778,GSE155698,GSE212966	2.1474181071557e-05	0.0
from_endothelial	endothelial	B_cell	SELE	CD44	SELE	3	GSE154778,GSE155698,GSE212966	2.14646443015714e-05	0.0
to_endothelial	epithelial	endothelial	SEMA3C	NRP1_NRP2	SEMA3	3	GSE154778,GSE155698,GSE212966	2.14044612944229e-05	0.0
to_endothelial	myeloid	endothelial	GRN	SORT1	GRN	3	GSE154778,GSE155698,GSE212966	2.14006375195944e-05	0.0
from_endothelial	endothelial	myeloid	LGALS9	HAVCR2	GALECTIN	3	GSE154778,GSE155698,GSE212966	2.13411775698835e-05	0.0
to_endothelial	myeloid	endothelial	TGFB1	TGFbR1_R2	TGFb	3	GSE154778,GSE155698,GSE212966	2.13379150228962e-05	0.0
from_endothelial	endothelial	epithelial	LAMA4	ITGA1_ITGB1	LAMININ	3	GSE154778,GSE155698,GSE212966	2.13107339728511e-05	0.0
from_endothelial	endothelial	fibroblast_CAF	COL4A1	SDC4	COLLAGEN	3	GSE154778,GSE155698,GSE212966	2.10595335805922e-05	0.0
from_endothelial	endothelial	fibroblast_CAF	ITGA9_ITGB1	VCAM1	VCAM	3	GSE154778,GSE155698,GSE212966	2.10458053600175e-05	0.0
to_endothelial	fibroblast_CAF	endothelial	POSTN	ITGAV_ITGB5	PERIOSTIN	3	GSE154778,GSE155698,GSE212966	2.10111899614721e-05	0.0
to_endothelial	fibroblast_CAF	endothelial	MPZL1	MPZL1	MPZ	3	GSE154778,GSE155698,GSE212966	2.08249272012859e-05	0.0
from_endothelial	endothelial	fibroblast_CAF	MPZL1	MPZL1	MPZ	3	GSE154778,GSE155698,GSE212966	2.08249272012859e-05	0.0
from_endothelial	endothelial	malignant_epithelial	SPP1	ITGAV_ITGB6	SPP1	3	GSE154778,GSE155698,GSE212966	2.07565912284526e-05	0.0
to_endothelial	malignant_epithelial	endothelial	LAMA5	ITGA6_ITGB4	LAMININ	3	GSE154778,GSE155698,GSE212966	2.06511835640564e-05	0.0
to_endothelial	epithelial	endothelial	ADM	CALCRL	CALCR	3	GSE154778,GSE155698,GSE212966	2.04738498913272e-05	0.0
to_endothelial	B_cell	endothelial	VEGFA	FLT1	VEGF	3	GSE154778,GSE155698,GSE212966	2.03960272392874e-05	0.0
from_endothelial	endothelial	malignant_epithelial	SELE	CD44	SELE	3	GSE154778,GSE155698,GSE212966	2.02970360579197e-05	0.0
to_endothelial	myeloid	endothelial	F11R	JAM2	JAM	3	GSE154778,GSE155698,GSE212966	2.01729772453354e-05	0.0
from_endothelial	endothelial	myeloid	JAM2	F11R	JAM	3	GSE154778,GSE155698,GSE212966	2.01729772453354e-05	0.0
from_endothelial	endothelial	CD8	SPP1	ITGA4_ITGB1	SPP1	3	GSE154778,GSE155698,GSE212966	2.0117373869863e-05	0.0
from_endothelial	endothelial	malignant_epithelial	LAMB2	DAG1	LAMININ	3	GSE154778,GSE155698,GSE212966	1.99917664219851e-05	0.0
to_endothelial	fibroblast_CAF	endothelial	LAMA4	DAG1	LAMININ	3	GSE154778,GSE155698,GSE212966	1.99708971930185e-05	0.0
to_endothelial	malignant_epithelial	endothelial	LAMA5	ITGA2_ITGB1	LAMININ	3	GSE154778,GSE155698,GSE212966	1.96901031916674e-05	0.0
to_endothelial	epithelial	endothelial	LAMA5	ITGA9_ITGB1	LAMININ	3	GSE154778,GSE155698,GSE212966	1.96889258694048e-05	0.0
to_endothelial	epithelial	endothelial	LAMC1	ITGA9_ITGB1	LAMININ	3	GSE154778,GSE155698,GSE212966	1.96287278706826e-05	0.0
from_endothelial	endothelial	myeloid	HLA-DRB5	CD4	MHC-II	3	GSE154778,GSE155698,GSE212966	1.9563633500216e-05	0.0
to_endothelial	B_cell	endothelial	VEGFA	FLT1_KDR	VEGF	3	GSE154778,GSE155698,GSE212966	1.94132088769125e-05	0.0
to_endothelial	endothelial	endothelial	VEGFC	FLT4_KDR	VEGF	3	GSE154778,GSE155698,GSE212966	1.93908875331749e-05	0.0
from_endothelial	endothelial	endothelial	VEGFC	FLT4_KDR	VEGF	3	GSE154778,GSE155698,GSE212966	1.93908875331749e-05	0.0
to_endothelial	endothelial	endothelial	F11R	JAM3	JAM	3	GSE154778,GSE155698,GSE212966	1.931300557011e-05	0.0
to_endothelial	endothelial	endothelial	JAM3	F11R	JAM	3	GSE154778,GSE155698,GSE212966	1.931300557011e-05	0.0
from_endothelial	endothelial	endothelial	F11R	JAM3	JAM	3	GSE154778,GSE155698,GSE212966	1.931300557011e-05	0.0
from_endothelial	endothelial	endothelial	JAM3	F11R	JAM	3	GSE154778,GSE155698,GSE212966	1.931300557011e-05	0.0
from_endothelial	endothelial	B_cell	HLA-DPB1	CD4	MHC-II	3	GSE154778,GSE155698,GSE212966	1.92870044220094e-05	0.0
from_endothelial	endothelial	B_cell	CD99	PILRA	CD99	3	GSE154778,GSE155698,GSE212966	1.90613134350266e-05	0.0
from_endothelial	endothelial	fibroblast_CAF	JAG1	NOTCH2	NOTCH	3	GSE154778,GSE155698,GSE212966	1.90193310600611e-05	0.0
to_endothelial	endothelial	endothelial	SEMA6B	PLXNA2	SEMA6	3	GSE154778,GSE155698,GSE212966	1.8829887661832e-05	0.0
from_endothelial	endothelial	endothelial	SEMA6B	PLXNA2	SEMA6	3	GSE154778,GSE155698,GSE212966	1.8829887661832e-05	0.0
from_endothelial	endothelial	fibroblast_CAF	JAG2	NOTCH2	NOTCH	3	GSE154778,GSE155698,GSE212966	1.85485483646475e-05	0.0
to_endothelial	epithelial	endothelial	JAG1	NOTCH1	NOTCH	3	GSE154778,GSE155698,GSE212966	1.84825471669645e-05	0.0
to_endothelial	endothelial	endothelial	EFNB1	EPHA4	EPHB	3	GSE154778,GSE155698,GSE212966	1.84514537691013e-05	0.0
from_endothelial	endothelial	endothelial	EFNB1	EPHA4	EPHB	3	GSE154778,GSE155698,GSE212966	1.84514537691013e-05	0.0
from_endothelial	endothelial	myeloid	ICAM1	SPN	ICAM	3	GSE154778,GSE155698,GSE212966	1.82961371037899e-05	0.0
from_endothelial	endothelial	malignant_epithelial	SPP1	ITGAV_ITGB5	SPP1	3	GSE154778,GSE155698,GSE212966	1.81451118837348e-05	0.0
to_endothelial	malignant_epithelial	endothelial	EFNB2	EPHB4	EPHB	3	GSE154778,GSE155698,GSE212966	1.81352278561556e-05	0.0
from_endothelial	endothelial	epithelial	AGRN	DAG1	AGRN	3	GSE154778,GSE155698,GSE212966	1.78485496259106e-05	0.0
to_endothelial	fibroblast_CAF	endothelial	LAMB2	DAG1	LAMININ	3	GSE154778,GSE155698,GSE212966	1.78110308236252e-05	0.0
to_endothelial	endothelial	endothelial	EFNA1	EPHA4	EPHA	3	GSE154778,GSE155698,GSE212966	1.77965502133877e-05	0.0
from_endothelial	endothelial	endothelial	EFNA1	EPHA4	EPHA	3	GSE154778,GSE155698,GSE212966	1.77965502133877e-05	0.0
to_endothelial	endothelial	endothelial	TGFB1	TGFbR1_R2	TGFb	3	GSE154778,GSE155698,GSE212966	1.77805045836943e-05	0.0
from_endothelial	endothelial	endothelial	TGFB1	TGFbR1_R2	TGFb	3	GSE154778,GSE155698,GSE212966	1.77805045836943e-05	0.0
to_endothelial	fibroblast_CAF	endothelial	ADM	CALCRL	CALCR	3	GSE154778,GSE155698,GSE212966	1.7695922324218e-05	0.0
to_endothelial	malignant_epithelial	endothelial	SPP1	ITGA9_ITGB1	SPP1	3	GSE154778,GSE155698,GSE212966	1.76874841780474e-05	0.0
from_endothelial	endothelial	malignant_epithelial	CD46	JAG1	CD46	3	GSE154778,GSE155698,GSE212966	1.76660266334485e-05	0.0
to_endothelial	malignant_epithelial	endothelial	LAMC1	ITGA6_ITGB4	LAMININ	3	GSE154778,GSE155698,GSE212966	1.75903063204644e-05	0.0
from_endothelial	endothelial	mast	LGALS9	HAVCR2	GALECTIN	3	GSE154778,GSE155698,GSE212966	1.72337471723155e-05	0.0
from_endothelial	endothelial	T_NK	ICAM1	SPN	ICAM	3	GSE154778,GSE155698,GSE212966	1.71373806418037e-05	0.0
to_endothelial	B_cell	endothelial	TGFB1	TGFbR1_R2	TGFb	3	GSE154778,GSE155698,GSE212966	1.71298119222575e-05	0.0
from_endothelial	endothelial	myeloid	ANXA1	FPR2	ANNEXIN	3	GSE154778,GSE155698,GSE212966	1.6910698702121e-05	0.0
to_endothelial	fibroblast_CAF	endothelial	LAMC1	DAG1	LAMININ	3	GSE154778,GSE155698,GSE212966	1.69024682195446e-05	0.0
from_endothelial	endothelial	myeloid	ANGPT2	ITGA5_ITGB1	ANGPT	3	GSE154778,GSE155698,GSE212966	1.68773471832065e-05	0.0
to_endothelial	malignant_epithelial	endothelial	LAMC1	ITGA2_ITGB1	LAMININ	3	GSE154778,GSE155698,GSE212966	1.67982130974751e-05	0.0
from_endothelial	endothelial	epithelial	EFNB2	EPHB4	EPHB	3	GSE154778,GSE155698,GSE212966	1.65733530249432e-05	0.0
to_endothelial	epithelial	endothelial	LAMA5	ITGA3_ITGB1	LAMININ	3	GSE154778,GSE155698,GSE212966	1.65693782307399e-05	0.0
from_endothelial	endothelial	myeloid	HLA-DQB1	CD4	MHC-II	3	GSE154778,GSE155698,GSE212966	1.6407722473995e-05	0.0
from_endothelial	endothelial	fibroblast_CAF	LAMA4	DAG1	LAMININ	3	GSE154778,GSE155698,GSE212966	1.63499596025772e-05	0.0
to_endothelial	endothelial	endothelial	TNXB	ITGA8_ITGB1	TENASCIN	3	GSE154778,GSE155698,GSE212966	1.61785978928855e-05	0.0
from_endothelial	endothelial	endothelial	TNXB	ITGA8_ITGB1	TENASCIN	3	GSE154778,GSE155698,GSE212966	1.61785978928855e-05	0.0
to_endothelial	myeloid	endothelial	TNF	TNFRSF1B	TNF	3	GSE154778,GSE155698,GSE212966	1.61436211955179e-05	0.0
to_endothelial	endothelial	endothelial	LAMA5	DAG1	LAMININ	3	GSE154778,GSE155698,GSE212966	1.60831622027953e-05	0.0
from_endothelial	endothelial	endothelial	LAMA5	DAG1	LAMININ	3	GSE154778,GSE155698,GSE212966	1.60831622027953e-05	0.0
from_endothelial	endothelial	myeloid	HLA-DMA	CD4	MHC-II	3	GSE154778,GSE155698,GSE212966	1.60333356625229e-05	0.0
to_endothelial	endothelial	endothelial	CD99	CD99L2	CD99	3	GSE154778,GSE155698,GSE212966	1.59810778355717e-05	0.0
from_endothelial	endothelial	endothelial	CD99	CD99L2	CD99	3	GSE154778,GSE155698,GSE212966	1.59810778355717e-05	0.0
from_endothelial	endothelial	myeloid	F11R	ITGAL_ITGB2	JAM	3	GSE154778,GSE155698,GSE212966	1.59597821014974e-05	0.0
from_endothelial	endothelial	fibroblast_CAF	PDGFB	PDGFRA	PDGF	3	GSE154778,GSE155698,GSE212966	1.59402781272838e-05	0.0
to_endothelial	B_cell	endothelial	SPP1	ITGA8_ITGB1	SPP1	3	GSE154778,GSE155698,GSE212966	1.58616635460405e-05	0.0
to_endothelial	epithelial	endothelial	EFNA1	EPHA4	EPHA	3	GSE154778,GSE155698,GSE212966	1.58147616494342e-05	0.0
from_endothelial	endothelial	fibroblast_CAF	TGFB1	ACVR1_TGFbR	TGFb	3	GSE154778,GSE155698,GSE212966	1.57881558747106e-05	0.0
from_endothelial	endothelial	malignant_epithelial	AGRN	DAG1	AGRN	3	GSE154778,GSE155698,GSE212966	1.5581322386779e-05	0.0
to_endothelial	endothelial	endothelial	JAM3	JAM3	JAM	3	GSE154778,GSE155698,GSE212966	1.55523385760423e-05	0.0
from_endothelial	endothelial	endothelial	JAM3	JAM3	JAM	3	GSE154778,GSE155698,GSE212966	1.55523385760423e-05	0.0
from_endothelial	endothelial	fibroblast_CAF	LAMC1	DAG1	LAMININ	3	GSE154778,GSE155698,GSE212966	1.55387601795975e-05	0.0
to_endothelial	B_cell	endothelial	VEGFA	KDR	VEGF	3	GSE154778,GSE155698,GSE212966	1.55365153237753e-05	0.0
to_endothelial	epithelial	endothelial	SEMA3C	NRP1_PLXNA2	SEMA3	3	GSE154778,GSE155698,GSE212966	1.54199410952072e-05	0.0
to_endothelial	malignant_epithelial	endothelial	LAMA5	ITGA9_ITGB1	LAMININ	3	GSE154778,GSE155698,GSE212966	1.54151880898438e-05	0.0
to_endothelial	endothelial	endothelial	DLL1	NOTCH1	NOTCH	3	GSE154778,GSE155698,GSE212966	1.53822317614276e-05	0.0
from_endothelial	endothelial	endothelial	DLL1	NOTCH1	NOTCH	3	GSE154778,GSE155698,GSE212966	1.53822317614276e-05	0.0
to_endothelial	epithelial	endothelial	LAMA3	DAG1	LAMININ	3	GSE154778,GSE155698,GSE212966	1.53277299778183e-05	0.0
from_endothelial	endothelial	myeloid	GAS6	MERTK	GAS	3	GSE154778,GSE155698,GSE212966	1.49481044862601e-05	0.0
to_endothelial	CD8	endothelial	CD96	PVR	CD96	3	GSE154778,GSE155698,GSE212966	1.4945261553674e-05	0.0
to_endothelial	epithelial	endothelial	MPZL1	MPZL1	MPZ	3	GSE154778,GSE155698,GSE212966	1.49002977186001e-05	0.0
from_endothelial	endothelial	epithelial	MPZL1	MPZL1	MPZ	3	GSE154778,GSE155698,GSE212966	1.49002977186001e-05	0.0
from_endothelial	endothelial	myeloid	GAS6	AXL	GAS	3	GSE154778,GSE155698,GSE212966	1.45935844489817e-05	0.0
to_endothelial	malignant_epithelial	endothelial	SEMA3C	PLXND1	SEMA3	3	GSE154778,GSE155698,GSE212966	1.45301851888952e-05	0.0
from_endothelial	endothelial	myeloid	ANGPTL2	ITGA5_ITGB1	ANGPTL	3	GSE154778,GSE155698,GSE212966	1.44176558159352e-05	0.0
to_endothelial	fibroblast_CAF	endothelial	COMP	CD47	THBS	3	GSE154778,GSE155698,GSE212966	1.43605380539857e-05	0.0
to_endothelial	malignant_epithelial	endothelial	LAMB2	ITGA1_ITGB1	LAMININ	3	GSE154778,GSE155698,GSE212966	1.40851808495996e-05	0.0
from_endothelial	endothelial	CD8	ICAM1	SPN	ICAM	3	GSE154778,GSE155698,GSE212966	1.40096257058202e-05	0.0
to_endothelial	endothelial	endothelial	LAMB2	DAG1	LAMININ	3	GSE154778,GSE155698,GSE212966	1.38521947033914e-05	0.0
from_endothelial	endothelial	endothelial	LAMB2	DAG1	LAMININ	3	GSE154778,GSE155698,GSE212966	1.38521947033914e-05	0.0
to_endothelial	myeloid	endothelial	SELPLG	SELP	SELPLG	3	GSE154778,GSE155698,GSE212966	1.36193861507636e-05	0.0
to_endothelial	endothelial	endothelial	ANGPT2	TEK	ANGPT	3	GSE154778,GSE155698,GSE212966	1.3483169900934e-05	0.0
from_endothelial	endothelial	endothelial	ANGPT2	TEK	ANGPT	3	GSE154778,GSE155698,GSE212966	1.3483169900934e-05	0.0
to_endothelial	fibroblast_CAF	endothelial	CXCL12	ACKR3	CXCL	3	GSE154778,GSE155698,GSE212966	1.34761529659845e-05	0.0
to_endothelial	fibroblast_CAF	endothelial	COMP	CD36	THBS	3	GSE154778,GSE155698,GSE212966	1.3475911696932e-05	0.0
from_endothelial	endothelial	myeloid	JAG2	NOTCH2	NOTCH	3	GSE154778,GSE155698,GSE212966	1.3355836793466e-05	0.0
to_endothelial	fibroblast_CAF	endothelial	PGF	FLT1	VEGF	3	GSE154778,GSE155698,GSE212966	1.33235011855028e-05	0.0
to_endothelial	malignant_epithelial	endothelial	EFNA1	EPHA4	EPHA	3	GSE154778,GSE155698,GSE212966	1.3276260026602e-05	0.0
from_endothelial	endothelial	B_cell	ICAM1	ITGAM_ITGB2	ICAM	3	GSE154778,GSE155698,GSE212966	1.32514377130098e-05	0.0
from_endothelial	endothelial	B_cell	LAMA4	ITGA6_ITGB1	LAMININ	3	GSE154778,GSE155698,GSE212966	1.31551101684462e-05	0.0
to_endothelial	malignant_epithelial	endothelial	LAMC1	ITGA9_ITGB1	LAMININ	3	GSE154778,GSE155698,GSE212966	1.31336128449372e-05	0.0
to_endothelial	malignant_epithelial	endothelial	LAMA3	DAG1	LAMININ	3	GSE154778,GSE155698,GSE212966	1.31036998351244e-05	0.0
to_endothelial	myeloid	endothelial	SEMA4A	NRP1_PLXNA2	SEMA4	3	GSE154778,GSE155698,GSE212966	1.30417208429447e-05	0.0
from_endothelial	endothelial	myeloid	JAG1	NOTCH2	NOTCH	3	GSE154778,GSE155698,GSE212966	1.30344762819866e-05	0.0
to_endothelial	epithelial	endothelial	ANGPTL4	ITGA5_ITGB1	ANGPTL	3	GSE154778,GSE155698,GSE212966	1.30306898470389e-05	0.0
to_endothelial	malignant_epithelial	endothelial	LAMA5	ITGA3_ITGB1	LAMININ	3	GSE154778,GSE155698,GSE212966	1.30238215010858e-05	0.0
from_endothelial	endothelial	fibroblast_CAF	DLL4	NOTCH2	NOTCH	3	GSE154778,GSE155698,GSE212966	1.30127654738901e-05	0.0
to_endothelial	epithelial	endothelial	EFNB1	EPHB4	EPHB	3	GSE154778,GSE155698,GSE212966	1.29266538712659e-05	0.0
from_endothelial	endothelial	fibroblast_CAF	ANGPTL4	SDC2	ANGPTL	3	GSE154778,GSE155698,GSE212966	1.28073436803226e-05	0.0
to_endothelial	malignant_epithelial	endothelial	JAG1	NOTCH1	NOTCH	3	GSE154778,GSE155698,GSE212966	1.2735270981765e-05	0.0
from_endothelial	endothelial	epithelial	TGFB1	ACVR1B_TGFbR2	TGFb	3	GSE154778,GSE155698,GSE212966	1.27298942574838e-05	0.0
to_endothelial	endothelial	endothelial	SEMA6A	PLXNA2	SEMA6	3	GSE154778,GSE155698,GSE212966	1.27093392000604e-05	0.0
from_endothelial	endothelial	endothelial	SEMA6A	PLXNA2	SEMA6	3	GSE154778,GSE155698,GSE212966	1.27093392000604e-05	0.0
from_endothelial	endothelial	epithelial	HBEGF	EGFR_ERBB2	EGF	3	GSE154778,GSE155698,GSE212966	1.26969525761166e-05	0.0
from_endothelial	endothelial	fibroblast_CAF	SEMA3F	NRP2_PLXNA1	SEMA3	3	GSE154778,GSE155698,GSE212966	1.26553980391795e-05	0.0
to_endothelial	fibroblast_CAF	endothelial	WNT5A	FZD4	ncWNT	3	GSE154778,GSE155698,GSE212966	1.26489623959365e-05	0.0
to_endothelial	malignant_epithelial	endothelial	SEMA3C	NRP1_NRP2	SEMA3	3	GSE154778,GSE155698,GSE212966	1.26337898424143e-05	0.0
to_endothelial	T_NK	endothelial	CD96	PVR	CD96	3	GSE154778,GSE155698,GSE212966	1.25151407569976e-05	0.0
to_endothelial	endothelial	endothelial	VEGFB	FLT1	VEGF	3	GSE154778,GSE155698,GSE212966	1.22200728604406e-05	0.0
from_endothelial	endothelial	endothelial	VEGFB	FLT1	VEGF	3	GSE154778,GSE155698,GSE212966	1.22200728604406e-05	0.0
from_endothelial	endothelial	myeloid	TNXB	SDC4	TENASCIN	3	GSE154778,GSE155698,GSE212966	1.22022332745019e-05	0.0
from_endothelial	endothelial	malignant_epithelial	EFNB2	EPHB4	EPHB	3	GSE154778,GSE155698,GSE212966	1.21773610724116e-05	0.0
to_endothelial	CD8	endothelial	SELPLG	SELP	SELPLG	3	GSE154778,GSE155698,GSE212966	1.20093443340149e-05	0.0
to_endothelial	fibroblast_CAF	endothelial	JAM3	F11R	JAM	3	GSE154778,GSE155698,GSE212966	1.1980027711588e-05	0.0
from_endothelial	endothelial	fibroblast_CAF	F11R	JAM3	JAM	3	GSE154778,GSE155698,GSE212966	1.1980027711588e-05	0.0
from_endothelial	endothelial	fibroblast_CAF	SELE	GLG1	SELE	3	GSE154778,GSE155698,GSE212966	1.1637885901829e-05	0.0
to_endothelial	epithelial	endothelial	LAMB2	ITGA9_ITGB1	LAMININ	3	GSE154778,GSE155698,GSE212966	1.15895904682023e-05	0.0
to_endothelial	endothelial	endothelial	SELE	GLG1	SELE	3	GSE154778,GSE155698,GSE212966	1.15159527191846e-05	0.0
from_endothelial	endothelial	endothelial	SELE	GLG1	SELE	3	GSE154778,GSE155698,GSE212966	1.15159527191846e-05	0.0
to_endothelial	epithelial	endothelial	EFNB2	EPHA4	EPHB	3	GSE154778,GSE155698,GSE212966	1.15023222883605e-05	0.0
to_endothelial	epithelial	endothelial	ANGPTL4	CDH5	ANGPTL	3	GSE154778,GSE155698,GSE212966	1.12477889443438e-05	0.0
from_endothelial	endothelial	fibroblast_CAF	CD99	CD99L2	CD99	3	GSE154778,GSE155698,GSE212966	1.10150544760282e-05	0.0
from_endothelial	endothelial	epithelial	SEMA4C	PLXNB2	SEMA4	3	GSE154778,GSE155698,GSE212966	1.07890478971725e-05	0.0
to_endothelial	malignant_epithelial	endothelial	EFNB1	EPHB4	EPHB	3	GSE154778,GSE155698,GSE212966	1.0729979305596e-05	0.0
to_endothelial	epithelial	endothelial	SEMA3C	NRP2_PLXNA2	SEMA3	3	GSE154778,GSE155698,GSE212966	1.05722210331063e-05	0.0
from_endothelial	endothelial	myeloid	ANGPTL2	TLR4	ANGPTL	3	GSE154778,GSE155698,GSE212966	1.05635476545291e-05	0.0
to_endothelial	malignant_epithelial	endothelial	MPZL1	MPZL1	MPZ	3	GSE154778,GSE155698,GSE212966	1.04906167408629e-05	0.0
from_endothelial	endothelial	malignant_epithelial	MPZL1	MPZL1	MPZ	3	GSE154778,GSE155698,GSE212966	1.04906167408629e-05	0.0
from_endothelial	endothelial	myeloid	PROS1	AXL	PROS	3	GSE154778,GSE155698,GSE212966	1.03877747274776e-05	0.0
to_endothelial	fibroblast_CAF	endothelial	SPP1	ITGA9_ITGB1	SPP1	3	GSE154778,GSE155698,GSE212966	1.02764063849861e-05	0.0
to_endothelial	fibroblast_CAF	endothelial	THBS3	ITGA3_ITGB1	THBS	3	GSE154778,GSE155698,GSE212966	1.02447857044703e-05	0.0
from_endothelial	endothelial	fibroblast_CAF	LAMA5	DAG1	LAMININ	3	GSE154778,GSE155698,GSE212966	1.01229739751541e-05	0.0
to_endothelial	epithelial	endothelial	AGRN	DAG1	AGRN	3	GSE154778,GSE155698,GSE212966	1.00409783411862e-05	0.0
to_endothelial	malignant_epithelial	endothelial	ANGPTL4	ITGA5_ITGB1	ANGPTL	3	GSE154778,GSE155698,GSE212966	9.9707747609246e-06	0.0
from_endothelial	endothelial	fibroblast_CAF	DLL1	NOTCH3	NOTCH	3	GSE154778,GSE155698,GSE212966	9.92342571058507e-06	0.0
to_endothelial	fibroblast_CAF	endothelial	JAM3	JAM3	JAM	3	GSE154778,GSE155698,GSE212966	9.88424747637198e-06	0.0
from_endothelial	endothelial	fibroblast_CAF	JAM3	JAM3	JAM	3	GSE154778,GSE155698,GSE212966	9.88424747637198e-06	0.0
from_endothelial	endothelial	B_cell	HLA-DRB5	CD4	MHC-II	3	GSE154778,GSE155698,GSE212966	9.79148555160095e-06	0.0
from_endothelial	endothelial	epithelial	SEMA3F	NRP2_PLXNA2	SEMA3	3	GSE154778,GSE155698,GSE212966	9.76863876497959e-06	0.0
to_endothelial	epithelial	endothelial	SPP1	ITGA8_ITGB1	SPP1	3	GSE154778,GSE155698,GSE212966	9.56380982962567e-06	0.0
to_endothelial	fibroblast_CAF	endothelial	CXCL12	CXCR4	CXCL	3	GSE154778,GSE155698,GSE212966	9.52873119702642e-06	0.0
from_endothelial	endothelial	myeloid	ANGPTL2	LILRB3	ANGPTL	3	GSE154778,GSE155698,GSE212966	9.42928352350272e-06	0.0
to_endothelial	malignant_epithelial	endothelial	EFNB2	EPHA4	EPHB	3	GSE154778,GSE155698,GSE212966	9.29463740729665e-06	0.0
from_endothelial	endothelial	B_cell	THY1	ITGAX_ITGB2	THY1	3	GSE154778,GSE155698,GSE212966	9.22916533738859e-06	0.0
from_endothelial	endothelial	fibroblast_CAF	EFNA1	EPHA3	EPHA	3	GSE154778,GSE155698,GSE212966	9.15155970036009e-06	0.0
to_endothelial	malignant_epithelial	endothelial	SEMA3C	NRP1_PLXNA2	SEMA3	3	GSE154778,GSE155698,GSE212966	9.09526392846183e-06	0.0
from_endothelial	endothelial	fibroblast_CAF	LAMB2	DAG1	LAMININ	3	GSE154778,GSE155698,GSE212966	9.03853075108715e-06	0.0
to_endothelial	fibroblast_CAF	endothelial	LAMA2	DAG1	LAMININ	3	GSE154778,GSE155698,GSE212966	9.02101884933521e-06	0.0
from_endothelial	endothelial	fibroblast_CAF	PDGFD	PDGFRB	PDGF	3	GSE154778,GSE155698,GSE212966	8.89875799275641e-06	0.0
from_endothelial	endothelial	myeloid	DLL4	NOTCH2	NOTCH	3	GSE154778,GSE155698,GSE212966	8.86114433569934e-06	0.0
to_endothelial	myeloid	endothelial	F11R	JAM3	JAM	3	GSE154778,GSE155698,GSE212966	8.83595442837482e-06	0.0
from_endothelial	endothelial	myeloid	JAM3	F11R	JAM	3	GSE154778,GSE155698,GSE212966	8.83595442837482e-06	0.0
to_endothelial	endothelial	endothelial	SPP1	ITGA8_ITGB1	SPP1	3	GSE154778,GSE155698,GSE212966	8.79749868013329e-06	0.0
from_endothelial	endothelial	endothelial	SPP1	ITGA8_ITGB1	SPP1	3	GSE154778,GSE155698,GSE212966	8.79749868013329e-06	0.0
from_endothelial	endothelial	malignant_epithelial	SEMA4C	PLXNB2	SEMA4	3	GSE154778,GSE155698,GSE212966	8.75187773219489e-06	0.0
from_endothelial	endothelial	fibroblast_CAF	SELE	CD44	SELE	3	GSE154778,GSE155698,GSE212966	8.73122121409379e-06	0.0
to_endothelial	malignant_epithelial	endothelial	ANGPTL4	CDH5	ANGPTL	3	GSE154778,GSE155698,GSE212966	8.62466150658534e-06	0.0
from_endothelial	endothelial	B_cell	GAS6	AXL	GAS	3	GSE154778,GSE155698,GSE212966	8.62343040949746e-06	0.0
from_endothelial	endothelial	myeloid	HLA-F	LILRB1	MHC-I	3	GSE154778,GSE155698,GSE212966	8.60772515485448e-06	0.0
from_endothelial	endothelial	epithelial	EFNB1	EPHB4	EPHB	3	GSE154778,GSE155698,GSE212966	8.4844178458628e-06	0.0
to_endothelial	endothelial	endothelial	SELL	PODXL	SELL	3	GSE154778,GSE155698,GSE212966	8.48086325693044e-06	0.0
from_endothelial	endothelial	endothelial	SELL	PODXL	SELL	3	GSE154778,GSE155698,GSE212966	8.48086325693044e-06	0.0
from_endothelial	endothelial	malignant_epithelial	TGFB1	ACVR1_TGFbR	TGFb	3	GSE154778,GSE155698,GSE212966	8.42079940014088e-06	0.0
to_endothelial	CD8	endothelial	SEMA4D	PLXNB2	SEMA4	3	GSE154778,GSE155698,GSE212966	8.29332558715478e-06	0.0
to_endothelial	malignant_epithelial	endothelial	AGRN	DAG1	AGRN	3	GSE154778,GSE155698,GSE212966	8.19599531192948e-06	0.0
to_endothelial	endothelial	endothelial	GRN	SORT1	GRN	3	GSE154778,GSE155698,GSE212966	8.15081011358415e-06	0.0
from_endothelial	endothelial	endothelial	GRN	SORT1	GRN	3	GSE154778,GSE155698,GSE212966	8.15081011358415e-06	0.0
to_endothelial	CD8	endothelial	SPP1	ITGA9_ITGB1	SPP1	3	GSE154778,GSE155698,GSE212966	8.12536738910798e-06	0.0
from_endothelial	endothelial	malignant_epithelial	TGFB1	ACVR1B_TGFbR2	TGFb	3	GSE154778,GSE155698,GSE212966	8.0946313212151e-06	0.0
from_endothelial	endothelial	epithelial	HBEGF	EGFR	EGF	3	GSE154778,GSE155698,GSE212966	8.05412187955445e-06	0.0
from_endothelial	endothelial	malignant_epithelial	HBEGF	EGFR_ERBB2	EGF	3	GSE154778,GSE155698,GSE212966	8.03070878603355e-06	0.0
from_endothelial	endothelial	epithelial	SEMA3F	NRP2_PLXNA1	SEMA3	3	GSE154778,GSE155698,GSE212966	7.86504521070793e-06	0.0
to_endothelial	endothelial	endothelial	AGRN	DAG1	AGRN	3	GSE154778,GSE155698,GSE212966	7.80693836147688e-06	0.0
from_endothelial	endothelial	endothelial	AGRN	DAG1	AGRN	3	GSE154778,GSE155698,GSE212966	7.80693836147688e-06	0.0
from_endothelial	endothelial	epithelial	SEMA6B	PLXNA2	SEMA6	3	GSE154778,GSE155698,GSE212966	7.74331767686999e-06	0.0
to_endothelial	endothelial	endothelial	SELL	CD34	SELL	3	GSE154778,GSE155698,GSE212966	7.72119320351934e-06	0.0
from_endothelial	endothelial	endothelial	SELL	CD34	SELL	3	GSE154778,GSE155698,GSE212966	7.72119320351934e-06	0.0
from_endothelial	endothelial	B_cell	HLA-DMA	CD4	MHC-II	3	GSE154778,GSE155698,GSE212966	7.71900333307822e-06	0.0
to_endothelial	T_NK	endothelial	TIGIT	PVR	TIGIT	3	GSE154778,GSE155698,GSE212966	7.71659068341019e-06	0.0
from_endothelial	endothelial	T_NK	PVR	TIGIT	PVR	3	GSE154778,GSE155698,GSE212966	7.71659068341019e-06	0.0
to_endothelial	endothelial	endothelial	VEGFC	FLT4	VEGF	3	GSE154778,GSE155698,GSE212966	7.52974152234498e-06	0.0
from_endothelial	endothelial	endothelial	VEGFC	FLT4	VEGF	3	GSE154778,GSE155698,GSE212966	7.52974152234498e-06	0.0
to_endothelial	malignant_epithelial	endothelial	LAMB2	ITGA9_ITGB1	LAMININ	3	GSE154778,GSE155698,GSE212966	7.47180642554571e-06	0.0
to_endothelial	fibroblast_CAF	endothelial	WNT5A	FZD6	ncWNT	3	GSE154778,GSE155698,GSE212966	7.4405767283349e-06	0.0
to_endothelial	epithelial	endothelial	LAMB1	ITGA9_ITGB1	LAMININ	3	GSE154778,GSE155698,GSE212966	7.40567036227191e-06	0.0
from_endothelial	endothelial	epithelial	SELE	GLG1	SELE	3	GSE154778,GSE155698,GSE212966	7.19846149627644e-06	0.0
to_endothelial	endothelial	endothelial	ITGA9_ITGB1	VCAM1	VCAM	3	GSE154778,GSE155698,GSE212966	7.16988147909102e-06	0.0
from_endothelial	endothelial	endothelial	ITGA9_ITGB1	VCAM1	VCAM	3	GSE154778,GSE155698,GSE212966	7.16988147909102e-06	0.0
from_endothelial	endothelial	malignant_epithelial	SEMA3F	NRP2_PLXNA2	SEMA3	3	GSE154778,GSE155698,GSE212966	7.07418883707648e-06	0.0
to_endothelial	myeloid	endothelial	SEMA4D	PLXNB2	SEMA4	3	GSE154778,GSE155698,GSE212966	7.04319278665452e-06	0.0
to_endothelial	malignant_epithelial	endothelial	SPP1	ITGA8_ITGB1	SPP1	3	GSE154778,GSE155698,GSE212966	7.03597922124763e-06	0.0
to_endothelial	epithelial	endothelial	EFNB1	EPHA4	EPHB	3	GSE154778,GSE155698,GSE212966	6.88509667372286e-06	0.0
to_endothelial	endothelial	endothelial	CXCL12	ACKR3	CXCL	3	GSE154778,GSE155698,GSE212966	6.73333856070595e-06	0.0
from_endothelial	endothelial	endothelial	CXCL12	ACKR3	CXCL	3	GSE154778,GSE155698,GSE212966	6.73333856070595e-06	0.0
from_endothelial	endothelial	mast	ICAM2	ITGAM_ITGB2	ICAM	3	GSE154778,GSE155698,GSE212966	6.72973833707755e-06	0.0
to_endothelial	epithelial	endothelial	LAMA5	DAG1	LAMININ	3	GSE154778,GSE155698,GSE212966	6.70905422307795e-06	0.0
to_endothelial	T_NK	endothelial	ITGA4_ITGB1	VCAM1	VCAM	3	GSE154778,GSE155698,GSE212966	6.68097215568956e-06	0.0
from_endothelial	endothelial	malignant_epithelial	EFNB1	EPHB4	EPHB	3	GSE154778,GSE155698,GSE212966	6.61663408170881e-06	0.0
from_endothelial	endothelial	fibroblast_CAF	SEMA4C	PLXNB2	SEMA4	3	GSE154778,GSE155698,GSE212966	6.51402095724536e-06	0.0
from_endothelial	endothelial	B_cell	THY1	ITGAM_ITGB2	THY1	3	GSE154778,GSE155698,GSE212966	6.49147711274654e-06	0.0
from_endothelial	endothelial	B_cell	LGALS9	HAVCR2	GALECTIN	3	GSE154778,GSE155698,GSE212966	6.4431946949e-06	0.0
from_endothelial	endothelial	B_cell	LAMA5	ITGA6_ITGB1	LAMININ	3	GSE154778,GSE155698,GSE212966	6.42705807056788e-06	0.0
to_endothelial	endothelial	endothelial	THBS1	CD36	THBS	3	GSE154778,GSE155698,GSE212966	6.4238000380874e-06	0.0
from_endothelial	endothelial	endothelial	THBS1	CD36	THBS	3	GSE154778,GSE155698,GSE212966	6.4238000380874e-06	0.0
from_endothelial	endothelial	epithelial	SEMA3F	NRP2_PLXNA3	SEMA3	3	GSE154778,GSE155698,GSE212966	6.40373146616544e-06	0.0
to_endothelial	endothelial	endothelial	SEMA3F	NRP2_PLXNA1	SEMA3	3	GSE154778,GSE155698,GSE212966	6.39116069851001e-06	0.0
from_endothelial	endothelial	endothelial	SEMA3F	NRP2_PLXNA1	SEMA3	3	GSE154778,GSE155698,GSE212966	6.39116069851001e-06	0.0
to_endothelial	epithelial	endothelial	EDN1	EDNRB	EDN	3	GSE154778,GSE155698,GSE212966	6.35950339384529e-06	0.0
from_endothelial	endothelial	fibroblast_CAF	DLL1	NOTCH2	NOTCH	3	GSE154778,GSE155698,GSE212966	6.31602865885557e-06	0.0
from_endothelial	endothelial	malignant_epithelial	SEMA6B	PLXNA2	SEMA6	3	GSE154778,GSE155698,GSE212966	6.30579976683313e-06	0.0
to_endothelial	fibroblast_CAF	endothelial	SEMA3C	NRP1_PLXNA1	SEMA3	3	GSE154778,GSE155698,GSE212966	6.29613814672815e-06	0.0
from_endothelial	endothelial	myeloid	THBS1	CD36	THBS	3	GSE154778,GSE155698,GSE212966	6.22859694860159e-06	0.0
to_endothelial	malignant_epithelial	endothelial	SEMA3C	NRP2_PLXNA2	SEMA3	3	GSE154778,GSE155698,GSE212966	6.21575480922919e-06	0.0
from_endothelial	endothelial	fibroblast_CAF	AGRN	DAG1	AGRN	3	GSE154778,GSE155698,GSE212966	6.16553676379309e-06	0.0
from_endothelial	endothelial	malignant_epithelial	SELE	GLG1	SELE	3	GSE154778,GSE155698,GSE212966	6.16379630184614e-06	0.0
to_endothelial	mast	endothelial	OSM	OSMR_IL6ST	OSM	3	GSE154778,GSE155698,GSE212966	6.08874451053136e-06	0.0
from_endothelial	endothelial	B_cell	PROS1	AXL	PROS	3	GSE154778,GSE155698,GSE212966	6.05894485670405e-06	0.0
to_endothelial	fibroblast_CAF	endothelial	THBS4	ITGA3_ITGB1	THBS	3	GSE154778,GSE155698,GSE212966	6.01147865423956e-06	0.0
from_endothelial	endothelial	B_cell	JAM3	ITGAM_ITGB2	JAM	3	GSE154778,GSE155698,GSE212966	5.98383619087379e-06	0.0
to_endothelial	mast	endothelial	SEMA4D	PLXNB2	SEMA4	3	GSE154778,GSE155698,GSE212966	5.93447011312333e-06	0.0
from_endothelial	endothelial	epithelial	IGF2	ITGA6_ITGB4	IGF	3	GSE154778,GSE155698,GSE212966	5.83924424294252e-06	0.0
to_endothelial	CD8	endothelial	ITGA4_ITGB1	VCAM1	VCAM	3	GSE154778,GSE155698,GSE212966	5.75773613050091e-06	0.0
to_endothelial	CD8	endothelial	IFNG	IFNGR1_IFNGR2	IFN-II	3	GSE154778,GSE155698,GSE212966	5.72395674634551e-06	0.0
to_endothelial	fibroblast_CAF	endothelial	ANGPT2	ITGA5_ITGB1	ANGPT	3	GSE154778,GSE155698,GSE212966	5.69815759813484e-06	0.0
from_endothelial	endothelial	epithelial	JAG2	NOTCH2	NOTCH	3	GSE154778,GSE155698,GSE212966	5.67047369849786e-06	0.0
from_endothelial	endothelial	epithelial	JAG1	NOTCH2	NOTCH	3	GSE154778,GSE155698,GSE212966	5.65327596783674e-06	0.0
to_endothelial	malignant_epithelial	endothelial	EDN1	EDNRB	EDN	3	GSE154778,GSE155698,GSE212966	5.52132032358406e-06	0.0
to_endothelial	malignant_epithelial	endothelial	EFNB1	EPHA4	EPHB	3	GSE154778,GSE155698,GSE212966	5.45402206327301e-06	0.0
to_endothelial	malignant_epithelial	endothelial	LAMA5	DAG1	LAMININ	3	GSE154778,GSE155698,GSE212966	5.25812363483071e-06	0.0
to_endothelial	fibroblast_CAF	endothelial	ANGPTL4	ITGA5_ITGB1	ANGPTL	3	GSE154778,GSE155698,GSE212966	5.21902296806505e-06	0.0
from_endothelial	endothelial	malignant_epithelial	IGF2	ITGA6_ITGB4	IGF	3	GSE154778,GSE155698,GSE212966	5.15889263544542e-06	0.0
from_endothelial	endothelial	epithelial	TNFSF10	TNFRSF10A	TRAIL	3	GSE154778,GSE155698,GSE212966	5.13033630918761e-06	0.0
to_endothelial	CD8	endothelial	TIGIT	PVR	TIGIT	3	GSE154778,GSE155698,GSE212966	5.1006797454174e-06	0.0
from_endothelial	endothelial	CD8	PVR	TIGIT	PVR	3	GSE154778,GSE155698,GSE212966	5.1006797454174e-06	0.0
from_endothelial	endothelial	epithelial	SEMA6A	PLXNA2	SEMA6	3	GSE154778,GSE155698,GSE212966	5.00980369711372e-06	0.0
to_endothelial	epithelial	endothelial	EFNA5	EPHA4	EPHA	3	GSE154778,GSE155698,GSE212966	5.0026295053914e-06	0.0
from_endothelial	endothelial	malignant_epithelial	SEMA3F	NRP2_PLXNA1	SEMA3	3	GSE154778,GSE155698,GSE212966	4.72325104876293e-06	0.0
from_endothelial	endothelial	malignant_epithelial	SEMA3F	NRP2_PLXNA3	SEMA3	3	GSE154778,GSE155698,GSE212966	4.61253392605143e-06	0.0
from_endothelial	endothelial	malignant_epithelial	HBEGF	EGFR	EGF	3	GSE154778,GSE155698,GSE212966	4.56226009612125e-06	0.0
to_endothelial	fibroblast_CAF	endothelial	ANGPTL4	CDH5	ANGPTL	3	GSE154778,GSE155698,GSE212966	4.54826146221634e-06	0.0
to_endothelial	fibroblast_CAF	endothelial	SPP1	ITGA8_ITGB1	SPP1	3	GSE154778,GSE155698,GSE212966	4.43081837510992e-06	0.0
to_endothelial	fibroblast_CAF	endothelial	SEMA3C	NRP2_PLXNA1	SEMA3	3	GSE154778,GSE155698,GSE212966	4.36862086233573e-06	0.0
from_endothelial	endothelial	malignant_epithelial	SELE	CEACAM1	CEACAM	3	GSE154778,GSE155698,GSE212966	4.35381252398634e-06	0.0
from_endothelial	endothelial	myeloid	ICAM1	ITGAL	ICAM	3	GSE154778,GSE155698,GSE212966	4.24300751090425e-06	0.0
to_endothelial	myeloid	endothelial	THBS1	CD36	THBS	3	GSE154778,GSE155698,GSE212966	4.2425359624043e-06	0.0
from_endothelial	endothelial	fibroblast_CAF	PDGFA	PDGFRB	PDGF	3	GSE154778,GSE155698,GSE212966	4.22581336131458e-06	0.0
from_endothelial	endothelial	epithelial	EFNB2	EPHA4	EPHB	3	GSE154778,GSE155698,GSE212966	4.11683973873836e-06	0.0
to_endothelial	mast	endothelial	ITGB2	ICAM2	ITGB2	3	GSE154778,GSE155698,GSE212966	4.1168183294367e-06	0.0
to_endothelial	B_cell	endothelial	SELPLG	SELP	SELPLG	3	GSE154778,GSE155698,GSE212966	4.01566908238593e-06	0.0
to_endothelial	B_cell	endothelial	SEMA4D	PLXNB2	SEMA4	3	GSE154778,GSE155698,GSE212966	4.00703570161378e-06	0.0
from_endothelial	endothelial	myeloid	IGF2	IGF2R	IGF	3	GSE154778,GSE155698,GSE212966	4.00116247151503e-06	0.0
from_endothelial	endothelial	malignant_epithelial	SEMA6A	PLXNA2	SEMA6	3	GSE154778,GSE155698,GSE212966	3.98508455122541e-06	0.0
from_endothelial	endothelial	epithelial	DLL4	NOTCH2	NOTCH	3	GSE154778,GSE155698,GSE212966	3.93831929213653e-06	0.0
to_endothelial	myeloid	endothelial	SELPLG	SELE	SELPLG	3	GSE154778,GSE155698,GSE212966	3.91104936997847e-06	0.0
from_endothelial	endothelial	myeloid	DLL1	NOTCH2	NOTCH	3	GSE154778,GSE155698,GSE212966	3.79140582040613e-06	0.0
to_endothelial	malignant_epithelial	endothelial	LAMB1	ITGA9_ITGB1	LAMININ	3	GSE154778,GSE155698,GSE212966	3.78173049688806e-06	0.0
from_endothelial	endothelial	fibroblast_CAF	HBEGF	EGFR	EGF	3	GSE154778,GSE155698,GSE212966	3.63418616467139e-06	0.0
from_endothelial	endothelial	myeloid	SEMA4C	PLXNB2	SEMA4	3	GSE154778,GSE155698,GSE212966	3.61225158638754e-06	0.0
from_endothelial	endothelial	malignant_epithelial	JAG2	NOTCH2	NOTCH	3	GSE154778,GSE155698,GSE212966	3.58735790175225e-06	0.0
from_endothelial	endothelial	myeloid	SELE	GLG1	SELE	3	GSE154778,GSE155698,GSE212966	3.58258461142647e-06	0.0
to_endothelial	CD8	endothelial	SELPLG	SELE	SELPLG	3	GSE154778,GSE155698,GSE212966	3.45849939756068e-06	0.0
to_endothelial	fibroblast_CAF	endothelial	THBS3	CD47	THBS	3	GSE154778,GSE155698,GSE212966	3.4210571855587e-06	0.0
to_endothelial	fibroblast_CAF	endothelial	PTPRM	PTPRM	PTPRM	3	GSE154778,GSE155698,GSE212966	3.34289116057619e-06	0.0
from_endothelial	endothelial	fibroblast_CAF	PTPRM	PTPRM	PTPRM	3	GSE154778,GSE155698,GSE212966	3.34289116057619e-06	0.0
to_endothelial	fibroblast_CAF	endothelial	THBS3	CD36	THBS	3	GSE154778,GSE155698,GSE212966	3.24326423013123e-06	0.0
from_endothelial	endothelial	B_cell	SELE	GLG1	SELE	3	GSE154778,GSE155698,GSE212966	3.23792732623863e-06	0.0
to_endothelial	fibroblast_CAF	endothelial	TGFB3	TGFbR1_R2	TGFb	3	GSE154778,GSE155698,GSE212966	3.18587215817143e-06	0.0
from_endothelial	endothelial	fibroblast_CAF	CXCL12	ACKR3	CXCL	3	GSE154778,GSE155698,GSE212966	3.12509782080455e-06	0.0
to_endothelial	fibroblast_CAF	endothelial	IGF1	ITGA6_ITGB4	IGF	3	GSE154778,GSE155698,GSE212966	3.0274939837855e-06	0.0
from_endothelial	endothelial	malignant_epithelial	EFNB2	EPHA4	EPHB	3	GSE154778,GSE155698,GSE212966	2.99339796835671e-06	0.0
from_endothelial	endothelial	fibroblast_CAF	TNXB	SDC4	TENASCIN	3	GSE154778,GSE155698,GSE212966	2.99099997390093e-06	0.0
to_endothelial	CD8	endothelial	SPP1	ITGA8_ITGB1	SPP1	3	GSE154778,GSE155698,GSE212966	2.9852984427854e-06	0.0
from_endothelial	endothelial	epithelial	SELE	CEACAM1	CEACAM	3	GSE154778,GSE155698,GSE212966	2.97251410673584e-06	0.0
to_endothelial	epithelial	endothelial	COL9A2	ITGA1_ITGB1	COLLAGEN	3	GSE154778,GSE155698,GSE212966	2.96035939435172e-06	0.0
to_endothelial	epithelial	endothelial	SEMA3C	NRP1_PLXNA1	SEMA3	3	GSE154778,GSE155698,GSE212966	2.95862391025039e-06	0.0
to_endothelial	malignant_epithelial	endothelial	EFNA5	EPHA4	EPHA	3	GSE154778,GSE155698,GSE212966	2.90011684407817e-06	0.0
from_endothelial	endothelial	fibroblast_CAF	PDGFA	PDGFRA	PDGF	3	GSE154778,GSE155698,GSE212966	2.87807181190229e-06	0.0
from_endothelial	endothelial	T_NK	SELE	GLG1	SELE	3	GSE154778,GSE155698,GSE212966	2.86277790223032e-06	0.0
to_endothelial	endothelial	endothelial	CXCL12	CXCR4	CXCL	3	GSE154778,GSE155698,GSE212966	2.8260019216259e-06	0.0
from_endothelial	endothelial	endothelial	CXCL12	CXCR4	CXCL	3	GSE154778,GSE155698,GSE212966	2.8260019216259e-06	0.0
to_endothelial	endothelial	endothelial	SEMA4C	PLXNB2	SEMA4	3	GSE154778,GSE155698,GSE212966	2.71807695223759e-06	0.0
from_endothelial	endothelial	endothelial	SEMA4C	PLXNB2	SEMA4	3	GSE154778,GSE155698,GSE212966	2.71807695223759e-06	0.0
from_endothelial	endothelial	mast	JAM3	ITGAM_ITGB2	JAM	3	GSE154778,GSE155698,GSE212966	2.70991723115975e-06	0.0
from_endothelial	endothelial	epithelial	EFNA1	EPHA4	EPHA	3	GSE154778,GSE155698,GSE212966	2.65009167281141e-06	0.0
from_endothelial	endothelial	malignant_epithelial	DLL4	NOTCH2	NOTCH	3	GSE154778,GSE155698,GSE212966	2.56099196689916e-06	0.0
to_endothelial	myeloid	endothelial	SEMA4A	NRP1_PLXNA1	SEMA4	3	GSE154778,GSE155698,GSE212966	2.48921572061855e-06	0.0
to_endothelial	endothelial	endothelial	VEGFA	FLT1	VEGF	3	GSE154778,GSE155698,GSE212966	2.39488741753244e-06	0.0
from_endothelial	endothelial	endothelial	VEGFA	FLT1	VEGF	3	GSE154778,GSE155698,GSE212966	2.39488741753244e-06	0.0
to_endothelial	fibroblast_CAF	endothelial	JAM2	ITGAV_ITGB1	JAM	3	GSE154778,GSE155698,GSE212966	2.37005321887644e-06	0.0
to_endothelial	epithelial	endothelial	THBS1	CD36	THBS	3	GSE154778,GSE155698,GSE212966	2.35439772129758e-06	0.0
to_endothelial	fibroblast_CAF	endothelial	THBS4	CD36	THBS	3	GSE154778,GSE155698,GSE212966	2.29080718846109e-06	0.0
to_endothelial	fibroblast_CAF	endothelial	THBS4	CD47	THBS	3	GSE154778,GSE155698,GSE212966	2.25914255540485e-06	0.0
to_endothelial	B_cell	endothelial	SEMA4A	NRP1_PLXNA2	SEMA4	3	GSE154778,GSE155698,GSE212966	2.24368263081548e-06	0.0
to_endothelial	endothelial	endothelial	VEGFA	FLT1_KDR	VEGF	3	GSE154778,GSE155698,GSE212966	2.2053819363037e-06	0.0
from_endothelial	endothelial	endothelial	VEGFA	FLT1_KDR	VEGF	3	GSE154778,GSE155698,GSE212966	2.2053819363037e-06	0.0
to_endothelial	B_cell	endothelial	F11R	JAM2	JAM	3	GSE154778,GSE155698,GSE212966	2.0681697993255e-06	0.0
from_endothelial	endothelial	B_cell	JAM2	F11R	JAM	3	GSE154778,GSE155698,GSE212966	2.0681697993255e-06	0.0
from_endothelial	endothelial	epithelial	EFNB1	EPHA4	EPHB	3	GSE154778,GSE155698,GSE212966	2.04708591966143e-06	0.0
to_endothelial	epithelial	endothelial	SEMA3C	NRP2_PLXNA1	SEMA3	3	GSE154778,GSE155698,GSE212966	2.0304510754612e-06	0.0
from_endothelial	endothelial	malignant_epithelial	EFNA1	EPHA4	EPHA	3	GSE154778,GSE155698,GSE212966	1.8597135335442e-06	0.0
to_endothelial	fibroblast_CAF	endothelial	ANGPT2	TEK	ANGPT	3	GSE154778,GSE155698,GSE212966	1.81781899067961e-06	0.0
to_endothelial	epithelial	endothelial	COL9A2	ITGA2_ITGB1	COLLAGEN	3	GSE154778,GSE155698,GSE212966	1.80755979533346e-06	0.0
to_endothelial	fibroblast_CAF	endothelial	JAM2	JAM2	JAM	3	GSE154778,GSE155698,GSE212966	1.79296574278733e-06	0.0
from_endothelial	endothelial	fibroblast_CAF	JAM2	JAM2	JAM	3	GSE154778,GSE155698,GSE212966	1.79296574278733e-06	0.0
to_endothelial	malignant_epithelial	endothelial	EFNA4	EPHA4	EPHA	3	GSE154778,GSE155698,GSE212966	1.76130450265979e-06	0.0
from_endothelial	endothelial	epithelial	DLL1	NOTCH2	NOTCH	3	GSE154778,GSE155698,GSE212966	1.75791876794598e-06	0.0
to_endothelial	malignant_epithelial	endothelial	SEMA3C	NRP1_PLXNA1	SEMA3	3	GSE154778,GSE155698,GSE212966	1.74726081619675e-06	0.0
from_endothelial	endothelial	CD8	SELE	GLG1	SELE	3	GSE154778,GSE155698,GSE212966	1.727442309206e-06	0.0
to_endothelial	fibroblast_CAF	endothelial	WNT2	FZD4_LRP6	WNT	3	GSE154778,GSE155698,GSE212966	1.65331227501405e-06	0.0
to_endothelial	endothelial	endothelial	VEGFA	KDR	VEGF	3	GSE154778,GSE155698,GSE212966	1.6413558967194e-06	0.0
from_endothelial	endothelial	endothelial	VEGFA	KDR	VEGF	3	GSE154778,GSE155698,GSE212966	1.6413558967194e-06	0.0
from_endothelial	endothelial	malignant_epithelial	EFNB1	EPHA4	EPHB	3	GSE154778,GSE155698,GSE212966	1.57237529721316e-06	0.0
to_endothelial	malignant_epithelial	endothelial	SEMA7A	ITGB1_ITGA1	SEMA7	3	GSE154778,GSE155698,GSE212966	1.52886473661935e-06	0.0
to_endothelial	epithelial	endothelial	EFNA4	EPHA4	EPHA	3	GSE154778,GSE155698,GSE212966	1.46871598481114e-06	0.0
to_endothelial	fibroblast_CAF	endothelial	JAM2	ITGA3_ITGB1	JAM	3	GSE154778,GSE155698,GSE212966	1.29702415416577e-06	0.0
to_endothelial	fibroblast_CAF	endothelial	WNT2	FZD6_LRP6	WNT	3	GSE154778,GSE155698,GSE212966	1.27818164844348e-06	0.0
to_endothelial	epithelial	endothelial	COL9A2	ITGA9_ITGB1	COLLAGEN	3	GSE154778,GSE155698,GSE212966	1.24163149911874e-06	0.0
to_endothelial	mast	endothelial	THBS1	CD36	THBS	3	GSE154778,GSE155698,GSE212966	1.20385194533783e-06	0.0
to_endothelial	malignant_epithelial	endothelial	SEMA3C	NRP2_PLXNA1	SEMA3	3	GSE154778,GSE155698,GSE212966	1.1957829172864e-06	0.0
from_endothelial	endothelial	epithelial	IGF2	IGF2R	IGF	3	GSE154778,GSE155698,GSE212966	1.18050867051719e-06	0.0
to_endothelial	epithelial	endothelial	COL9A2	ITGA3_ITGB1	COLLAGEN	3	GSE154778,GSE155698,GSE212966	1.15296363314831e-06	0.0
to_endothelial	epithelial	endothelial	COL9A2	ITGA10_ITGB1	COLLAGEN	3	GSE154778,GSE155698,GSE212966	1.105179089744e-06	0.0
to_endothelial	malignant_epithelial	endothelial	THBS1	CD36	THBS	3	GSE154778,GSE155698,GSE212966	1.09581660592917e-06	0.0
from_endothelial	endothelial	malignant_epithelial	DLL1	NOTCH2	NOTCH	3	GSE154778,GSE155698,GSE212966	1.08731997535778e-06	0.0
to_endothelial	endothelial	endothelial	IGF2	ITGA6_ITGB4	IGF	3	GSE154778,GSE155698,GSE212966	1.086360648591e-06	0.0
from_endothelial	endothelial	endothelial	IGF2	ITGA6_ITGB4	IGF	3	GSE154778,GSE155698,GSE212966	1.086360648591e-06	0.0
to_endothelial	B_cell	endothelial	SELPLG	SELE	SELPLG	3	GSE154778,GSE155698,GSE212966	1.06433183231388e-06	0.0
to_endothelial	fibroblast_CAF	endothelial	JAM2	F11R	JAM	3	GSE154778,GSE155698,GSE212966	1.05387948653686e-06	0.0
from_endothelial	endothelial	fibroblast_CAF	F11R	JAM2	JAM	3	GSE154778,GSE155698,GSE212966	1.05387948653686e-06	0.0
to_endothelial	fibroblast_CAF	endothelial	FGF1	FGFR1	FGF	3	GSE154778,GSE155698,GSE212966	9.71847288305425e-07	0.0
to_endothelial	fibroblast_CAF	endothelial	PTN	SDC3	PTN	3	GSE154778,GSE155698,GSE212966	9.55224741468003e-07	0.0
to_endothelial	B_cell	endothelial	F11R	JAM3	JAM	3	GSE154778,GSE155698,GSE212966	9.44972072460812e-07	0.0
from_endothelial	endothelial	B_cell	JAM3	F11R	JAM	3	GSE154778,GSE155698,GSE212966	9.44972072460812e-07	0.0
from_endothelial	endothelial	malignant_epithelial	IGF2	IGF2R	IGF	3	GSE154778,GSE155698,GSE212966	8.81127856593044e-07	0.0
to_endothelial	epithelial	endothelial	TGFB2	TGFbR1_R2	TGFb	3	GSE154778,GSE155698,GSE212966	8.61375008519081e-07	0.0
to_endothelial	fibroblast_CAF	endothelial	JAM2	JAM3	JAM	3	GSE154778,GSE155698,GSE212966	8.43768912429599e-07	0.0
from_endothelial	endothelial	fibroblast_CAF	JAM3	JAM2	JAM	3	GSE154778,GSE155698,GSE212966	8.43768912429599e-07	0.0
from_endothelial	endothelial	epithelial	IGF2	IGF1R	IGF	3	GSE154778,GSE155698,GSE212966	8.13697297381974e-07	0.0
from_endothelial	endothelial	B_cell	SEMA4C	PLXNB2	SEMA4	3	GSE154778,GSE155698,GSE212966	7.79750782208867e-07	0.0
to_endothelial	epithelial	endothelial	SEMA4A	NRP1_PLXNA2	SEMA4	3	GSE154778,GSE155698,GSE212966	6.8605904592852e-07	0.0
from_endothelial	endothelial	malignant_epithelial	IGF2	IGF1R	IGF	3	GSE154778,GSE155698,GSE212966	6.76683160206706e-07	0.0
to_endothelial	epithelial	endothelial	ANGPTL4	SDC3	ANGPTL	3	GSE154778,GSE155698,GSE212966	6.73523501649772e-07	0.0
to_endothelial	malignant_epithelial	endothelial	ANGPTL4	SDC3	ANGPTL	3	GSE154778,GSE155698,GSE212966	4.97936822357357e-07	0.0
from_endothelial	endothelial	fibroblast_CAF	IGF2	IGF1R	IGF	3	GSE154778,GSE155698,GSE212966	3.92775506485628e-07	0.0
to_endothelial	malignant_epithelial	endothelial	EFNA4	EPHA2	EPHA	3	GSE154778,GSE155698,GSE212966	3.87057198249159e-07	0.0
to_endothelial	endothelial	endothelial	ANGPTL4	SDC3	ANGPTL	3	GSE154778,GSE155698,GSE212966	3.55122689038754e-07	0.0
from_endothelial	endothelial	endothelial	ANGPTL4	SDC3	ANGPTL	3	GSE154778,GSE155698,GSE212966	3.55122689038754e-07	0.0
to_endothelial	endothelial	endothelial	IGF2	IGF2R	IGF	3	GSE154778,GSE155698,GSE212966	3.53395129947206e-07	0.0
from_endothelial	endothelial	endothelial	IGF2	IGF2R	IGF	3	GSE154778,GSE155698,GSE212966	3.53395129947206e-07	0.0
to_endothelial	fibroblast_CAF	endothelial	SEMA5A	PLXNA1	SEMA5	3	GSE154778,GSE155698,GSE212966	3.53220816376815e-07	0.0
to_endothelial	epithelial	endothelial	EFNA4	EPHA2	EPHA	3	GSE154778,GSE155698,GSE212966	2.93179983511477e-07	0.0
to_endothelial	epithelial	endothelial	SEMA4C	PLXNB2	SEMA4	3	GSE154778,GSE155698,GSE212966	2.77657231658999e-07	0.0
to_endothelial	fibroblast_CAF	endothelial	ANGPTL4	SDC3	ANGPTL	3	GSE154778,GSE155698,GSE212966	2.128312983582e-07	0.0
from_endothelial	endothelial	malignant_epithelial	ANGPTL4	SDC3	ANGPTL	3	GSE154778,GSE155698,GSE212966	1.70674255330673e-07	0.0
to_endothelial	fibroblast_CAF	endothelial	CADM1	CADM1	CADM	3	GSE154778,GSE155698,GSE212966	1.50797203781596e-07	0.0
from_endothelial	endothelial	fibroblast_CAF	CADM1	CADM1	CADM	3	GSE154778,GSE155698,GSE212966	1.50797203781596e-07	0.0
to_endothelial	malignant_epithelial	endothelial	SEMA4G	PLXNB2	SEMA4	3	GSE154778,GSE155698,GSE212966	1.29046507724442e-07	0.0
to_endothelial	myeloid	endothelial	CADM1	CADM1	CADM	3	GSE154778,GSE155698,GSE212966	6.0808305814101e-08	0.0
from_endothelial	endothelial	myeloid	CADM1	CADM1	CADM	3	GSE154778,GSE155698,GSE212966	6.0808305814101e-08	0.0
from_endothelial	endothelial	malignant_epithelial	JAG2	NOTCH3	NOTCH	3	GSE154778,GSE155698,GSE212966	5.38179701272975e-08	0.0
from_endothelial	endothelial	malignant_epithelial	DLL4	NOTCH3	NOTCH	3	GSE154778,GSE155698,GSE212966	4.11507688947889e-08	0.0
from_endothelial	endothelial	malignant_epithelial	DLL1	NOTCH3	NOTCH	3	GSE154778,GSE155698,GSE212966	1.18401971555922e-08	0.0
to_endothelial	endothelial	endothelial	PECAM1	PECAM1	PECAM1	2	GSE154778,GSE212966	0.0010913649168982	0.0
from_endothelial	endothelial	endothelial	PECAM1	PECAM1	PECAM1	2	GSE154778,GSE212966	0.0010913649168982	0.0
to_endothelial	CD8	endothelial	CCL5	ACKR1	CCL	2	GSE154778,GSE212966	0.0004728577006417	0.0
from_endothelial	endothelial	T_NK	MIF	CD74_CXCR4	MIF	2	GSE154778,GSE212966	0.0003964259161093	0.0
from_endothelial	endothelial	CD8	MIF	CD74_CD44	MIF	2	GSE154778,GSE212966	0.0003743683331731	0.0
from_endothelial	endothelial	CD8	FN1	CD44	FN1	2	GSE155698,GSE212966	0.0003429006720904	0.0
to_endothelial	fibroblast_CAF	endothelial	APP	CD74	APP	2	GSE155698,GSE212966	0.0003189992250053	0.0
from_endothelial	endothelial	T_NK	FN1	CD44	FN1	2	GSE155698,GSE212966	0.0003125206104473	0.0
to_endothelial	epithelial	endothelial	APP	CD74	APP	2	GSE155698,GSE212966	0.0002776118607638	0.0
from_endothelial	endothelial	CD8	HLA-E	KLRK1	MHC-I	2	GSE155698,GSE212966	0.000276534803505	0.0
to_endothelial	malignant_epithelial	endothelial	APP	CD74	APP	2	GSE155698,GSE212966	0.0002197093657479	0.0
from_endothelial	endothelial	B_cell	FN1	CD44	FN1	2	GSE155698,GSE212966	0.0002105436107316	0.0
to_endothelial	B_cell	endothelial	CD99	CD99	CD99	2	GSE154778,GSE212966	0.0002020658174593	0.0
from_endothelial	endothelial	B_cell	CD99	CD99	CD99	2	GSE154778,GSE212966	0.0002020658174593	0.0
from_endothelial	endothelial	epithelial	FN1	CD44	FN1	2	GSE155698,GSE212966	0.0001997481812879	0.0
from_endothelial	endothelial	malignant_epithelial	FN1	CD44	FN1	2	GSE155698,GSE212966	0.0001878535702162	0.0
to_endothelial	endothelial	endothelial	FN1	ITGAV_ITGB1	FN1	2	GSE155698,GSE212966	0.0001842048087425	0.0
from_endothelial	endothelial	endothelial	FN1	ITGAV_ITGB1	FN1	2	GSE155698,GSE212966	0.0001842048087425	0.0
to_endothelial	myeloid	endothelial	CXCL2	ACKR1	CXCL	2	GSE154778,GSE212966	0.0001749663206135	0.0
to_endothelial	malignant_epithelial	endothelial	FN1	ITGA5_ITGB1	FN1	2	GSE154778,GSE212966	0.000161136071616	0.0
to_endothelial	T_NK	endothelial	CCL5	ACKR1	CCL	2	GSE154778,GSE212966	0.0001592707506532	0.0
to_endothelial	epithelial	endothelial	COL1A1	ITGA1_ITGB1	COLLAGEN	2	GSE155698,GSE212966	0.0001589476315384	0.0
to_endothelial	epithelial	endothelial	FN1	ITGA5_ITGB1	FN1	2	GSE154778,GSE212966	0.0001576610949501	0.0
to_endothelial	myeloid	endothelial	CXCL3	ACKR1	CXCL	2	GSE154778,GSE212966	0.0001440099436075	0.0
from_endothelial	endothelial	myeloid	MIF	CD74_CXCR2	MIF	2	GSE155698,GSE212966	0.0001424287271494	0.0
from_endothelial	endothelial	mast	COL6A1	CD44	COLLAGEN	2	GSE155698,GSE212966	0.0001406411823865	0.0
from_endothelial	endothelial	epithelial	FN1	ITGAV_ITGB1	FN1	2	GSE155698,GSE212966	0.0001382405743649	0.0
from_endothelial	endothelial	fibroblast_CAF	FN1	ITGA5_ITGB1	FN1	2	GSE155698,GSE212966	0.0001332721770061	0.0
from_endothelial	endothelial	CD8	COL6A1	CD44	COLLAGEN	2	GSE155698,GSE212966	0.0001328594082772	0.0
from_endothelial	endothelial	malignant_epithelial	FN1	ITGAV_ITGB1	FN1	2	GSE155698,GSE212966	0.0001271939117218	0.0
from_endothelial	endothelial	T_NK	COL6A1	CD44	COLLAGEN	2	GSE155698,GSE212966	0.0001196877870114	0.0
from_endothelial	endothelial	fibroblast_CAF	COL4A1	ITGA2_ITGB1	COLLAGEN	2	GSE155698,GSE212966	0.0001179065443824	0.0
from_endothelial	endothelial	fibroblast_CAF	COL4A1	ITGA10_ITGB1	COLLAGEN	2	GSE154778,GSE212966	0.0001172846613508	0.0
from_endothelial	endothelial	T_NK	LGALS9	CD44	GALECTIN	2	GSE155698,GSE212966	0.0001119767076848	0.0
from_endothelial	endothelial	mast	APP	CD74	APP	2	GSE155698,GSE212966	0.0001110746087685	0.0
from_endothelial	endothelial	fibroblast_CAF	COL4A2	ITGA2_ITGB1	COLLAGEN	2	GSE155698,GSE212966	0.0001064635079628	0.0
from_endothelial	endothelial	fibroblast_CAF	COL4A2	ITGA10_ITGB1	COLLAGEN	2	GSE154778,GSE212966	0.0001045305208596	0.0
to_endothelial	endothelial	endothelial	FN1	ITGA3_ITGB1	FN1	2	GSE155698,GSE212966	0.0001022813341876	0.0
from_endothelial	endothelial	endothelial	FN1	ITGA3_ITGB1	FN1	2	GSE155698,GSE212966	0.0001022813341876	0.0
from_endothelial	endothelial	myeloid	COL6A1	CD44	COLLAGEN	2	GSE155698,GSE212966	9.84512976513194e-05	0.0
to_endothelial	CD8	endothelial	NAMPT	INSR	VISFATIN	2	GSE155698,GSE212966	9.42706058049207e-05	0.0
to_endothelial	epithelial	endothelial	COL1A1	ITGA10_ITGB1	COLLAGEN	2	GSE155698,GSE212966	8.70470268417301e-05	0.0
from_endothelial	endothelial	B_cell	FN1	ITGA4_ITGB1	FN1	2	GSE155698,GSE212966	8.68370345279728e-05	0.0
to_endothelial	endothelial	endothelial	COL6A2	ITGA3_ITGB1	COLLAGEN	2	GSE155698,GSE212966	8.59511840001785e-05	0.0
from_endothelial	endothelial	endothelial	COL6A2	ITGA3_ITGB1	COLLAGEN	2	GSE155698,GSE212966	8.59511840001785e-05	0.0
from_endothelial	endothelial	epithelial	COL6A1	SDC4	COLLAGEN	2	GSE155698,GSE212966	8.49608883560223e-05	0.0
to_endothelial	endothelial	endothelial	COL6A1	ITGA1_ITGB1	COLLAGEN	2	GSE155698,GSE212966	8.46708192390548e-05	0.0
from_endothelial	endothelial	endothelial	COL6A1	ITGA1_ITGB1	COLLAGEN	2	GSE155698,GSE212966	8.46708192390548e-05	0.0
from_endothelial	endothelial	myeloid	FN1	ITGA4_ITGB1	FN1	2	GSE155698,GSE212966	8.41506159151752e-05	0.0
to_endothelial	malignant_epithelial	endothelial	COL1A1	ITGA10_ITGB1	COLLAGEN	2	GSE155698,GSE212966	8.39710100288325e-05	0.0
from_endothelial	endothelial	myeloid	FN1	ITGAV_ITGB1	FN1	2	GSE155698,GSE212966	8.14886643915457e-05	0.0
to_endothelial	B_cell	endothelial	FN1	ITGA5_ITGB1	FN1	2	GSE154778,GSE212966	8.01548700388424e-05	0.0
from_endothelial	endothelial	malignant_epithelial	COL6A1	ITGA2_ITGB1	COLLAGEN	2	GSE155698,GSE212966	7.98608028555603e-05	0.0
from_endothelial	endothelial	B_cell	COL6A1	CD44	COLLAGEN	2	GSE155698,GSE212966	7.9761612904027e-05	0.0
from_endothelial	endothelial	CD8	ICAM2	ITGAL_ITGB2	ICAM	2	GSE155698,GSE212966	7.5680303480883e-05	0.0
from_endothelial	endothelial	epithelial	COL6A1	CD44	COLLAGEN	2	GSE155698,GSE212966	7.55759210103727e-05	0.0
to_endothelial	myeloid	endothelial	OSM	LIFR_IL6ST	OSM	2	GSE155698,GSE212966	7.5196507823784e-05	0.0
from_endothelial	endothelial	epithelial	COL6A1	ITGA2_ITGB1	COLLAGEN	2	GSE155698,GSE212966	7.48565349588229e-05	0.0
from_endothelial	endothelial	myeloid	SPP1	CD44	SPP1	2	GSE154778,GSE155698	7.44096259059176e-05	0.0
to_endothelial	T_NK	endothelial	ITGB2	ICAM1	ITGB2	2	GSE155698,GSE212966	7.33567503348042e-05	0.0
from_endothelial	endothelial	malignant_epithelial	COL6A1	SDC4	COLLAGEN	2	GSE155698,GSE212966	7.16375823046157e-05	0.0
from_endothelial	endothelial	malignant_epithelial	COL6A1	CD44	COLLAGEN	2	GSE155698,GSE212966	7.15807745484255e-05	0.0
from_endothelial	endothelial	myeloid	FN1	ITGA5_ITGB1	FN1	2	GSE155698,GSE212966	7.12047497889939e-05	0.0
from_endothelial	endothelial	epithelial	LGALS9	CD44	GALECTIN	2	GSE155698,GSE212966	7.11704195760484e-05	0.0
from_endothelial	endothelial	epithelial	COL6A1	ITGA3_ITGB1	COLLAGEN	2	GSE155698,GSE212966	7.02327386129461e-05	0.0
to_endothelial	CD8	endothelial	COL1A1	ITGA9_ITGB1	COLLAGEN	2	GSE154778,GSE212966	6.95313974091628e-05	0.0
from_endothelial	endothelial	T_NK	ICAM2	ITGAL_ITGB2	ICAM	2	GSE155698,GSE212966	6.84791705459377e-05	0.0
from_endothelial	endothelial	T_NK	HLA-B	CD8A	MHC-I	2	GSE155698,GSE212966	6.8168314072508e-05	0.0
from_endothelial	endothelial	malignant_epithelial	LGALS9	CD44	GALECTIN	2	GSE155698,GSE212966	6.66246166937503e-05	0.0
to_endothelial	malignant_epithelial	endothelial	COL1A2	ITGA9_ITGB1	COLLAGEN	2	GSE154778,GSE212966	6.53560831852556e-05	0.0
from_endothelial	endothelial	T_NK	HLA-A	CD8A	MHC-I	2	GSE155698,GSE212966	6.5198164560431e-05	0.0
to_endothelial	epithelial	endothelial	COL1A2	ITGA9_ITGB1	COLLAGEN	2	GSE154778,GSE212966	6.50158433832733e-05	0.0
from_endothelial	endothelial	malignant_epithelial	COL6A1	ITGA3_ITGB1	COLLAGEN	2	GSE155698,GSE212966	6.38067156313079e-05	0.0
to_endothelial	B_cell	endothelial	COL1A1	ITGA9_ITGB1	COLLAGEN	2	GSE154778,GSE212966	6.3441338043565e-05	0.0
to_endothelial	T_NK	endothelial	COL1A1	ITGA9_ITGB1	COLLAGEN	2	GSE154778,GSE212966	6.10358496917022e-05	0.0
to_endothelial	endothelial	endothelial	COL6A1	ITGA2_ITGB1	COLLAGEN	2	GSE155698,GSE212966	6.06118816175751e-05	0.0
from_endothelial	endothelial	endothelial	COL6A1	ITGA2_ITGB1	COLLAGEN	2	GSE155698,GSE212966	6.06118816175751e-05	0.0
from_endothelial	endothelial	T_NK	HLA-E	CD8A	MHC-I	2	GSE155698,GSE212966	6.05468509144289e-05	0.0
from_endothelial	endothelial	fibroblast_CAF	LAMB1	ITGA2_ITGB1	LAMININ	2	GSE155698,GSE212966	5.93308259503973e-05	0.0
to_endothelial	mast	endothelial	VEGFB	FLT1	VEGF	2	GSE155698,GSE212966	5.74541802917402e-05	0.0
from_endothelial	endothelial	T_NK	HLA-C	CD8A	MHC-I	2	GSE155698,GSE212966	5.57925682017814e-05	0.0
to_endothelial	CD8	endothelial	COL1A2	ITGA9_ITGB1	COLLAGEN	2	GSE154778,GSE212966	5.16716854098036e-05	0.0
from_endothelial	endothelial	T_NK	HLA-DRB1	CD4	MHC-II	2	GSE155698,GSE212966	4.96498526739398e-05	0.0
to_endothelial	T_NK	endothelial	TIGIT	NECTIN2	TIGIT	2	GSE154778,GSE212966	4.90495198547274e-05	0.0
from_endothelial	endothelial	T_NK	NECTIN2	TIGIT	NECTIN	2	GSE154778,GSE212966	4.90495198547274e-05	0.0
from_endothelial	endothelial	malignant_epithelial	MDK	ITGA6_ITGB1	MK	2	GSE155698,GSE212966	4.75476333730914e-05	0.0
to_endothelial	myeloid	endothelial	SELL	PODXL	SELL	2	GSE155698,GSE212966	4.70813185461266e-05	0.0
to_endothelial	epithelial	endothelial	SPP1	ITGAV_ITGB1	SPP1	2	GSE155698,GSE212966	4.67720515519539e-05	0.0
to_endothelial	fibroblast_CAF	endothelial	CD46	JAG1	CD46	2	GSE155698,GSE212966	4.66359130478211e-05	0.0
to_endothelial	myeloid	endothelial	COL1A1	ITGA9_ITGB1	COLLAGEN	2	GSE154778,GSE212966	4.64553008704029e-05	0.0
from_endothelial	endothelial	CD8	ICAM1	ITGAL_ITGB2	ICAM	2	GSE155698,GSE212966	4.56849628986387e-05	0.0
to_endothelial	endothelial	endothelial	COL6A1	ITGA10_ITGB1	COLLAGEN	2	GSE155698,GSE212966	4.52627351829554e-05	0.0
from_endothelial	endothelial	endothelial	COL6A1	ITGA10_ITGB1	COLLAGEN	2	GSE155698,GSE212966	4.52627351829554e-05	0.0
to_endothelial	epithelial	endothelial	COL6A1	ITGA2_ITGB1	COLLAGEN	2	GSE155698,GSE212966	4.45594052689543e-05	0.0
to_endothelial	malignant_epithelial	endothelial	COL6A1	ITGA2_ITGB1	COLLAGEN	2	GSE155698,GSE212966	4.4477124155819e-05	0.0
from_endothelial	endothelial	epithelial	LAMB1	ITGA1_ITGB1	LAMININ	2	GSE155698,GSE212966	4.41229905555112e-05	0.0
to_endothelial	endothelial	endothelial	COL1A1	ITGA10_ITGB1	COLLAGEN	2	GSE155698,GSE212966	4.37874811280526e-05	0.0
from_endothelial	endothelial	endothelial	COL1A1	ITGA10_ITGB1	COLLAGEN	2	GSE155698,GSE212966	4.37874811280526e-05	0.0
to_endothelial	T_NK	endothelial	CD46	JAG1	CD46	2	GSE155698,GSE212966	4.37266877801345e-05	0.0
to_endothelial	B_cell	endothelial	COL1A2	ITGA9_ITGB1	COLLAGEN	2	GSE154778,GSE212966	4.3480334761508e-05	0.0
from_endothelial	endothelial	mast	COL4A1	ITGA9_ITGB1	COLLAGEN	2	GSE155698,GSE212966	4.32454467379669e-05	0.0
to_endothelial	T_NK	endothelial	TGFB1	TGFbR1_R2	TGFb	2	GSE155698,GSE212966	4.26475280372376e-05	0.0
to_endothelial	mast	endothelial	CD46	JAG1	CD46	2	GSE155698,GSE212966	4.13821355605466e-05	0.0
to_endothelial	myeloid	endothelial	SELL	CD34	SELL	2	GSE155698,GSE212966	4.10146633917635e-05	0.0
from_endothelial	endothelial	T_NK	THBS1	CD47	THBS	2	GSE155698,GSE212966	4.05448123306938e-05	0.0
to_endothelial	endothelial	endothelial	COL6A1	ITGA3_ITGB1	COLLAGEN	2	GSE155698,GSE212966	4.04304590284959e-05	0.0
from_endothelial	endothelial	endothelial	COL6A1	ITGA3_ITGB1	COLLAGEN	2	GSE155698,GSE212966	4.04304590284959e-05	0.0
from_endothelial	endothelial	T_NK	HLA-DRA	CD4	MHC-II	2	GSE155698,GSE212966	4.00104984793864e-05	0.0
to_endothelial	mast	endothelial	LIF	LIFR_IL6ST	LIFR	2	GSE155698,GSE212966	3.95309975677774e-05	0.0
from_endothelial	endothelial	mast	COL4A2	ITGA9_ITGB1	COLLAGEN	2	GSE155698,GSE212966	3.9065476352704e-05	0.0
from_endothelial	endothelial	T_NK	ICAM1	ITGAL_ITGB2	ICAM	2	GSE155698,GSE212966	3.89674682623926e-05	0.0
to_endothelial	B_cell	endothelial	CD46	JAG1	CD46	2	GSE155698,GSE212966	3.85341664074308e-05	0.0
to_endothelial	CD8	endothelial	CD46	JAG1	CD46	2	GSE155698,GSE212966	3.82700140748656e-05	0.0
from_endothelial	endothelial	fibroblast_CAF	COL6A2	ITGA10_ITGB1	COLLAGEN	2	GSE154778,GSE212966	3.78644991076807e-05	0.0
to_endothelial	epithelial	endothelial	CXCL3	ACKR1	CXCL	2	GSE154778,GSE212966	3.77949575327583e-05	0.0
from_endothelial	endothelial	fibroblast_CAF	LAMC1	ITGA2_ITGB1	LAMININ	2	GSE155698,GSE212966	3.76460775982738e-05	0.0
from_endothelial	endothelial	fibroblast_CAF	LAMA4	ITGA2_ITGB1	LAMININ	2	GSE155698,GSE212966	3.73578880536916e-05	0.0
from_endothelial	endothelial	epithelial	COL6A1	SDC1	COLLAGEN	2	GSE155698,GSE212966	3.71330919112696e-05	0.0
from_endothelial	endothelial	fibroblast_CAF	LAMB2	CD44	LAMININ	2	GSE155698,GSE212966	3.70904827716928e-05	0.0
to_endothelial	endothelial	endothelial	THBS1	ITGA3_ITGB1	THBS	2	GSE155698,GSE212966	3.70555599659933e-05	0.0
from_endothelial	endothelial	endothelial	THBS1	ITGA3_ITGB1	THBS	2	GSE155698,GSE212966	3.70555599659933e-05	0.0
from_endothelial	endothelial	fibroblast_CAF	COL6A1	SDC1	COLLAGEN	2	GSE155698,GSE212966	3.66121204107024e-05	0.0
from_endothelial	endothelial	malignant_epithelial	COL6A1	SDC1	COLLAGEN	2	GSE155698,GSE212966	3.64661521489578e-05	0.0
to_endothelial	myeloid	endothelial	CXCL1	ACKR1	CXCL	2	GSE154778,GSE212966	3.61228190786296e-05	0.0
from_endothelial	endothelial	CD8	F11R	ITGAL_ITGB2	JAM	2	GSE155698,GSE212966	3.55844841361547e-05	0.0
from_endothelial	endothelial	myeloid	CCL14	CCR1	CCL	2	GSE155698,GSE212966	3.5193070704621e-05	0.0
to_endothelial	endothelial	endothelial	COL1A2	ITGA10_ITGB1	COLLAGEN	2	GSE155698,GSE212966	3.47871980981194e-05	0.0
from_endothelial	endothelial	endothelial	COL1A2	ITGA10_ITGB1	COLLAGEN	2	GSE155698,GSE212966	3.47871980981194e-05	0.0
from_endothelial	endothelial	fibroblast_CAF	COL6A2	ITGA2_ITGB1	COLLAGEN	2	GSE155698,GSE212966	3.47499271318445e-05	0.0
from_endothelial	endothelial	fibroblast_CAF	POSTN	ITGAV_ITGB5	PERIOSTIN	2	GSE155698,GSE212966	3.38172822095336e-05	0.0
to_endothelial	epithelial	endothelial	COL6A1	ITGA10_ITGB1	COLLAGEN	2	GSE155698,GSE212966	3.34855171147908e-05	0.0
to_endothelial	malignant_epithelial	endothelial	COL6A1	ITGA10_ITGB1	COLLAGEN	2	GSE155698,GSE212966	3.31241229987409e-05	0.0
from_endothelial	endothelial	myeloid	FN1	SDC4	FN1	2	GSE155698,GSE212966	3.2825282189735e-05	0.0
to_endothelial	epithelial	endothelial	LAMC1	ITGA2_ITGB1	LAMININ	2	GSE155698,GSE212966	3.14625095524234e-05	0.0
from_endothelial	endothelial	CD8	ICAM1	ITGAL	ICAM	2	GSE155698,GSE212966	3.1292455478129e-05	0.0
to_endothelial	mast	endothelial	SEMA4A	NRP1_PLXNA2	SEMA4	2	GSE155698,GSE212966	3.0996132913824e-05	0.0
from_endothelial	endothelial	T_NK	F11R	ITGAL_ITGB2	JAM	2	GSE155698,GSE212966	3.06242528357407e-05	0.0
from_endothelial	endothelial	CD8	THBS1	CD47	THBS	2	GSE155698,GSE212966	3.0597113216743e-05	0.0
to_endothelial	CD8	endothelial	TIGIT	NECTIN2	TIGIT	2	GSE154778,GSE212966	3.02641282647793e-05	0.0
from_endothelial	endothelial	CD8	NECTIN2	TIGIT	NECTIN	2	GSE154778,GSE212966	3.02641282647793e-05	0.0
to_endothelial	epithelial	endothelial	LAMB1	ITGA6_ITGB1	LAMININ	2	GSE155698,GSE212966	2.98187575251913e-05	0.0
to_endothelial	malignant_epithelial	endothelial	COL6A1	ITGA3_ITGB1	COLLAGEN	2	GSE155698,GSE212966	2.96588955185957e-05	0.0
from_endothelial	endothelial	myeloid	MDK	LRP1	MK	2	GSE155698,GSE212966	2.95851402093347e-05	0.0
to_endothelial	epithelial	endothelial	CXCL2	ACKR1	CXCL	2	GSE154778,GSE212966	2.93116385978557e-05	0.0
from_endothelial	endothelial	epithelial	LAMC1	ITGA1_ITGB1	LAMININ	2	GSE155698,GSE212966	2.91322145534681e-05	0.0
to_endothelial	malignant_epithelial	endothelial	LAMB2	ITGA6_ITGB1	LAMININ	2	GSE155698,GSE212966	2.90887475377318e-05	0.0
to_endothelial	myeloid	endothelial	COL1A2	ITGA9_ITGB1	COLLAGEN	2	GSE154778,GSE212966	2.87292538896295e-05	0.0
from_endothelial	endothelial	epithelial	COL6A2	ITGA1_ITGB1	COLLAGEN	2	GSE155698,GSE212966	2.83361797739369e-05	0.0
from_endothelial	endothelial	epithelial	ANGPTL4	SDC4	ANGPTL	2	GSE155698,GSE212966	2.75991081558278e-05	0.0
from_endothelial	endothelial	myeloid	COL6A2	SDC4	COLLAGEN	2	GSE155698,GSE212966	2.71735065143599e-05	0.0
from_endothelial	endothelial	B_cell	THBS1	CD47	THBS	2	GSE155698,GSE212966	2.69114087276299e-05	0.0
from_endothelial	endothelial	myeloid	LAMA4	ITGA6_ITGB1	LAMININ	2	GSE154778,GSE212966	2.67459338614005e-05	0.0
to_endothelial	endothelial	endothelial	TNFSF10	TNFRSF10A	TRAIL	2	GSE155698,GSE212966	2.64435511024682e-05	0.0
from_endothelial	endothelial	endothelial	TNFSF10	TNFRSF10A	TRAIL	2	GSE155698,GSE212966	2.64435511024682e-05	0.0
from_endothelial	endothelial	T_NK	HLA-DPA1	CD4	MHC-II	2	GSE155698,GSE212966	2.63667940292806e-05	0.0
to_endothelial	malignant_epithelial	endothelial	CXCL3	ACKR1	CXCL	2	GSE154778,GSE212966	2.63345569283909e-05	0.0
to_endothelial	CD8	endothelial	TGFB1	ACVR1B_TGFbR2	TGFb	2	GSE155698,GSE212966	2.5639547812393e-05	0.0
from_endothelial	endothelial	T_NK	MDK	ITGA4_ITGB1	MK	2	GSE154778,GSE212966	2.54456729029633e-05	0.0
from_endothelial	endothelial	fibroblast_CAF	LAMA5	ITGA2_ITGB1	LAMININ	2	GSE155698,GSE212966	2.53083812502626e-05	0.0
from_endothelial	endothelial	epithelial	COL6A1	ITGAV_ITGB8	COLLAGEN	2	GSE155698,GSE212966	2.52065604417551e-05	0.0
to_endothelial	myeloid	endothelial	CCL18	ACKR1	CCL	2	GSE154778,GSE212966	2.51714619789061e-05	0.0
from_endothelial	endothelial	fibroblast_CAF	GRN	SORT1	GRN	2	GSE155698,GSE212966	2.50189234360707e-05	0.0
to_endothelial	B_cell	endothelial	CXCL2	ACKR1	CXCL	2	GSE154778,GSE212966	2.46219630356446e-05	0.0
to_endothelial	T_NK	endothelial	TGFB1	ACVR1B_TGFbR2	TGFb	2	GSE155698,GSE212966	2.45049448534248e-05	0.0
from_endothelial	endothelial	B_cell	ANXA1	FPR1	ANNEXIN	2	GSE154778,GSE212966	2.43433466826157e-05	0.0
from_endothelial	endothelial	mast	JAM2	ITGAV_ITGB1	JAM	2	GSE155698,GSE212966	2.34377215936443e-05	0.0
to_endothelial	malignant_epithelial	endothelial	CXCL5	ACKR1	CXCL	2	GSE154778,GSE212966	2.32835165174101e-05	0.0
from_endothelial	endothelial	malignant_epithelial	ANGPTL4	SDC4	ANGPTL	2	GSE155698,GSE212966	2.32603087979658e-05	0.0
to_endothelial	CD8	endothelial	TGFB1	ACVR1_TGFbR	TGFb	2	GSE155698,GSE212966	2.31824977891166e-05	0.0
from_endothelial	endothelial	epithelial	MDK	SDC1	MK	2	GSE155698,GSE212966	2.30997023544978e-05	0.0
from_endothelial	endothelial	fibroblast_CAF	LAMB2	ITGA2_ITGB1	LAMININ	2	GSE155698,GSE212966	2.30383268513163e-05	0.0
to_endothelial	malignant_epithelial	endothelial	FN1	ITGA8_ITGB1	FN1	2	GSE154778,GSE212966	2.2952307001514e-05	0.0
from_endothelial	endothelial	malignant_epithelial	MDK	SDC1	MK	2	GSE155698,GSE212966	2.27442764557605e-05	0.0
to_endothelial	T_NK	endothelial	TGFB1	ACVR1_TGFbR	TGFb	2	GSE155698,GSE212966	2.27075987494489e-05	0.0
from_endothelial	endothelial	CD8	MDK	ITGA4_ITGB1	MK	2	GSE154778,GSE212966	2.269099210033e-05	0.0
to_endothelial	epithelial	endothelial	FN1	ITGA8_ITGB1	FN1	2	GSE154778,GSE212966	2.23931986998201e-05	0.0
from_endothelial	endothelial	malignant_epithelial	COL6A1	ITGA1_ITGB1	COLLAGEN	2	GSE155698,GSE212966	2.23167617487973e-05	0.0
from_endothelial	endothelial	T_NK	HLA-DPB1	CD4	MHC-II	2	GSE155698,GSE212966	2.22574076119962e-05	0.0
from_endothelial	endothelial	malignant_epithelial	COL6A1	ITGAV_ITGB8	COLLAGEN	2	GSE155698,GSE212966	2.17724778208016e-05	0.0
from_endothelial	endothelial	CD8	COL6A1	ITGA1_ITGB1	COLLAGEN	2	GSE155698,GSE212966	2.17488196913556e-05	0.0
from_endothelial	endothelial	malignant_epithelial	GRN	SORT1	GRN	2	GSE155698,GSE212966	2.15930039605606e-05	0.0
to_endothelial	epithelial	endothelial	LAMB2	ITGA6_ITGB4	LAMININ	2	GSE155698,GSE212966	2.15875761806031e-05	0.0
from_endothelial	endothelial	mast	LAMB1	ITGA9_ITGB1	LAMININ	2	GSE155698,GSE212966	2.12912066788292e-05	0.0
to_endothelial	epithelial	endothelial	LAMC1	ITGA3_ITGB1	LAMININ	2	GSE155698,GSE212966	2.12864868639155e-05	0.0
from_endothelial	endothelial	T_NK	ICAM1	ITGAL	ICAM	2	GSE155698,GSE212966	2.11011189702466e-05	0.0
from_endothelial	endothelial	epithelial	GRN	SORT1	GRN	2	GSE155698,GSE212966	2.10637951052151e-05	0.0
to_endothelial	B_cell	endothelial	CXCL3	ACKR1	CXCL	2	GSE154778,GSE212966	2.09821805732015e-05	0.0
from_endothelial	endothelial	B_cell	COL4A1	SDC4	COLLAGEN	2	GSE154778,GSE212966	2.09198965241483e-05	0.0
to_endothelial	CD8	endothelial	CD99	CD99L2	CD99	2	GSE155698,GSE212966	2.00473188196469e-05	0.0
from_endothelial	endothelial	fibroblast_CAF	THBS1	CD47	THBS	2	GSE155698,GSE212966	1.94905300589268e-05	0.0
to_endothelial	T_NK	endothelial	CD99	CD99L2	CD99	2	GSE155698,GSE212966	1.92993639202965e-05	0.0
to_endothelial	myeloid	endothelial	THBS1	ITGA3_ITGB1	THBS	2	GSE155698,GSE212966	1.92922335544713e-05	0.0
from_endothelial	endothelial	epithelial	LAMA5	ITGA1_ITGB1	LAMININ	2	GSE155698,GSE212966	1.91290792167142e-05	0.0
to_endothelial	mast	endothelial	COL1A2	ITGA9_ITGB1	COLLAGEN	2	GSE154778,GSE212966	1.91113743027847e-05	0.0
to_endothelial	epithelial	endothelial	LAMB2	ITGA2_ITGB1	LAMININ	2	GSE155698,GSE212966	1.88106029930036e-05	0.0
to_endothelial	epithelial	endothelial	LAMB1	ITGA1_ITGB1	LAMININ	2	GSE155698,GSE212966	1.87249363464788e-05	0.0
from_endothelial	endothelial	fibroblast_CAF	COL4A2	SDC4	COLLAGEN	2	GSE155698,GSE212966	1.85208690035272e-05	0.0
to_endothelial	mast	endothelial	TGFB1	TGFbR1_R2	TGFb	2	GSE155698,GSE212966	1.84793343843148e-05	0.0
from_endothelial	endothelial	B_cell	COL4A2	SDC4	COLLAGEN	2	GSE154778,GSE212966	1.80915730783548e-05	0.0
from_endothelial	endothelial	epithelial	POSTN	ITGAV_ITGB5	PERIOSTIN	2	GSE155698,GSE212966	1.79254262924092e-05	0.0
to_endothelial	T_NK	endothelial	SELPLG	SELP	SELPLG	2	GSE155698,GSE212966	1.7183803289328e-05	0.0
to_endothelial	myeloid	endothelial	TGFB1	ACVR1B_TGFbR2	TGFb	2	GSE155698,GSE212966	1.71809220151103e-05	0.0
to_endothelial	mast	endothelial	TNFSF10	TNFRSF10A	TRAIL	2	GSE155698,GSE212966	1.69944009355316e-05	0.0
to_endothelial	epithelial	endothelial	HSPG2	DAG1	HSPG	2	GSE155698,GSE212966	1.6890192221849e-05	0.0
to_endothelial	fibroblast_CAF	endothelial	CXCL2	ACKR1	CXCL	2	GSE154778,GSE212966	1.67394123261572e-05	0.0
from_endothelial	endothelial	malignant_epithelial	ANGPT2	ITGA5_ITGB1	ANGPT	2	GSE154778,GSE212966	1.66812997066697e-05	0.0
from_endothelial	endothelial	fibroblast_CAF	ANGPTL4	ITGA5_ITGB1	ANGPTL	2	GSE155698,GSE212966	1.6593114046337e-05	0.0
to_endothelial	epithelial	endothelial	CXCL5	ACKR1	CXCL	2	GSE154778,GSE212966	1.65368831576923e-05	0.0
from_endothelial	endothelial	epithelial	TGFB1	TGFbR1_R2	TGFb	2	GSE155698,GSE212966	1.6504358506723e-05	0.0
from_endothelial	endothelial	epithelial	LAMB2	ITGA1_ITGB1	LAMININ	2	GSE155698,GSE212966	1.64930454294869e-05	0.0
to_endothelial	endothelial	endothelial	TGFB1	ACVR1B_TGFbR2	TGFb	2	GSE155698,GSE212966	1.61029769094079e-05	0.0
from_endothelial	endothelial	endothelial	TGFB1	ACVR1B_TGFbR2	TGFb	2	GSE155698,GSE212966	1.61029769094079e-05	0.0
to_endothelial	myeloid	endothelial	TGFB1	ACVR1_TGFbR	TGFb	2	GSE155698,GSE212966	1.59649412952242e-05	0.0
from_endothelial	endothelial	myeloid	SPP1	ITGA5_ITGB1	SPP1	2	GSE154778,GSE155698	1.59077275557916e-05	0.0
to_endothelial	myeloid	endothelial	F11R	F11R	JAM	2	GSE155698,GSE212966	1.58617372518934e-05	0.0
from_endothelial	endothelial	myeloid	F11R	F11R	JAM	2	GSE155698,GSE212966	1.58617372518934e-05	0.0
to_endothelial	endothelial	endothelial	MPZL1	MPZL1	MPZ	2	GSE155698,GSE212966	1.54844417644867e-05	0.0
from_endothelial	endothelial	endothelial	MPZL1	MPZL1	MPZ	2	GSE155698,GSE212966	1.54844417644867e-05	0.0
to_endothelial	T_NK	endothelial	CD40LG	ITGA5_ITGB1	CD40	2	GSE155698,GSE212966	1.54303129260179e-05	0.0
to_endothelial	malignant_epithelial	endothelial	CXCL2	ACKR1	CXCL	2	GSE154778,GSE212966	1.52852149019014e-05	0.0
to_endothelial	endothelial	endothelial	TGFB1	ACVR1_TGFbR	TGFb	2	GSE155698,GSE212966	1.52742576731055e-05	0.0
from_endothelial	endothelial	endothelial	TGFB1	ACVR1_TGFbR	TGFb	2	GSE155698,GSE212966	1.52742576731055e-05	0.0
to_endothelial	myeloid	endothelial	CCL2	ACKR1	CCL	2	GSE154778,GSE212966	1.52168173034039e-05	0.0
to_endothelial	epithelial	endothelial	LIF	LIFR_IL6ST	LIFR	2	GSE155698,GSE212966	1.49535886086124e-05	0.0
from_endothelial	endothelial	malignant_epithelial	TGFB1	TGFbR1_R2	TGFb	2	GSE154778,GSE212966	1.48317621441445e-05	0.0
to_endothelial	epithelial	endothelial	LAMB1	ITGA6_ITGB4	LAMININ	2	GSE155698,GSE212966	1.42846997676447e-05	0.0
from_endothelial	endothelial	mast	ICAM1	SPN	ICAM	2	GSE155698,GSE212966	1.41197315915213e-05	0.0
to_endothelial	B_cell	endothelial	TGFB1	ACVR1B_TGFbR2	TGFb	2	GSE155698,GSE212966	1.40530110305936e-05	0.0
to_endothelial	malignant_epithelial	endothelial	LAMB2	ITGA6_ITGB4	LAMININ	2	GSE155698,GSE212966	1.38544935065847e-05	0.0
to_endothelial	endothelial	endothelial	CXCL2	ACKR1	CXCL	2	GSE154778,GSE212966	1.37810130552489e-05	0.0
from_endothelial	endothelial	endothelial	CXCL2	ACKR1	CXCL	2	GSE154778,GSE212966	1.37810130552489e-05	0.0
from_endothelial	endothelial	mast	LAMC1	ITGA9_ITGB1	LAMININ	2	GSE155698,GSE212966	1.37449252837562e-05	0.0
to_endothelial	malignant_epithelial	endothelial	LAMC1	ITGA3_ITGB1	LAMININ	2	GSE155698,GSE212966	1.37373614331263e-05	0.0
from_endothelial	endothelial	malignant_epithelial	POSTN	ITGAV_ITGB5	PERIOSTIN	2	GSE155698,GSE212966	1.34979600177657e-05	0.0
from_endothelial	endothelial	mast	LAMA4	ITGA9_ITGB1	LAMININ	2	GSE155698,GSE212966	1.349721854071e-05	0.0
to_endothelial	T_NK	endothelial	SEMA4D	PLXNB2	SEMA4	2	GSE155698,GSE212966	1.3463864083515e-05	0.0
from_endothelial	endothelial	mast	THBS1	CD47	THBS	2	GSE155698,GSE212966	1.34357294028888e-05	0.0
from_endothelial	endothelial	myeloid	FN1	ITGA4_ITGB7	FN1	2	GSE155698,GSE212966	1.33373647075781e-05	0.0
from_endothelial	endothelial	epithelial	TGFB1	ACVR1_TGFbR	TGFb	2	GSE155698,GSE212966	1.32829829291026e-05	0.0
from_endothelial	endothelial	CD8	FN1	ITGA4_ITGB7	FN1	2	GSE154778,GSE155698	1.32059480298203e-05	0.0
from_endothelial	endothelial	fibroblast_CAF	EDN1	EDNRA	EDN	2	GSE155698,GSE212966	1.31322342267753e-05	0.0
to_endothelial	B_cell	endothelial	CCL5	ACKR1	CCL	2	GSE154778,GSE212966	1.30282938923011e-05	0.0
to_endothelial	fibroblast_CAF	endothelial	RARRES2	CMKLR1	CHEMERIN	2	GSE155698,GSE212966	1.30191150054211e-05	0.0
from_endothelial	endothelial	mast	COL6A2	ITGA9_ITGB1	COLLAGEN	2	GSE155698,GSE212966	1.30037907651509e-05	0.0
from_endothelial	endothelial	epithelial	ANGPT2	ITGA5_ITGB1	ANGPT	2	GSE154778,GSE155698	1.29998272050674e-05	0.0
to_endothelial	B_cell	endothelial	TGFB1	ACVR1_TGFbR	TGFb	2	GSE155698,GSE212966	1.28218253995378e-05	0.0
to_endothelial	epithelial	endothelial	LAMB2	ITGA3_ITGB1	LAMININ	2	GSE155698,GSE212966	1.27770200742061e-05	0.0
from_endothelial	endothelial	B_cell	ICAM2	ITGAL_ITGB2	ICAM	2	GSE155698,GSE212966	1.26595631889048e-05	0.0
from_endothelial	endothelial	myeloid	COL6A1	SDC4	COLLAGEN	2	GSE155698,GSE212966	1.26153044720518e-05	0.0
to_endothelial	malignant_epithelial	endothelial	HSPG2	DAG1	HSPG	2	GSE155698,GSE212966	1.25165089320894e-05	0.0
to_endothelial	myeloid	endothelial	SEMA3C	PLXND1	SEMA3	2	GSE155698,GSE212966	1.23506405356601e-05	0.0
to_endothelial	malignant_epithelial	endothelial	LAMB2	ITGA2_ITGB1	LAMININ	2	GSE155698,GSE212966	1.22073223889423e-05	0.0
from_endothelial	endothelial	fibroblast_CAF	ANGPTL4	SDC1	ANGPTL	2	GSE155698,GSE212966	1.20137538721563e-05	0.0
to_endothelial	epithelial	endothelial	CXCL1	ACKR1	CXCL	2	GSE154778,GSE212966	1.2012072988284e-05	0.0
to_endothelial	epithelial	endothelial	COL6A2	ITGA9_ITGB1	COLLAGEN	2	GSE154778,GSE212966	1.18508413390212e-05	0.0
from_endothelial	endothelial	epithelial	ANGPTL4	SDC1	ANGPTL	2	GSE155698,GSE212966	1.18493606873701e-05	0.0
from_endothelial	endothelial	myeloid	THBS1	SDC4	THBS	2	GSE155698,GSE212966	1.18480844832781e-05	0.0
from_endothelial	endothelial	malignant_epithelial	ANGPTL4	SDC1	ANGPTL	2	GSE155698,GSE212966	1.16281461564964e-05	0.0
from_endothelial	endothelial	epithelial	TNFSF12	TNFRSF12A	TWEAK	2	GSE155698,GSE212966	1.15602583657775e-05	0.0
to_endothelial	B_cell	endothelial	FN1	ITGA8_ITGB1	FN1	2	GSE154778,GSE212966	1.13265954385136e-05	0.0
from_endothelial	endothelial	T_NK	HLA-F	CD8A	MHC-I	2	GSE155698,GSE212966	1.11237644567181e-05	0.0
to_endothelial	mast	endothelial	TGFB1	ACVR1B_TGFbR2	TGFb	2	GSE155698,GSE212966	1.1086878569703e-05	0.0
to_endothelial	myeloid	endothelial	SEMA3C	NRP1_NRP2	SEMA3	2	GSE155698,GSE212966	1.10363741825849e-05	0.0
to_endothelial	epithelial	endothelial	GRN	SORT1	GRN	2	GSE155698,GSE212966	1.10238931056498e-05	0.0
to_endothelial	epithelial	endothelial	TNFSF10	TNFRSF10A	TRAIL	2	GSE155698,GSE212966	1.0999645536096e-05	0.0
from_endothelial	endothelial	malignant_epithelial	ANGPTL2	ITGA5_ITGB1	ANGPTL	2	GSE154778,GSE212966	1.07596527696735e-05	0.0
from_endothelial	endothelial	myeloid	MDK	SDC2	MK	2	GSE155698,GSE212966	1.06172324434947e-05	0.0
to_endothelial	malignant_epithelial	endothelial	CXCL1	ACKR1	CXCL	2	GSE154778,GSE212966	1.04449247018009e-05	0.0
to_endothelial	B_cell	endothelial	TNF	TNFRSF1A	TNF	2	GSE155698,GSE212966	1.03580270515652e-05	0.0
to_endothelial	myeloid	endothelial	CD99	CD99L2	CD99	2	GSE155698,GSE212966	1.02123409683985e-05	0.0
to_endothelial	mast	endothelial	OSM	LIFR_IL6ST	OSM	2	GSE155698,GSE212966	1.01388345446721e-05	0.0
to_endothelial	mast	endothelial	CD99	CD99L2	CD99	2	GSE155698,GSE212966	1.01077364934274e-05	0.0
from_endothelial	endothelial	T_NK	HLA-DQB1	CD4	MHC-II	2	GSE155698,GSE212966	1.00393705564047e-05	0.0
from_endothelial	endothelial	fibroblast_CAF	SEMA3F	NRP2_PLXNA3	SEMA3	2	GSE155698,GSE212966	9.98405117004714e-06	0.0
to_endothelial	malignant_epithelial	endothelial	PRSS1	F2RL3	PARs	2	GSE154778,GSE155698	9.89208364660035e-06	0.0
from_endothelial	endothelial	CD8	HLA-E	KLRC1	MHC-I	2	GSE154778,GSE155698	9.89111797273241e-06	0.0
to_endothelial	mast	endothelial	TGFB1	ACVR1_TGFbR	TGFb	2	GSE155698,GSE212966	9.81557372662681e-06	0.0
from_endothelial	endothelial	T_NK	HLA-DRB5	CD4	MHC-II	2	GSE155698,GSE212966	9.77848457241478e-06	0.0
to_endothelial	B_cell	endothelial	CD99	CD99L2	CD99	2	GSE155698,GSE212966	9.69639835561889e-06	0.0
from_endothelial	endothelial	CD8	HLA-E	CD94:NKG2A	MHC-I	2	GSE154778,GSE155698	9.50775485287349e-06	0.0
to_endothelial	malignant_epithelial	endothelial	GRN	SORT1	GRN	2	GSE155698,GSE212966	9.1978878813107e-06	0.0
from_endothelial	endothelial	mast	LAMA5	ITGA9_ITGB1	LAMININ	2	GSE155698,GSE212966	9.13452456237711e-06	0.0
from_endothelial	endothelial	B_cell	HLA-DQB1	CD4	MHC-II	2	GSE155698,GSE212966	8.79164897305893e-06	0.0
to_endothelial	epithelial	endothelial	LAMC1	DAG1	LAMININ	2	GSE155698,GSE212966	8.74660682782193e-06	0.0
to_endothelial	fibroblast_CAF	endothelial	TGFB1	ACVR1_TGFbR	TGFb	2	GSE155698,GSE212966	8.72132575751241e-06	0.0
from_endothelial	endothelial	T_NK	HLA-DMA	CD4	MHC-II	2	GSE155698,GSE212966	8.6312051302216e-06	0.0
from_endothelial	endothelial	malignant_epithelial	TNFSF12	TNFRSF12A	TWEAK	2	GSE155698,GSE212966	8.52306218857658e-06	0.0
from_endothelial	endothelial	myeloid	TGFB1	ACVR1B_TGFbR2	TGFb	2	GSE155698,GSE212966	8.51670656311089e-06	0.0
to_endothelial	epithelial	endothelial	PRSS1	F2RL3	PARs	2	GSE154778,GSE155698	8.46999402914929e-06	0.0
from_endothelial	endothelial	epithelial	ANGPTL2	ITGA5_ITGB1	ANGPTL	2	GSE154778,GSE155698	8.39911057206057e-06	0.0
to_endothelial	T_NK	endothelial	SPP1	ITGA9_ITGB1	SPP1	2	GSE155698,GSE212966	8.34158709356342e-06	0.0
to_endothelial	malignant_epithelial	endothelial	PRSS1	F2R	PARs	2	GSE154778,GSE155698	8.33381453279139e-06	0.0
to_endothelial	myeloid	endothelial	CCL13	ACKR1	CCL	2	GSE154778,GSE212966	8.31428810038111e-06	0.0
to_endothelial	B_cell	endothelial	GRN	SORT1	GRN	2	GSE154778,GSE155698	8.27420452305517e-06	0.0
from_endothelial	endothelial	mast	TNXB	ITGA9_ITGB1	TENASCIN	2	GSE155698,GSE212966	8.25912173012965e-06	0.0
to_endothelial	malignant_epithelial	endothelial	LAMB2	ITGA3_ITGB1	LAMININ	2	GSE155698,GSE212966	8.24335544625638e-06	0.0
from_endothelial	endothelial	myeloid	ANGPTL4	ITGA5_ITGB1	ANGPTL	2	GSE155698,GSE212966	8.23587042615937e-06	0.0
from_endothelial	endothelial	mast	LAMB2	ITGA9_ITGB1	LAMININ	2	GSE155698,GSE212966	8.11242738445601e-06	0.0
from_endothelial	endothelial	B_cell	LAMB1	ITGA6_ITGB1	LAMININ	2	GSE154778,GSE155698	8.0620090566248e-06	0.0
to_endothelial	endothelial	endothelial	CCL2	ACKR1	CCL	2	GSE154778,GSE212966	8.03285523817208e-06	0.0
from_endothelial	endothelial	endothelial	CCL2	ACKR1	CCL	2	GSE154778,GSE212966	8.03285523817208e-06	0.0
from_endothelial	endothelial	myeloid	HLA-DQA1	CD4	MHC-II	2	GSE155698,GSE212966	7.82066687291821e-06	0.0
to_endothelial	myeloid	endothelial	SEMA3C	NRP1_PLXNA2	SEMA3	2	GSE155698,GSE212966	7.79734996144785e-06	0.0
to_endothelial	CD8	endothelial	SELL	PODXL	SELL	2	GSE154778,GSE155698	7.71413639124738e-06	0.0
to_endothelial	myeloid	endothelial	MPZL1	MPZL1	MPZ	2	GSE155698,GSE212966	7.63593660678774e-06	0.0
from_endothelial	endothelial	myeloid	MPZL1	MPZL1	MPZ	2	GSE155698,GSE212966	7.63593660678774e-06	0.0
to_endothelial	mast	endothelial	SEMA4A	PLXNB2	SEMA4	2	GSE155698,GSE212966	7.49082848242407e-06	0.0
from_endothelial	endothelial	B_cell	LAMC1	ITGA6_ITGB1	LAMININ	2	GSE154778,GSE155698	7.4626052296881e-06	0.01
to_endothelial	mast	endothelial	COL9A2	ITGA1_ITGB1	COLLAGEN	2	GSE155698,GSE212966	7.20707518220085e-06	0.0
from_endothelial	endothelial	B_cell	ICAM1	ITGAL_ITGB2	ICAM	2	GSE155698,GSE212966	7.0619074217316e-06	0.0
to_endothelial	malignant_epithelial	endothelial	LAMB1	ITGA6_ITGB4	LAMININ	2	GSE155698,GSE212966	6.96249719606389e-06	0.0
to_endothelial	fibroblast_CAF	endothelial	SEMA4A	NRP1_PLXNA2	SEMA4	2	GSE154778,GSE212966	6.79443554645075e-06	0.0
from_endothelial	endothelial	mast	ICAM1	ITGAX_ITGB2	ICAM	2	GSE155698,GSE212966	6.78721070543506e-06	0.0
to_endothelial	epithelial	endothelial	PRSS1	F2R	PARs	2	GSE154778,GSE155698	6.77397643592744e-06	0.0
to_endothelial	B_cell	endothelial	ITGA4_ITGB1	VCAM1	VCAM	2	GSE155698,GSE212966	6.76278887904298e-06	0.0
from_endothelial	endothelial	mast	CXCL12	CXCR4	CXCL	2	GSE155698,GSE212966	6.70962781350955e-06	0.0
to_endothelial	CD8	endothelial	SELL	CD34	SELL	2	GSE154778,GSE155698	6.69350410561181e-06	0.0
to_endothelial	myeloid	endothelial	ITGA4_ITGB1	VCAM1	VCAM	2	GSE155698,GSE212966	6.52440342581845e-06	0.0
from_endothelial	endothelial	mast	ICAM1	ITGAM_ITGB2	ICAM	2	GSE155698,GSE212966	6.28806673490915e-06	0.0
from_endothelial	endothelial	fibroblast_CAF	TNFSF12	TNFRSF12A	TWEAK	2	GSE155698,GSE212966	6.03163700793501e-06	0.0
to_endothelial	epithelial	endothelial	CD99	CD99L2	CD99	2	GSE155698,GSE212966	5.99520611602303e-06	0.0
to_endothelial	CD8	endothelial	TNF	TNFRSF1A	TNF	2	GSE155698,GSE212966	5.98448305317185e-06	0.0
from_endothelial	endothelial	mast	COL6A1	ITGA9_ITGB1	COLLAGEN	2	GSE155698,GSE212966	5.96230705087024e-06	0.0
to_endothelial	myeloid	endothelial	TNFSF10	TNFRSF10A	TRAIL	2	GSE155698,GSE212966	5.91042081376397e-06	0.0
to_endothelial	fibroblast_CAF	endothelial	CCL2	ACKR1	CCL	2	GSE154778,GSE212966	5.87965951004705e-06	0.0
to_endothelial	mast	endothelial	SEMA4A	NRP1_PLXNA1	SEMA4	2	GSE155698,GSE212966	5.87729643769651e-06	0.0
from_endothelial	endothelial	myeloid	ANGPTL4	SDC2	ANGPTL	2	GSE155698,GSE212966	5.82063566638633e-06	0.0
from_endothelial	endothelial	B_cell	GAS6	MERTK	GAS	2	GSE155698,GSE212966	5.81319283391406e-06	0.0
to_endothelial	malignant_epithelial	endothelial	CD99	CD99L2	CD99	2	GSE155698,GSE212966	5.77921527548503e-06	0.0
to_endothelial	fibroblast_CAF	endothelial	TNFSF10	TNFRSF10A	TRAIL	2	GSE155698,GSE212966	5.72332505372648e-06	0.0
to_endothelial	endothelial	endothelial	EFNA1	EPHA2	EPHA	2	GSE155698,GSE212966	5.70138952825603e-06	0.0
from_endothelial	endothelial	endothelial	EFNA1	EPHA2	EPHA	2	GSE155698,GSE212966	5.70138952825603e-06	0.0
to_endothelial	endothelial	endothelial	SEMA3G	NRP2_PLXNA2	SEMA3	2	GSE155698,GSE212966	5.67005960434493e-06	0.0
from_endothelial	endothelial	endothelial	SEMA3G	NRP2_PLXNA2	SEMA3	2	GSE155698,GSE212966	5.67005960434493e-06	0.0
to_endothelial	malignant_epithelial	endothelial	LAMC1	DAG1	LAMININ	2	GSE155698,GSE212966	5.63201896915137e-06	0.0
to_endothelial	fibroblast_CAF	endothelial	TGFB3	ACVR1_TGFbR	TGFb	2	GSE155698,GSE212966	5.61488694406211e-06	0.0
from_endothelial	endothelial	B_cell	ICAM1	SPN	ICAM	2	GSE154778,GSE155698	5.5701199403916e-06	0.0
from_endothelial	endothelial	B_cell	F11R	ITGAL_ITGB2	JAM	2	GSE155698,GSE212966	5.56011564550442e-06	0.0
to_endothelial	malignant_epithelial	endothelial	TNFSF10	TNFRSF10A	TRAIL	2	GSE155698,GSE212966	5.44996562312975e-06	0.0
from_endothelial	endothelial	myeloid	POSTN	ITGAV_ITGB5	PERIOSTIN	2	GSE155698,GSE212966	5.42612760786781e-06	0.0
to_endothelial	myeloid	endothelial	SEMA3C	NRP2_PLXNA2	SEMA3	2	GSE155698,GSE212966	5.30831590968012e-06	0.0
from_endothelial	endothelial	mast	COL1A1	ITGA9_ITGB1	COLLAGEN	2	GSE155698,GSE212966	5.30623593526442e-06	0.0
to_endothelial	epithelial	endothelial	LAMB2	DAG1	LAMININ	2	GSE155698,GSE212966	5.25619243104914e-06	0.0
to_endothelial	B_cell	endothelial	TNF	TNFRSF1B	TNF	2	GSE155698,GSE212966	5.24837528459797e-06	0.0
from_endothelial	endothelial	myeloid	CSF1	CSF1R	CSF	2	GSE155698,GSE212966	5.11502218378148e-06	0.0
to_endothelial	fibroblast_CAF	endothelial	COL4A5	ITGA1_ITGB1	COLLAGEN	2	GSE155698,GSE212966	4.99323276464846e-06	0.0
to_endothelial	mast	endothelial	COL9A2	ITGA2_ITGB1	COLLAGEN	2	GSE155698,GSE212966	4.98396544424082e-06	0.0
to_endothelial	T_NK	endothelial	SELL	MADCAM1	SELL	2	GSE154778,GSE155698	4.95774554107847e-06	0.0
to_endothelial	fibroblast_CAF	endothelial	INHBA	ACVR1B_ACVR2A	ACTIVIN	2	GSE155698,GSE212966	4.92192432115722e-06	0.0
from_endothelial	endothelial	malignant_epithelial	JAG1	NOTCH2	NOTCH	2	GSE155698,GSE212966	4.85323021172674e-06	0.0
to_endothelial	T_NK	endothelial	TNF	TNFRSF1A	TNF	2	GSE154778,GSE155698	4.80435109749395e-06	0.0
to_endothelial	epithelial	endothelial	EFNA1	EPHA2	EPHA	2	GSE155698,GSE212966	4.75719014603233e-06	0.0
to_endothelial	myeloid	endothelial	SEMA4A	PLXNB2	SEMA4	2	GSE155698,GSE212966	4.61822787937509e-06	0.0
to_endothelial	malignant_epithelial	endothelial	LIF	LIFR_IL6ST	LIFR	2	GSE155698,GSE212966	4.55423628850908e-06	0.0
to_endothelial	fibroblast_CAF	endothelial	INHBA	ACVR1B_ACVR2B	ACTIVIN	2	GSE155698,GSE212966	4.55208953179771e-06	0.0
to_endothelial	myeloid	endothelial	LAMB3	ITGA9_ITGB1	LAMININ	2	GSE154778,GSE212966	4.54364908367065e-06	0.0
to_endothelial	B_cell	endothelial	SELL	MADCAM1	SELL	2	GSE154778,GSE155698	4.53420849148002e-06	0.0
to_endothelial	endothelial	endothelial	EDN1	EDNRB	EDN	2	GSE155698,GSE212966	4.43819884286016e-06	0.0
from_endothelial	endothelial	endothelial	EDN1	EDNRB	EDN	2	GSE155698,GSE212966	4.43819884286016e-06	0.0
to_endothelial	endothelial	endothelial	POSTN	ITGAV_ITGB5	PERIOSTIN	2	GSE155698,GSE212966	4.26674527146391e-06	0.0
from_endothelial	endothelial	endothelial	POSTN	ITGAV_ITGB5	PERIOSTIN	2	GSE155698,GSE212966	4.26674527146391e-06	0.0
from_endothelial	endothelial	fibroblast_CAF	HBEGF	EGFR_ERBB2	EGF	2	GSE155698,GSE212966	4.25847575454009e-06	0.0
from_endothelial	endothelial	CD8	MADCAM1	ITGA4_ITGB7	MADCAM	2	GSE154778,GSE155698	4.20798651773779e-06	0.0
from_endothelial	endothelial	mast	COL1A2	ITGA9_ITGB1	COLLAGEN	2	GSE155698,GSE212966	4.19856185011154e-06	0.0
from_endothelial	endothelial	mast	SPP1	ITGA9_ITGB1	SPP1	2	GSE155698,GSE212966	4.18831112668175e-06	0.0
to_endothelial	mast	endothelial	COL9A2	ITGA9_ITGB1	COLLAGEN	2	GSE155698,GSE212966	4.14101941169103e-06	0.0
to_endothelial	epithelial	endothelial	SEMA7A	ITGB1_ITGA1	SEMA7	2	GSE155698,GSE212966	4.11034525013372e-06	0.0
from_endothelial	endothelial	myeloid	ANGPTL4	SDC4	ANGPTL	2	GSE155698,GSE212966	4.08710503143837e-06	0.0
to_endothelial	myeloid	endothelial	CCL5	ACKR1	CCL	2	GSE154778,GSE212966	4.06087756510413e-06	0.0
to_endothelial	T_NK	endothelial	SELPLG	SELE	SELPLG	2	GSE155698,GSE212966	4.03516791342995e-06	0.0
from_endothelial	endothelial	epithelial	EFNB2	EPHB3	EPHB	2	GSE155698,GSE212966	3.9737248389214e-06	0.0
from_endothelial	endothelial	epithelial	JAG1	NOTCH3	NOTCH	2	GSE155698,GSE212966	3.94447833859973e-06	0.0
to_endothelial	malignant_epithelial	endothelial	EFNA1	EPHA2	EPHA	2	GSE155698,GSE212966	3.84482229339007e-06	0.0
to_endothelial	myeloid	endothelial	RETN	TLR4	RESISTIN	2	GSE155698,GSE212966	3.68833437935801e-06	0.0
to_endothelial	fibroblast_CAF	endothelial	ANGPT1	TEK	ANGPT	2	GSE155698,GSE212966	3.66362576623613e-06	0.0
from_endothelial	endothelial	epithelial	JAG2	NOTCH3	NOTCH	2	GSE155698,GSE212966	3.61865403062699e-06	0.0
to_endothelial	mast	endothelial	COL9A2	ITGA10_ITGB1	COLLAGEN	2	GSE155698,GSE212966	3.53696153560095e-06	0.0
from_endothelial	endothelial	T_NK	HLA-DQA1	CD4	MHC-II	2	GSE155698,GSE212966	3.501018376198e-06	0.0
to_endothelial	epithelial	endothelial	LAMB1	DAG1	LAMININ	2	GSE155698,GSE212966	3.47444106899259e-06	0.0
from_endothelial	endothelial	myeloid	HLA-DMB	CD4	MHC-II	2	GSE155698,GSE212966	3.42929757630242e-06	0.0
to_endothelial	myeloid	endothelial	COL6A2	ITGA9_ITGB1	COLLAGEN	2	GSE154778,GSE212966	3.38659507023258e-06	0.0
to_endothelial	fibroblast_CAF	endothelial	COL4A5	ITGA2_ITGB1	COLLAGEN	2	GSE155698,GSE212966	3.38390741828681e-06	0.0
to_endothelial	malignant_epithelial	endothelial	LAMB2	DAG1	LAMININ	2	GSE155698,GSE212966	3.38273827283687e-06	0.0
to_endothelial	mast	endothelial	COL9A2	ITGA3_ITGB1	COLLAGEN	2	GSE155698,GSE212966	3.34491305005634e-06	0.0
to_endothelial	malignant_epithelial	endothelial	COL9A2	ITGA1_ITGB1	COLLAGEN	2	GSE154778,GSE155698	3.22179745378149e-06	0.0
from_endothelial	endothelial	B_cell	JAG1	NOTCH2	NOTCH	2	GSE155698,GSE212966	3.20953601635621e-06	0.0
from_endothelial	endothelial	B_cell	HLA-DQA1	CD4	MHC-II	2	GSE155698,GSE212966	3.14750263790003e-06	0.0
from_endothelial	endothelial	epithelial	GAS6	AXL	GAS	2	GSE155698,GSE212966	3.12022166704419e-06	0.0
from_endothelial	endothelial	B_cell	JAG2	NOTCH2	NOTCH	2	GSE155698,GSE212966	3.1163126561944e-06	0.0
to_endothelial	T_NK	endothelial	SPP1	ITGA8_ITGB1	SPP1	2	GSE155698,GSE212966	2.99945064120844e-06	0.0
to_endothelial	fibroblast_CAF	endothelial	ANGPTL2	TLR4	ANGPTL	2	GSE155698,GSE212966	2.97062459953379e-06	0.0
to_endothelial	malignant_epithelial	endothelial	COL6A3	ITGA9_ITGB1	COLLAGEN	2	GSE154778,GSE212966	2.9657495529877e-06	0.0
from_endothelial	endothelial	malignant_epithelial	TNFSF10	TNFRSF10A	TRAIL	2	GSE155698,GSE212966	2.91467890451777e-06	0.0
to_endothelial	fibroblast_CAF	endothelial	COL4A5	ITGA9_ITGB1	COLLAGEN	2	GSE155698,GSE212966	2.83745201919485e-06	0.0
to_endothelial	T_NK	endothelial	TNF	TNFRSF1B	TNF	2	GSE154778,GSE155698	2.74959061478956e-06	0.0
to_endothelial	fibroblast_CAF	endothelial	CXCL3	ACKR1	CXCL	2	GSE154778,GSE212966	2.69889050073917e-06	0.0
from_endothelial	endothelial	myeloid	JAG2	NOTCH1	NOTCH	2	GSE155698,GSE212966	2.54508256586117e-06	0.0
to_endothelial	epithelial	endothelial	JAG2	NOTCH4	NOTCH	2	GSE155698,GSE212966	2.53843472067201e-06	0.0
to_endothelial	fibroblast_CAF	endothelial	TGFB3	ACVR1B_TGFbR2	TGFb	2	GSE155698,GSE212966	2.50248095067956e-06	0.0
from_endothelial	endothelial	myeloid	JAG1	NOTCH1	NOTCH	2	GSE155698,GSE212966	2.48738912078109e-06	0.0
to_endothelial	mast	endothelial	ITGA4_ITGB1	VCAM1	VCAM	2	GSE155698,GSE212966	2.45315699871274e-06	0.0
to_endothelial	T_NK	endothelial	CD40LG	CD40	CD40	2	GSE155698,GSE212966	2.43473355573074e-06	0.0
from_endothelial	endothelial	epithelial	EFNB1	EPHB3	EPHB	2	GSE155698,GSE212966	2.43396778108877e-06	0.0
from_endothelial	endothelial	B_cell	TNXB	SDC4	TENASCIN	2	GSE154778,GSE212966	2.42886785085228e-06	0.0
from_endothelial	endothelial	fibroblast_CAF	JAG1	NOTCH1	NOTCH	2	GSE155698,GSE212966	2.41641838268421e-06	0.0
to_endothelial	fibroblast_CAF	endothelial	ANGPTL1	ITGA1_ITGB1	ANGPTL	2	GSE155698,GSE212966	2.37503702197971e-06	0.0
from_endothelial	endothelial	fibroblast_CAF	JAG2	NOTCH1	NOTCH	2	GSE155698,GSE212966	2.34817840780109e-06	0.0
to_endothelial	fibroblast_CAF	endothelial	COL4A5	ITGA10_ITGB1	COLLAGEN	2	GSE155698,GSE212966	2.32214574534099e-06	0.0
to_endothelial	fibroblast_CAF	endothelial	COL4A5	ITGA3_ITGB1	COLLAGEN	2	GSE155698,GSE212966	2.28417337126787e-06	0.0
from_endothelial	endothelial	epithelial	PROS1	AXL	PROS	2	GSE155698,GSE212966	2.25972328757692e-06	0.0
to_endothelial	endothelial	endothelial	ANGPTL2	TLR4	ANGPTL	2	GSE155698,GSE212966	2.24933545340756e-06	0.0
from_endothelial	endothelial	endothelial	ANGPTL2	TLR4	ANGPTL	2	GSE155698,GSE212966	2.24933545340756e-06	0.0
from_endothelial	endothelial	fibroblast_CAF	SEMA3G	NRP2_PLXNA1	SEMA3	2	GSE155698,GSE212966	2.19663644923528e-06	0.0
to_endothelial	fibroblast_CAF	endothelial	HGF	MET	HGF	2	GSE155698,GSE212966	2.17614263225523e-06	0.0
from_endothelial	endothelial	epithelial	EFNB2	EPHB2	EPHB	2	GSE155698,GSE212966	2.14780416793958e-06	0.0
from_endothelial	endothelial	fibroblast_CAF	SEMA7A	ITGB1_ITGA1	SEMA7	2	GSE155698,GSE212966	2.02905107757686e-06	0.0
from_endothelial	endothelial	epithelial	JAG1	NOTCH1	NOTCH	2	GSE155698,GSE212966	1.98069580273246e-06	0.0
to_endothelial	malignant_epithelial	endothelial	EFNA2	EPHA4	EPHA	2	GSE155698,GSE212966	1.97302270716663e-06	0.0
to_endothelial	T_NK	endothelial	CD226	PVR	CD226	2	GSE155698,GSE212966	1.95226040623235e-06	0.0
from_endothelial	endothelial	T_NK	PVR	CD226	PVR	2	GSE155698,GSE212966	1.95226040623235e-06	0.0
from_endothelial	endothelial	malignant_epithelial	CXCL12	CXCR4	CXCL	2	GSE155698,GSE212966	1.93716466458319e-06	0.0
from_endothelial	endothelial	epithelial	DLL4	NOTCH3	NOTCH	2	GSE155698,GSE212966	1.93421215576359e-06	0.0
from_endothelial	endothelial	fibroblast_CAF	PRSS1	F2R	PARs	2	GSE154778,GSE155698	1.91290611524038e-06	0.0
from_endothelial	endothelial	mast	THY1	ITGAX_ITGB2	THY1	2	GSE155698,GSE212966	1.86987905083129e-06	0.0
to_endothelial	endothelial	endothelial	SEMA7A	ITGB1_ITGA1	SEMA7	2	GSE155698,GSE212966	1.84935485721636e-06	0.0
from_endothelial	endothelial	endothelial	SEMA7A	ITGB1_ITGA1	SEMA7	2	GSE155698,GSE212966	1.84935485721636e-06	0.0
to_endothelial	fibroblast_CAF	endothelial	VEGFC	KDR	VEGF	2	GSE155698,GSE212966	1.83119324390159e-06	0.0
to_endothelial	myeloid	endothelial	SELPLG	SELL	SELPLG	2	GSE154778,GSE212966	1.82782691171347e-06	0.0
from_endothelial	endothelial	epithelial	JAG2	NOTCH1	NOTCH	2	GSE155698,GSE212966	1.81241649801848e-06	0.0
from_endothelial	endothelial	B_cell	DLL4	NOTCH2	NOTCH	2	GSE155698,GSE212966	1.7729438433548e-06	0.0
from_endothelial	endothelial	mast	THY1	ITGAM_ITGB2	THY1	2	GSE155698,GSE212966	1.76847159714583e-06	0.0
to_endothelial	malignant_epithelial	endothelial	COL9A2	ITGA2_ITGB1	COLLAGEN	2	GSE154778,GSE155698	1.75264438560046e-06	0.0
from_endothelial	endothelial	myeloid	ANGPTL4	SDC3	ANGPTL	2	GSE155698,GSE212966	1.74053221768469e-06	0.0
to_endothelial	endothelial	endothelial	EFNB2	EPHB1	EPHB	2	GSE155698,GSE212966	1.71171520364884e-06	0.0
from_endothelial	endothelial	endothelial	EFNB2	EPHB1	EPHB	2	GSE155698,GSE212966	1.71171520364884e-06	0.0
from_endothelial	endothelial	epithelial	INHBB	ACVR1B_ACVR2A	ACTIVIN	2	GSE155698,GSE212966	1.67429748270861e-06	0.0
to_endothelial	fibroblast_CAF	endothelial	TNXB	ITGA9_ITGB1	TENASCIN	2	GSE155698,GSE212966	1.67366561978463e-06	0.0
to_endothelial	epithelial	endothelial	JAG2	NOTCH1	NOTCH	2	GSE155698,GSE212966	1.55164207326955e-06	0.0
to_endothelial	CD8	endothelial	SELPLG	SELL	SELPLG	2	GSE154778,GSE212966	1.54504045494871e-06	0.0
from_endothelial	endothelial	myeloid	DLL4	NOTCH1	NOTCH	2	GSE155698,GSE212966	1.52464125630485e-06	0.0
to_endothelial	endothelial	endothelial	CXCL3	ACKR1	CXCL	2	GSE154778,GSE212966	1.51035345950161e-06	0.0
from_endothelial	endothelial	endothelial	CXCL3	ACKR1	CXCL	2	GSE154778,GSE212966	1.51035345950161e-06	0.0
from_endothelial	endothelial	epithelial	SEMA3G	NRP2_PLXNA2	SEMA3	2	GSE155698,GSE212966	1.50314618525376e-06	0.0
to_endothelial	endothelial	endothelial	INHBB	ACVR1B_ACVR2A	ACTIVIN	2	GSE155698,GSE212966	1.48826687817811e-06	0.0
from_endothelial	endothelial	endothelial	INHBB	ACVR1B_ACVR2A	ACTIVIN	2	GSE155698,GSE212966	1.48826687817811e-06	0.0
from_endothelial	endothelial	T_NK	HLA-DMB	CD4	MHC-II	2	GSE155698,GSE212966	1.48806895918182e-06	0.0
to_endothelial	fibroblast_CAF	endothelial	WNT2	FZD4_LRP5	WNT	2	GSE155698,GSE212966	1.48764786072564e-06	0.0
to_endothelial	CD8	endothelial	TNFSF14	TNFRSF14	LIGHT	2	GSE154778,GSE155698	1.47837488062739e-06	0.0
to_endothelial	myeloid	endothelial	SEMA3C	NRP1_PLXNA1	SEMA3	2	GSE155698,GSE212966	1.46428113528348e-06	0.0
to_endothelial	fibroblast_CAF	endothelial	EFNB1	EPHB4	EPHB	2	GSE155698,GSE212966	1.44003471836092e-06	0.0
from_endothelial	endothelial	B_cell	HLA-DMB	CD4	MHC-II	2	GSE155698,GSE212966	1.43650896687939e-06	0.0
from_endothelial	endothelial	epithelial	DLL1	NOTCH3	NOTCH	2	GSE155698,GSE212966	1.37158263779827e-06	0.0
to_endothelial	fibroblast_CAF	endothelial	SEMA4A	NRP1_PLXNA1	SEMA4	2	GSE154778,GSE212966	1.3696091719047e-06	0.0
from_endothelial	endothelial	fibroblast_CAF	DLL4	NOTCH1	NOTCH	2	GSE155698,GSE212966	1.3370615262827e-06	0.0
to_endothelial	epithelial	endothelial	WNT10A	FZD4_LRP6	WNT	2	GSE155698,GSE212966	1.29470766326371e-06	0.0
from_endothelial	endothelial	epithelial	SEMA3G	NRP2_PLXNA1	SEMA3	2	GSE155698,GSE212966	1.29465070403647e-06	0.0
to_endothelial	epithelial	endothelial	EFNA5	EPHA2	EPHA	2	GSE155698,GSE212966	1.28570287164079e-06	0.0
to_endothelial	CD8	endothelial	SELL	MADCAM1	SELL	2	GSE154778,GSE155698	1.279935080241e-06	0.0
to_endothelial	mast	endothelial	FN1	ITGA8_ITGB1	FN1	2	GSE154778,GSE212966	1.27484672062729e-06	0.0
to_endothelial	endothelial	endothelial	INHBB	ACVR1B_ACVR2B	ACTIVIN	2	GSE155698,GSE212966	1.26196620510431e-06	0.0
from_endothelial	endothelial	endothelial	INHBB	ACVR1B_ACVR2B	ACTIVIN	2	GSE155698,GSE212966	1.26196620510431e-06	0.0
to_endothelial	CD8	endothelial	TNFSF14	LTBR	LIGHT	2	GSE154778,GSE155698	1.23126651273309e-06	0.0
from_endothelial	endothelial	B_cell	CSF1	CSF1R	CSF	2	GSE155698,GSE212966	1.22275318901348e-06	0.0
to_endothelial	mast	endothelial	ITGA9_ITGB1	VCAM1	VCAM	2	GSE155698,GSE212966	1.2209883818549e-06	0.0
from_endothelial	endothelial	epithelial	EFNB1	EPHB2	EPHB	2	GSE155698,GSE212966	1.19460386211376e-06	0.0
from_endothelial	endothelial	malignant_epithelial	SEMA3G	NRP2_PLXNA2	SEMA3	2	GSE155698,GSE212966	1.17923079045908e-06	0.0
from_endothelial	endothelial	fibroblast_CAF	SEMA3G	NRP2_PLXNA3	SEMA3	2	GSE155698,GSE212966	1.17534329574798e-06	0.0
to_endothelial	myeloid	endothelial	SEMA6B	PLXNA2	SEMA6	2	GSE155698,GSE212966	1.17131230403648e-06	0.0
from_endothelial	endothelial	malignant_epithelial	GAS6	AXL	GAS	2	GSE155698,GSE212966	1.17064439298159e-06	0.0
to_endothelial	epithelial	endothelial	WNT7B	FZD4_LRP6	WNT	2	GSE155698,GSE212966	1.16047659293659e-06	0.0
to_endothelial	fibroblast_CAF	endothelial	WNT2	FZD6_LRP5	WNT	2	GSE155698,GSE212966	1.14923500622906e-06	0.0
to_endothelial	fibroblast_CAF	endothelial	AGRN	DAG1	AGRN	2	GSE155698,GSE212966	1.13440513504903e-06	0.0
to_endothelial	malignant_epithelial	endothelial	COL9A2	ITGA9_ITGB1	COLLAGEN	2	GSE154778,GSE155698	1.13178715547523e-06	0.0
from_endothelial	endothelial	B_cell	ICAM1	ITGAL	ICAM	2	GSE155698,GSE212966	1.12655253299771e-06	0.0
to_endothelial	malignant_epithelial	endothelial	COL9A2	ITGA3_ITGB1	COLLAGEN	2	GSE154778,GSE155698	1.11562488373033e-06	0.0
to_endothelial	epithelial	endothelial	EFNA2	EPHA4	EPHA	2	GSE155698,GSE212966	1.08944316948763e-06	0.0
to_endothelial	T_NK	endothelial	TNFSF14	TNFRSF14	LIGHT	2	GSE154778,GSE155698	1.08934690478699e-06	0.0
from_endothelial	endothelial	epithelial	SEMA3G	NRP2_PLXNA3	SEMA3	2	GSE155698,GSE212966	1.07561006884174e-06	0.0
from_endothelial	endothelial	epithelial	EFNA1	EPHA1	EPHA	2	GSE155698,GSE212966	1.07313187515084e-06	0.0
to_endothelial	myeloid	endothelial	ITGA4_ITGB7	VCAM1	VCAM	2	GSE155698,GSE212966	1.06781550016119e-06	0.0
to_endothelial	endothelial	endothelial	SEMA3G	NRP2_PLXNA1	SEMA3	2	GSE155698,GSE212966	1.06765282224008e-06	0.0
from_endothelial	endothelial	endothelial	SEMA3G	NRP2_PLXNA1	SEMA3	2	GSE155698,GSE212966	1.06765282224008e-06	0.0
to_endothelial	endothelial	endothelial	EFNB1	EPHB1	EPHB	2	GSE155698,GSE212966	1.02854155123437e-06	0.0
from_endothelial	endothelial	endothelial	EFNB1	EPHB1	EPHB	2	GSE155698,GSE212966	1.02854155123437e-06	0.0
from_endothelial	endothelial	fibroblast_CAF	INHBB	ACVR1B_ACVR2A	ACTIVIN	2	GSE155698,GSE212966	1.01956388856682e-06	0.0
from_endothelial	endothelial	B_cell	DLL1	NOTCH2	NOTCH	2	GSE155698,GSE212966	1.00800255389852e-06	0.0
to_endothelial	myeloid	endothelial	SEMA3C	NRP2_PLXNA1	SEMA3	2	GSE155698,GSE212966	9.97482082835278e-07	0.0
to_endothelial	epithelial	endothelial	WNT10A	FZD6_LRP6	WNT	2	GSE155698,GSE212966	9.95680129045685e-07	0.0
from_endothelial	endothelial	epithelial	DLL4	NOTCH1	NOTCH	2	GSE155698,GSE212966	9.65759255178638e-07	0.0
from_endothelial	endothelial	malignant_epithelial	INHBB	ACVR1B_ACVR2B	ACTIVIN	2	GSE155698,GSE212966	9.48932328948403e-07	0.0
from_endothelial	endothelial	fibroblast_CAF	ANGPTL4	SDC4	ANGPTL	2	GSE155698,GSE212966	9.36160999704587e-07	0.0
to_endothelial	fibroblast_CAF	endothelial	LAMA2	CD44	LAMININ	2	GSE154778,GSE212966	9.18271990764567e-07	0.0
from_endothelial	endothelial	myeloid	CXCL2	CXCR2	CXCL	2	GSE155698,GSE212966	9.09603105851741e-07	0.0
to_endothelial	myeloid	endothelial	CXCL5	ACKR1	CXCL	2	GSE154778,GSE212966	9.00586759778013e-07	0.0
to_endothelial	fibroblast_CAF	endothelial	IGF2	ITGA6_ITGB4	IGF	2	GSE154778,GSE155698	8.90264911007535e-07	0.0
to_endothelial	epithelial	endothelial	WNT7B	FZD6_LRP6	WNT	2	GSE155698,GSE212966	8.88717821000181e-07	0.0
to_endothelial	fibroblast_CAF	endothelial	VEGFC	FLT4_KDR	VEGF	2	GSE155698,GSE212966	8.61710881327321e-07	0.0
to_endothelial	epithelial	endothelial	COL6A3	ITGA9_ITGB1	COLLAGEN	2	GSE154778,GSE212966	8.58841715301603e-07	0.0
from_endothelial	endothelial	malignant_epithelial	PROS1	AXL	PROS	2	GSE155698,GSE212966	8.47700129225784e-07	0.0
to_endothelial	malignant_epithelial	endothelial	COL9A2	ITGA10_ITGB1	COLLAGEN	2	GSE154778,GSE155698	8.37208584717125e-07	0.0
to_endothelial	fibroblast_CAF	endothelial	EFNB1	EPHA4	EPHB	2	GSE155698,GSE212966	8.17978595464738e-07	0.0
to_endothelial	T_NK	endothelial	TNFSF14	LTBR	LIGHT	2	GSE154778,GSE155698	8.13299938434683e-07	0.0
to_endothelial	epithelial	endothelial	WNT10A	FZD4_LRP5	WNT	2	GSE155698,GSE212966	8.07032193081702e-07	0.0
from_endothelial	endothelial	CD8	IGF2	IGF2R	IGF	2	GSE155698,GSE212966	8.05823954885288e-07	0.0
from_endothelial	endothelial	B_cell	IGF2	IGF2R	IGF	2	GSE155698,GSE212966	8.04944357340376e-07	0.0
from_endothelial	endothelial	malignant_epithelial	SEMA3G	NRP2_PLXNA1	SEMA3	2	GSE155698,GSE212966	7.96906745337974e-07	0.0
to_endothelial	fibroblast_CAF	endothelial	CCL11	ACKR1	CCL	2	GSE154778,GSE212966	7.91078661890139e-07	0.0
to_endothelial	fibroblast_CAF	endothelial	FGF2	FGFR1	FGF	2	GSE155698,GSE212966	7.90664906278359e-07	0.0
from_endothelial	endothelial	malignant_epithelial	SEMA3G	NRP2_PLXNA3	SEMA3	2	GSE155698,GSE212966	7.863257254321e-07	0.0
from_endothelial	endothelial	fibroblast_CAF	FGF2	FGFR1	FGF	2	GSE155698,GSE212966	7.7342355665252e-07	0.0
from_endothelial	endothelial	malignant_epithelial	SELL	PODXL	SELL	2	GSE154778,GSE212966	7.71898229875378e-07	0.0
from_endothelial	endothelial	fibroblast_CAF	DLL1	NOTCH1	NOTCH	2	GSE155698,GSE212966	7.57646169222815e-07	0.0
to_endothelial	epithelial	endothelial	WNT7B	FZD4_LRP5	WNT	2	GSE155698,GSE212966	7.31965724409997e-07	0.0
to_endothelial	epithelial	endothelial	SEMA6A	PLXNA2	SEMA6	2	GSE155698,GSE212966	7.13571085923766e-07	0.0
from_endothelial	endothelial	myeloid	DLL1	NOTCH1	NOTCH	2	GSE155698,GSE212966	6.99634603140403e-07	0.0
to_endothelial	malignant_epithelial	endothelial	EFNA5	EPHA2	EPHA	2	GSE155698,GSE212966	6.93878019419922e-07	0.0
from_endothelial	endothelial	epithelial	DLL1	NOTCH1	NOTCH	2	GSE155698,GSE212966	6.91505160375531e-07	0.0
from_endothelial	endothelial	mast	JAG2	NOTCH2	NOTCH	2	GSE155698,GSE212966	6.87302358286075e-07	0.0
from_endothelial	endothelial	myeloid	SEMA7A	PLXNC1	SEMA7	2	GSE155698,GSE212966	6.78432465437565e-07	0.0
to_endothelial	epithelial	endothelial	THBS3	CD36	THBS	2	GSE154778,GSE155698	6.75941417486845e-07	0.0
to_endothelial	myeloid	endothelial	INHBA	ACVR1B_ACVR2A	ACTIVIN	2	GSE155698,GSE212966	6.60445053405836e-07	0.0
to_endothelial	epithelial	endothelial	TGFB2	ACVR1B_TGFbR2	TGFb	2	GSE155698,GSE212966	6.59532128967045e-07	0.0
to_endothelial	epithelial	endothelial	TGFB2	ACVR1_TGFbR	TGFb	2	GSE155698,GSE212966	6.53454786222251e-07	0.0
to_endothelial	fibroblast_CAF	endothelial	IGF1	IGF1R	IGF	2	GSE155698,GSE212966	6.43185751997818e-07	0.0
to_endothelial	epithelial	endothelial	WNT10A	FZD6_LRP5	WNT	2	GSE155698,GSE212966	6.2041755120897e-07	0.0
from_endothelial	endothelial	fibroblast_CAF	ANGPTL4	SDC3	ANGPTL	2	GSE155698,GSE212966	6.09989728322819e-07	0.0
to_endothelial	B_cell	endothelial	SEMA4A	NRP1_PLXNA1	SEMA4	2	GSE154778,GSE155698	6.05878411411956e-07	0.0
to_endothelial	fibroblast_CAF	endothelial	TNXB	ITGA8_ITGB1	TENASCIN	2	GSE155698,GSE212966	6.04194981614054e-07	0.0
from_endothelial	endothelial	epithelial	SELL	PODXL	SELL	2	GSE154778,GSE212966	6.01952464708538e-07	0.0
to_endothelial	malignant_epithelial	endothelial	WNT10A	FZD4_LRP6	WNT	2	GSE155698,GSE212966	5.91772320815025e-07	0.0
from_endothelial	endothelial	fibroblast_CAF	LAMB1	SV2A	LAMININ	2	GSE155698,GSE212966	5.88446777258419e-07	0.0
from_endothelial	endothelial	CD8	SEMA7A	ITGB1_ITGA1	SEMA7	2	GSE155698,GSE212966	5.82964015456753e-07	0.0
from_endothelial	endothelial	fibroblast_CAF	IGF2	IGF2R	IGF	2	GSE155698,GSE212966	5.79320355923898e-07	0.0
to_endothelial	epithelial	endothelial	EFNB2	EPHB1	EPHB	2	GSE155698,GSE212966	5.65791886024323e-07	0.0
to_endothelial	mast	endothelial	EFNB2	EPHB4	EPHB	2	GSE155698,GSE212966	5.6041260334944e-07	0.0
to_endothelial	epithelial	endothelial	WNT7B	FZD6_LRP5	WNT	2	GSE155698,GSE212966	5.60310026845364e-07	0.0
to_endothelial	myeloid	endothelial	INHBA	ACVR1B_ACVR2B	ACTIVIN	2	GSE155698,GSE212966	5.45372316018568e-07	0.0
from_endothelial	endothelial	malignant_epithelial	PRSS1	F2RL1	PARs	2	GSE154778,GSE155698	5.44066734132117e-07	0.0
from_endothelial	endothelial	malignant_epithelial	SEMA7A	ITGB1_ITGA1	SEMA7	2	GSE155698,GSE212966	5.26192170193099e-07	0.0
to_endothelial	B_cell	endothelial	SELPLG	SELL	SELPLG	2	GSE154778,GSE212966	5.23756833988075e-07	0.0
from_endothelial	endothelial	myeloid	PGF	FLT1	VEGF	2	GSE155698,GSE212966	5.21999780875935e-07	0.0
to_endothelial	fibroblast_CAF	endothelial	SEMA4C	PLXNB2	SEMA4	2	GSE155698,GSE212966	5.1150741964547e-07	0.0
from_endothelial	endothelial	epithelial	PRSS1	F2RL1	PARs	2	GSE154778,GSE155698	5.02614114045883e-07	0.0
from_endothelial	endothelial	epithelial	ANGPTL4	SDC3	ANGPTL	2	GSE155698,GSE212966	4.95619892998091e-07	0.0
to_endothelial	endothelial	endothelial	PRSS1	F2RL3	PARs	2	GSE154778,GSE155698	4.90472985694691e-07	0.0
from_endothelial	endothelial	endothelial	PRSS1	F2RL3	PARs	2	GSE154778,GSE155698	4.90472985694691e-07	0.0
to_endothelial	malignant_epithelial	endothelial	EFNB2	EPHB1	EPHB	2	GSE155698,GSE212966	4.7024872002658e-07	0.0
to_endothelial	myeloid	endothelial	HGF	MET	HGF	2	GSE155698,GSE212966	4.60532919672599e-07	0.0
to_endothelial	malignant_epithelial	endothelial	WNT10A	FZD6_LRP6	WNT	2	GSE155698,GSE212966	4.56482356807019e-07	0.0
from_endothelial	endothelial	malignant_epithelial	EFNA1	EPHA1	EPHA	2	GSE155698,GSE212966	4.52778940260561e-07	0.0
to_endothelial	endothelial	endothelial	FGF2	FGFR1	FGF	2	GSE155698,GSE212966	4.51087022324078e-07	0.0
from_endothelial	endothelial	endothelial	FGF2	FGFR1	FGF	2	GSE155698,GSE212966	4.51087022324078e-07	0.0
to_endothelial	endothelial	endothelial	IGF2	IGF1R	IGF	2	GSE155698,GSE212966	4.45447943721147e-07	0.0
from_endothelial	endothelial	endothelial	IGF2	IGF1R	IGF	2	GSE155698,GSE212966	4.45447943721147e-07	0.0
from_endothelial	endothelial	mast	DLL4	NOTCH2	NOTCH	2	GSE155698,GSE212966	4.04619721651528e-07	0.0
to_endothelial	malignant_epithelial	endothelial	EFNA2	EPHA2	EPHA	2	GSE155698,GSE212966	4.00674210785754e-07	0.0
to_endothelial	endothelial	endothelial	SELE	CD44	SELE	2	GSE154778,GSE212966	3.94836986726442e-07	0.0
from_endothelial	endothelial	endothelial	SELE	CD44	SELE	2	GSE154778,GSE212966	3.94836986726442e-07	0.0
to_endothelial	endothelial	endothelial	PRSS1	F2R	PARs	2	GSE154778,GSE155698	3.83332511782881e-07	0.0
from_endothelial	endothelial	endothelial	PRSS1	F2R	PARs	2	GSE154778,GSE155698	3.83332511782881e-07	0.0
to_endothelial	mast	endothelial	SPP1	ITGA9_ITGB1	SPP1	2	GSE154778,GSE212966	3.8065913776972e-07	0.0
from_endothelial	endothelial	fibroblast_CAF	LAMC1	SV2A	LAMININ	2	GSE155698,GSE212966	3.79628903860713e-07	0.0
to_endothelial	CD8	endothelial	ITGA4_ITGB7	VCAM1	VCAM	2	GSE154778,GSE155698	3.74748840646067e-07	0.0
from_endothelial	endothelial	fibroblast_CAF	LAMA4	SV2A	LAMININ	2	GSE155698,GSE212966	3.72627271980097e-07	0.0
to_endothelial	malignant_epithelial	endothelial	WNT10A	FZD4_LRP5	WNT	2	GSE155698,GSE212966	3.6563404524716e-07	0.0
to_endothelial	epithelial	endothelial	EFNB1	EPHB1	EPHB	2	GSE155698,GSE212966	3.50732831279253e-07	0.0
to_endothelial	epithelial	endothelial	RARRES2	CMKLR1	CHEMERIN	2	GSE155698,GSE212966	3.45462500739021e-07	0.0
to_endothelial	fibroblast_CAF	endothelial	CNTN1	NRCAM	CNTN	2	GSE155698,GSE212966	3.3857736291511e-07	0.0
to_endothelial	fibroblast_CAF	endothelial	VEGFC	FLT4	VEGF	2	GSE155698,GSE212966	3.29257004499553e-07	0.0
to_endothelial	mast	endothelial	EFNB2	EPHA4	EPHB	2	GSE155698,GSE212966	3.22987362424887e-07	0.0
from_endothelial	endothelial	fibroblast_CAF	EDN1	EDNRB	EDN	2	GSE155698,GSE212966	3.14745323180622e-07	0.0
to_endothelial	fibroblast_CAF	endothelial	WNT5A	FZD8	ncWNT	2	GSE155698,GSE212966	3.08595302659057e-07	0.0
from_endothelial	endothelial	epithelial	SEMA7A	ITGB1_ITGA1	SEMA7	2	GSE155698,GSE212966	2.88322773078173e-07	0.0
to_endothelial	malignant_epithelial	endothelial	WNT10A	FZD6_LRP5	WNT	2	GSE155698,GSE212966	2.81980378900683e-07	0.0
to_endothelial	fibroblast_CAF	endothelial	IGF2	IGF2R	IGF	2	GSE154778,GSE155698	2.81557271830324e-07	0.0
to_endothelial	malignant_epithelial	endothelial	SELPLG	SELP	SELPLG	2	GSE154778,GSE155698	2.81482651385979e-07	0.0
to_endothelial	fibroblast_CAF	endothelial	WNT2	FZD8_LRP6	WNT	2	GSE155698,GSE212966	2.65985489999978e-07	0.0
to_endothelial	malignant_epithelial	endothelial	EFNB1	EPHB1	EPHB	2	GSE155698,GSE212966	2.65133915485987e-07	0.0
to_endothelial	fibroblast_CAF	endothelial	GAS6	MERTK	GAS	2	GSE155698,GSE212966	2.64216737310008e-07	0.0
from_endothelial	endothelial	fibroblast_CAF	LAMA5	SV2A	LAMININ	2	GSE155698,GSE212966	2.51986751305604e-07	0.0
from_endothelial	endothelial	fibroblast_CAF	SEMA7A	PLXNC1	SEMA7	2	GSE155698,GSE212966	2.35601317917225e-07	0.0
from_endothelial	endothelial	fibroblast_CAF	LAMB2	SV2A	LAMININ	2	GSE155698,GSE212966	2.23546785654375e-07	0.0
to_endothelial	epithelial	endothelial	EFNA2	EPHA2	EPHA	2	GSE155698,GSE212966	2.19357723860617e-07	0.0
to_endothelial	fibroblast_CAF	endothelial	GDF11	TGFBR1_ACVR2A	GDF	2	GSE155698,GSE212966	2.11654264811756e-07	0.0
from_endothelial	endothelial	mast	DLL1	NOTCH2	NOTCH	2	GSE155698,GSE212966	2.00341916603281e-07	0.0
from_endothelial	endothelial	mast	SEMA7A	PLXNC1	SEMA7	2	GSE155698,GSE212966	1.91768669775284e-07	0.0
to_endothelial	endothelial	endothelial	GAS6	MERTK	GAS	2	GSE155698,GSE212966	1.8345808531405e-07	0.0
from_endothelial	endothelial	endothelial	GAS6	MERTK	GAS	2	GSE155698,GSE212966	1.8345808531405e-07	0.0
to_endothelial	epithelial	endothelial	SEMA4G	PLXNB2	SEMA4	2	GSE155698,GSE212966	1.81164489576987e-07	0.0
from_endothelial	endothelial	epithelial	PRSS1	PARD3	PARs	2	GSE154778,GSE155698	1.76650773972315e-07	0.0
to_endothelial	malignant_epithelial	endothelial	SEMA6A	PLXNA2	SEMA6	2	GSE155698,GSE212966	1.74729709137697e-07	0.0
to_endothelial	fibroblast_CAF	endothelial	GDF11	TGFBR1_ACVR2B	GDF	2	GSE155698,GSE212966	1.74023686502156e-07	0.0
to_endothelial	fibroblast_CAF	endothelial	WNT2	FZD8_LRP5	WNT	2	GSE155698,GSE212966	1.64097281657537e-07	0.0
from_endothelial	endothelial	B_cell	SEMA7A	PLXNC1	SEMA7	2	GSE155698,GSE212966	1.60304517347831e-07	0.0
to_endothelial	epithelial	endothelial	WNT10A	FZD8_LRP6	WNT	2	GSE155698,GSE212966	1.53875527148695e-07	0.0
to_endothelial	mast	endothelial	SPP1	ITGA8_ITGB1	SPP1	2	GSE154778,GSE212966	1.50388740967241e-07	0.0
to_endothelial	epithelial	endothelial	WNT7B	FZD8_LRP6	WNT	2	GSE155698,GSE212966	1.47604756546586e-07	0.0
to_endothelial	malignant_epithelial	endothelial	RARRES2	CMKLR1	CHEMERIN	2	GSE155698,GSE212966	1.35521676171634e-07	0.0
from_endothelial	endothelial	malignant_epithelial	PRSS1	PARD3	PARs	2	GSE154778,GSE155698	1.28982687935414e-07	0.0
to_endothelial	fibroblast_CAF	endothelial	GDF11	ACVR1B_ACVR2B	GDF	2	GSE155698,GSE212966	1.11751036749374e-07	0.0
from_endothelial	endothelial	fibroblast_CAF	PRSS1	PARD3	PARs	2	GSE154778,GSE155698	1.05895593542942e-07	0.0
to_endothelial	epithelial	endothelial	WNT10A	FZD8_LRP5	WNT	2	GSE155698,GSE212966	9.64470351320549e-08	0.0
to_endothelial	epithelial	endothelial	WNT7B	FZD8_LRP5	WNT	2	GSE155698,GSE212966	9.36987014219001e-08	0.0
to_endothelial	malignant_epithelial	endothelial	SELPLG	SELE	SELPLG	2	GSE154778,GSE155698	7.78216564758688e-08	0.0
to_endothelial	malignant_epithelial	endothelial	THBS3	CD36	THBS	2	GSE154778,GSE155698	7.2836171968534e-08	0.0
to_endothelial	malignant_epithelial	endothelial	WNT10A	FZD8_LRP6	WNT	2	GSE155698,GSE212966	6.67012306484071e-08	0.0
from_endothelial	endothelial	epithelial	FGF2	FGFR4	FGF	2	GSE155698,GSE212966	6.26126761276435e-08	0.0
to_endothelial	epithelial	endothelial	GAS6	MERTK	GAS	2	GSE155698,GSE212966	6.13944550764242e-08	0.0
to_endothelial	malignant_epithelial	endothelial	SEMA3F	NRP2_PLXNA2	SEMA3	2	GSE155698,GSE212966	5.05749165447744e-08	0.0
to_endothelial	B_cell	endothelial	GAS6	MERTK	GAS	2	GSE155698,GSE212966	4.5280555293489e-08	0.0
to_endothelial	malignant_epithelial	endothelial	WNT10A	FZD8_LRP5	WNT	2	GSE155698,GSE212966	4.13648272485674e-08	0.0
to_endothelial	fibroblast_CAF	endothelial	EFNB1	EPHB1	EPHB	2	GSE155698,GSE212966	3.02962667538155e-08	0.0
to_endothelial	endothelial	endothelial	SELL	MADCAM1	SELL	2	GSE154778,GSE155698	2.92273787222083e-08	0.0
from_endothelial	endothelial	endothelial	SELL	MADCAM1	SELL	2	GSE154778,GSE155698	2.92273787222083e-08	0.0
to_endothelial	malignant_epithelial	endothelial	GAS6	MERTK	GAS	2	GSE155698,GSE212966	2.65449288145331e-08	0.0
from_endothelial	endothelial	epithelial	FGF2	FGFR3	FGF	2	GSE155698,GSE212966	1.87991948705713e-08	0.0
to_endothelial	myeloid	endothelial	GAS6	MERTK	GAS	2	GSE155698,GSE212966	1.58402101389222e-08	0.0
to_endothelial	fibroblast_CAF	endothelial	NRXN2	NLGN2	NRXN	2	GSE155698,GSE212966	1.21074420032747e-08	0.0
to_endothelial	mast	endothelial	EFNB2	EPHB1	EPHB	2	GSE155698,GSE212966	1.07730702964257e-08	0.0
from_endothelial	endothelial	malignant_epithelial	FGF2	FGFR4	FGF	2	GSE155698,GSE212966	5.92219767745628e-09	0.0
from_endothelial	endothelial	malignant_epithelial	FGF2	FGFR3	FGF	2	GSE155698,GSE212966	4.94687294443505e-09	0.0
from_endothelial	endothelial	epithelial	FGF2	FGFR2	FGF	2	GSE155698,GSE212966	4.1496069050324704e-09	0.0
from_endothelial	endothelial	malignant_epithelial	FGF2	FGFR2	FGF	2	GSE155698,GSE212966	1.0432943548439601e-09	0.0
to_endothelial	myeloid	endothelial	CXCL8	ACKR1	CXCL	1	GSE212966	0.0010919247996845	0.0
to_endothelial	myeloid	endothelial	PECAM1	PECAM1	PECAM1	1	GSE212966	0.0004999736538207	0.0
from_endothelial	endothelial	myeloid	PECAM1	PECAM1	PECAM1	1	GSE212966	0.0004999736538207	0.0
to_endothelial	T_NK	endothelial	NAMPT	ITGA5_ITGB1	VISFATIN	1	GSE212966	0.0003180962932891	0.0
to_endothelial	fibroblast_CAF	endothelial	MIF	CD74_CXCR4	MIF	1	GSE154778	0.0003066760992613	0.0
to_endothelial	malignant_epithelial	endothelial	COL1A1	ITGA1_ITGB1	COLLAGEN	1	GSE212966	0.0003036137255805	0.0
to_endothelial	endothelial	endothelial	CCL14	ACKR1	CCL	1	GSE212966	0.0002770408128539	0.0
from_endothelial	endothelial	endothelial	CCL14	ACKR1	CCL	1	GSE212966	0.0002770408128539	0.0
from_endothelial	endothelial	mast	COL1A1	CD44	COLLAGEN	1	GSE212966	0.0002625443876705	0.0
to_endothelial	mast	endothelial	NAMPT	ITGA5_ITGB1	VISFATIN	1	GSE212966	0.0002581441588985	0.0
to_endothelial	CD8	endothelial	COL1A1	ITGA1_ITGB1	COLLAGEN	1	GSE212966	0.0002341884607957	0.0
to_endothelial	epithelial	endothelial	COL1A1	ITGA2_ITGB1	COLLAGEN	1	GSE212966	0.0002283353001014	0.0
to_endothelial	malignant_epithelial	endothelial	COL1A1	ITGA2_ITGB1	COLLAGEN	1	GSE212966	0.0002205489857085	0.0
from_endothelial	endothelial	mast	COL1A2	CD44	COLLAGEN	1	GSE212966	0.0002094937306656	0.03
to_endothelial	malignant_epithelial	endothelial	COL1A2	ITGA1_ITGB1	COLLAGEN	1	GSE212966	0.0002069705572927	0.0
to_endothelial	T_NK	endothelial	COL1A1	ITGA1_ITGB1	COLLAGEN	1	GSE212966	0.0002059613484354	0.0
to_endothelial	B_cell	endothelial	COL1A1	ITGA1_ITGB1	COLLAGEN	1	GSE212966	0.0002044069968044	0.0
to_endothelial	epithelial	endothelial	COL1A2	ITGA1_ITGB1	COLLAGEN	1	GSE212966	0.0002003327785226	0.0
to_endothelial	CD8	endothelial	NAMPT	ITGA5_ITGB1	VISFATIN	1	GSE212966	0.0001987798350663	0.0
to_endothelial	B_cell	endothelial	CXCL8	ACKR1	CXCL	1	GSE212966	0.0001953048524989	0.0
to_endothelial	CD8	endothelial	COL1A2	ITGA1_ITGB1	COLLAGEN	1	GSE212966	0.000174413673928	0.0
to_endothelial	T_NK	endothelial	COL1A2	ITGA1_ITGB1	COLLAGEN	1	GSE212966	0.0001718493346245	0.0
to_endothelial	CD8	endothelial	COL1A1	ITGA2_ITGB1	COLLAGEN	1	GSE212966	0.0001697063864917	0.0
to_endothelial	malignant_epithelial	endothelial	CXCL8	ACKR1	CXCL	1	GSE212966	0.000166963130962	0.0
to_endothelial	endothelial	endothelial	COL1A1	ITGA1_ITGB1	COLLAGEN	1	GSE212966	0.0001593779052301	0.0
from_endothelial	endothelial	endothelial	COL1A1	ITGA1_ITGB1	COLLAGEN	1	GSE212966	0.0001593779052301	0.0
to_endothelial	malignant_epithelial	endothelial	CD99	CD99	CD99	1	GSE154778	0.0001592896849412	0.02
from_endothelial	endothelial	malignant_epithelial	CD99	CD99	CD99	1	GSE154778	0.0001592896849412	0.02
from_endothelial	endothelial	epithelial	COL1A1	SDC4	COLLAGEN	1	GSE212966	0.0001535652925807	0.0
to_endothelial	epithelial	endothelial	COL1A1	ITGA3_ITGB1	COLLAGEN	1	GSE212966	0.0001522634501871	0.0
to_endothelial	malignant_epithelial	endothelial	COL1A2	ITGA2_ITGB1	COLLAGEN	1	GSE212966	0.0001499849400397	0.0
from_endothelial	endothelial	CD8	MDK	NCL	MK	1	GSE212966	0.0001494944271063	0.01
to_endothelial	T_NK	endothelial	COL1A1	ITGA2_ITGB1	COLLAGEN	1	GSE212966	0.00014915917227	0.0
to_endothelial	B_cell	endothelial	COL1A1	ITGA2_ITGB1	COLLAGEN	1	GSE212966	0.0001480284588772	0.0
to_endothelial	malignant_epithelial	endothelial	COL1A1	ITGA3_ITGB1	COLLAGEN	1	GSE212966	0.0001471567215493	0.0
from_endothelial	endothelial	T_NK	MDK	NCL	MK	1	GSE212966	0.0001463738050182	0.0
to_endothelial	epithelial	endothelial	COL1A2	ITGA2_ITGB1	COLLAGEN	1	GSE212966	0.0001450650331621	0.0
to_endothelial	myeloid	endothelial	COL1A1	ITGA1_ITGB1	COLLAGEN	1	GSE212966	0.0001433233199213	0.0
from_endothelial	endothelial	fibroblast_CAF	COL1A1	ITGA1_ITGB1	COLLAGEN	1	GSE212966	0.000142435181912	0.0
from_endothelial	endothelial	malignant_epithelial	COL1A1	ITGA2_ITGB1	COLLAGEN	1	GSE212966	0.0001404785793915	0.0
to_endothelial	CD8	endothelial	ADGRE5	CD55	ADGRE5	1	GSE212966	0.0001392330275575	0.0
to_endothelial	epithelial	endothelial	CXCL8	ACKR1	CXCL	1	GSE212966	0.0001354905186078	0.0
to_endothelial	myeloid	endothelial	FN1	ITGA3_ITGB1	FN1	1	GSE212966	0.0001344876079602	0.0
to_endothelial	B_cell	endothelial	COL1A2	ITGA1_ITGB1	COLLAGEN	1	GSE212966	0.0001343277304668	0.0
from_endothelial	endothelial	epithelial	COL1A1	ITGA2_ITGB1	COLLAGEN	1	GSE212966	0.0001318078176377	0.01
from_endothelial	endothelial	T_NK	HLA-E	CD94:NKG2A	MHC-I	1	GSE155698	0.0001317049165169	0.0
from_endothelial	endothelial	malignant_epithelial	COL1A1	SDC4	COLLAGEN	1	GSE212966	0.0001294064290904	0.0
to_endothelial	CD8	endothelial	COL1A1	ITGA10_ITGB1	COLLAGEN	1	GSE212966	0.0001288935128086	0.0
to_endothelial	endothelial	endothelial	COL1A2	ITGA1_ITGB1	COLLAGEN	1	GSE212966	0.0001268106530848	0.0
from_endothelial	endothelial	endothelial	COL1A2	ITGA1_ITGB1	COLLAGEN	1	GSE212966	0.0001268106530848	0.0
to_endothelial	CD8	endothelial	COL1A2	ITGA2_ITGB1	COLLAGEN	1	GSE212966	0.0001262248689397	0.0
to_endothelial	T_NK	endothelial	COL1A2	ITGA2_ITGB1	COLLAGEN	1	GSE212966	0.0001243620549693	0.0
to_endothelial	malignant_epithelial	endothelial	FN1	ITGAV_ITGB1	FN1	1	GSE212966	0.0001226481692818	0.0
from_endothelial	endothelial	epithelial	COL1A2	SDC4	COLLAGEN	1	GSE212966	0.0001221555383915	0.0
from_endothelial	endothelial	epithelial	COL1A1	ITGA3_ITGB1	COLLAGEN	1	GSE212966	0.0001220939428291	0.0
to_endothelial	fibroblast_CAF	endothelial	FN1	ITGAV_ITGB3	FN1	1	GSE212966	0.0001170571262558	0.0
to_endothelial	endothelial	endothelial	COL1A1	ITGA2_ITGB1	COLLAGEN	1	GSE212966	0.0001153293684308	0.01
from_endothelial	endothelial	endothelial	COL1A1	ITGA2_ITGB1	COLLAGEN	1	GSE212966	0.0001153293684308	0.01
to_endothelial	epithelial	endothelial	FN1	ITGAV_ITGB1	FN1	1	GSE212966	0.0001151362710945	0.0
to_endothelial	malignant_epithelial	endothelial	COL1A2	ITGA10_ITGB1	COLLAGEN	1	GSE212966	0.0001139159594773	0.0
from_endothelial	endothelial	fibroblast_CAF	COL1A2	ITGA1_ITGB1	COLLAGEN	1	GSE212966	0.0001132815587885	0.0
to_endothelial	T_NK	endothelial	COL1A1	ITGA10_ITGB1	COLLAGEN	1	GSE212966	0.0001132434284787	0.0
to_endothelial	CD8	endothelial	COL1A1	ITGA3_ITGB1	COLLAGEN	1	GSE212966	0.0001129917531804	0.0
to_endothelial	B_cell	endothelial	COL1A1	ITGA10_ITGB1	COLLAGEN	1	GSE212966	0.0001123825594241	0.0
from_endothelial	endothelial	malignant_epithelial	COL1A2	ITGA2_ITGB1	COLLAGEN	1	GSE212966	0.000111756097815	0.0
from_endothelial	endothelial	malignant_epithelial	COL1A1	ITGA3_ITGB1	COLLAGEN	1	GSE212966	0.0001106887784601	0.0
to_endothelial	epithelial	endothelial	COL1A2	ITGA10_ITGB1	COLLAGEN	1	GSE212966	0.0001101265299243	0.0
from_endothelial	endothelial	epithelial	COL1A2	ITGA2_ITGB1	COLLAGEN	1	GSE212966	0.0001048113960191	0.01
from_endothelial	endothelial	malignant_epithelial	COL1A2	SDC4	COLLAGEN	1	GSE212966	0.0001029268663281	0.0
from_endothelial	endothelial	epithelial	SPP1	CD44	SPP1	1	GSE154778	0.0001015965945391	0.02
to_endothelial	T_NK	endothelial	COL1A2	ITGA9_ITGB1	COLLAGEN	1	GSE212966	0.0001015414015476	0.0
to_endothelial	B_cell	endothelial	PECAM1	PECAM1	PECAM1	1	GSE212966	0.00010019709958	0.0
from_endothelial	endothelial	B_cell	PECAM1	PECAM1	PECAM1	1	GSE212966	0.00010019709958	0.0
to_endothelial	malignant_epithelial	endothelial	COL1A2	ITGA3_ITGB1	COLLAGEN	1	GSE212966	9.98623623968886e-05	0.0
to_endothelial	T_NK	endothelial	COL1A1	ITGA3_ITGB1	COLLAGEN	1	GSE212966	9.92573199728197e-05	0.01
to_endothelial	B_cell	endothelial	COL1A1	ITGA3_ITGB1	COLLAGEN	1	GSE212966	9.85019471320007e-05	0.0
to_endothelial	B_cell	endothelial	COL1A2	ITGA2_ITGB1	COLLAGEN	1	GSE212966	9.71291040980214e-05	0.03
from_endothelial	endothelial	epithelial	COL1A2	ITGA3_ITGB1	COLLAGEN	1	GSE212966	9.70718425725198e-05	0.0
to_endothelial	epithelial	endothelial	COL1A2	ITGA3_ITGB1	COLLAGEN	1	GSE212966	9.65224454748207e-05	0.0
to_endothelial	CD8	endothelial	COL1A2	ITGA10_ITGB1	COLLAGEN	1	GSE212966	9.57896292596705e-05	0.0
to_endothelial	T_NK	endothelial	COL1A2	ITGA10_ITGB1	COLLAGEN	1	GSE212966	9.43726318953893e-05	0.0
to_endothelial	mast	endothelial	COL1A1	ITGA1_ITGB1	COLLAGEN	1	GSE212966	9.34632196175619e-05	0.0
from_endothelial	endothelial	malignant_epithelial	SPP1	CD44	SPP1	1	GSE154778	9.24522734333095e-05	0.01
to_endothelial	endothelial	endothelial	COL1A2	ITGA2_ITGB1	COLLAGEN	1	GSE212966	9.16937713923803e-05	0.01
from_endothelial	endothelial	endothelial	COL1A2	ITGA2_ITGB1	COLLAGEN	1	GSE212966	9.16937713923803e-05	0.01
to_endothelial	T_NK	endothelial	ADGRE5	CD55	ADGRE5	1	GSE212966	8.85963323136682e-05	0.0
from_endothelial	endothelial	malignant_epithelial	COL4A1	ITGA10_ITGB1	COLLAGEN	1	GSE154778	8.83462719735005e-05	0.0
from_endothelial	endothelial	malignant_epithelial	COL1A2	ITGA3_ITGB1	COLLAGEN	1	GSE212966	8.80090609277673e-05	0.0
to_endothelial	endothelial	endothelial	VWF	ITGAV_ITGB3	VWF	1	GSE212966	8.71105413974797e-05	0.0
from_endothelial	endothelial	endothelial	VWF	ITGAV_ITGB3	VWF	1	GSE212966	8.71105413974797e-05	0.0
from_endothelial	endothelial	T_NK	HLA-E	CD94:NKG2C	MHC-I	1	GSE155698	8.49748308232674e-05	0.0
to_endothelial	CD8	endothelial	COL1A2	ITGA3_ITGB1	COLLAGEN	1	GSE212966	8.39448898681524e-05	0.01
to_endothelial	myeloid	endothelial	ADGRE5	CD55	ADGRE5	1	GSE212966	8.28581950765497e-05	0.02
to_endothelial	T_NK	endothelial	COL1A2	ITGA3_ITGB1	COLLAGEN	1	GSE212966	8.27019691312699e-05	0.01
from_endothelial	endothelial	B_cell	SPP1	CD44	SPP1	1	GSE154778	8.21089763195372e-05	0.0
to_endothelial	myeloid	endothelial	COL1A1	ITGA10_ITGB1	COLLAGEN	1	GSE212966	7.86272584124838e-05	0.0
from_endothelial	endothelial	epithelial	MDK	ITGA6_ITGB1	MK	1	GSE212966	7.55989841243596e-05	0.0
to_endothelial	B_cell	endothelial	COL1A2	ITGA10_ITGB1	COLLAGEN	1	GSE212966	7.36686446421665e-05	0.0
from_endothelial	endothelial	malignant_epithelial	COL4A2	ITGA10_ITGB1	COLLAGEN	1	GSE154778	7.35565732771124e-05	0.0
from_endothelial	endothelial	T_NK	COL4A1	ITGA1_ITGB1	COLLAGEN	1	GSE155698	7.10247944765089e-05	0.0
from_endothelial	endothelial	fibroblast_CAF	COL1A1	SDC1	COLLAGEN	1	GSE212966	7.09839160817521e-05	0.0
from_endothelial	endothelial	T_NK	HLA-E	KLRC1	MHC-I	1	GSE155698	7.08830637926576e-05	0.0
to_endothelial	myeloid	endothelial	SPP1	ITGAV_ITGB3	SPP1	1	GSE212966	6.89919618765775e-05	0.0
to_endothelial	malignant_epithelial	endothelial	FN1	ITGA3_ITGB1	FN1	1	GSE212966	6.74542983606256e-05	0.01
from_endothelial	endothelial	myeloid	LAMB1	ITGA6_ITGB1	LAMININ	1	GSE212966	6.57390475456601e-05	0.0
to_endothelial	malignant_epithelial	endothelial	SPP1	ITGAV_ITGB1	SPP1	1	GSE212966	6.46917651985175e-05	0.0
to_endothelial	mast	endothelial	COL1A2	ITGA1_ITGB1	COLLAGEN	1	GSE212966	6.4247926906264e-05	0.03
from_endothelial	endothelial	T_NK	COL4A2	ITGA1_ITGB1	COLLAGEN	1	GSE155698	6.34431499875894e-05	0.0
from_endothelial	endothelial	epithelial	COL1A1	SDC1	COLLAGEN	1	GSE212966	6.26618279049113e-05	0.0
from_endothelial	endothelial	malignant_epithelial	COL1A1	SDC1	COLLAGEN	1	GSE212966	6.11839596285836e-05	0.0
to_endothelial	fibroblast_CAF	endothelial	THY1	ITGAV_ITGB3	THY1	1	GSE212966	6.09223730256097e-05	0.0
to_endothelial	fibroblast_CAF	endothelial	THBS2	ITGAV_ITGB3	THBS	1	GSE212966	6.02020731811932e-05	0.0
to_endothelial	endothelial	endothelial	CXCL8	ACKR1	CXCL	1	GSE212966	5.97826485282152e-05	0.0
from_endothelial	endothelial	endothelial	CXCL8	ACKR1	CXCL	1	GSE212966	5.97826485282152e-05	0.0
to_endothelial	epithelial	endothelial	COL6A1	ITGA3_ITGB1	COLLAGEN	1	GSE212966	5.8356673955246e-05	0.0
to_endothelial	CD8	endothelial	SPP1	ITGA5_ITGB1	SPP1	1	GSE212966	5.71373503517193e-05	0.0
from_endothelial	endothelial	fibroblast_CAF	COL1A2	SDC1	COLLAGEN	1	GSE212966	5.63897987494945e-05	0.0
to_endothelial	mast	endothelial	COL1A1	ITGA9_ITGB1	COLLAGEN	1	GSE212966	5.51376434692059e-05	0.0
to_endothelial	fibroblast_CAF	endothelial	THBS1	ITGAV_ITGB3	THBS	1	GSE212966	5.3199872797138e-05	0.0
from_endothelial	endothelial	epithelial	COL4A1	ITGA10_ITGB1	COLLAGEN	1	GSE154778	5.18935781696283e-05	0.0
to_endothelial	mast	endothelial	COL1A1	ITGA10_ITGB1	COLLAGEN	1	GSE212966	5.123668721623e-05	0.0
from_endothelial	endothelial	epithelial	COL1A2	SDC1	COLLAGEN	1	GSE212966	4.97720229899719e-05	0.0
from_endothelial	endothelial	malignant_epithelial	COL1A2	SDC1	COLLAGEN	1	GSE212966	4.86034684456499e-05	0.0
to_endothelial	fibroblast_CAF	endothelial	CXCL8	ACKR1	CXCL	1	GSE212966	4.57704714931033e-05	0.0
from_endothelial	endothelial	T_NK	HLA-E	KLRK1	MHC-I	1	GSE212966	4.54268965658528e-05	0.0
to_endothelial	myeloid	endothelial	COL1A2	ITGA10_ITGB1	COLLAGEN	1	GSE212966	4.50197480365896e-05	0.0
from_endothelial	endothelial	fibroblast_CAF	COL4A1	ITGA3_ITGB1	COLLAGEN	1	GSE154778	4.48331411097723e-05	0.0
from_endothelial	endothelial	myeloid	LAMC1	ITGA6_ITGB1	LAMININ	1	GSE212966	4.41703562382478e-05	0.0
from_endothelial	endothelial	myeloid	ENTPD1	TMIGD3	CD39	1	GSE212966	4.40802084578576e-05	0.0
from_endothelial	endothelial	epithelial	COL1A1	ITGAV_ITGB8	COLLAGEN	1	GSE212966	4.33565150202181e-05	0.0
from_endothelial	endothelial	epithelial	COL4A2	ITGA10_ITGB1	COLLAGEN	1	GSE154778	4.31419289837923e-05	0.0
from_endothelial	endothelial	fibroblast_CAF	MDK	SDC1	MK	1	GSE212966	4.22476475363426e-05	0.0
from_endothelial	endothelial	T_NK	LAMB1	ITGA1_ITGB1	LAMININ	1	GSE155698	4.20073860929853e-05	0.0
to_endothelial	fibroblast_CAF	endothelial	POSTN	ITGAV_ITGB3	PERIOSTIN	1	GSE212966	4.14437615753929e-05	0.0
to_endothelial	T_NK	endothelial	SPP1	ITGA5_ITGB1	SPP1	1	GSE212966	4.02928864923865e-05	0.01
to_endothelial	endothelial	endothelial	FN1	ITGAV_ITGB3	FN1	1	GSE212966	4.01480765365678e-05	0.0
from_endothelial	endothelial	endothelial	FN1	ITGAV_ITGB3	FN1	1	GSE212966	4.01480765365678e-05	0.0
to_endothelial	epithelial	endothelial	COL6A2	ITGA1_ITGB1	COLLAGEN	1	GSE212966	3.99861114185915e-05	0.0
from_endothelial	endothelial	malignant_epithelial	COL1A1	ITGAV_ITGB8	COLLAGEN	1	GSE212966	3.77451009728998e-05	0.0
from_endothelial	endothelial	fibroblast_CAF	COL4A2	ITGA3_ITGB1	COLLAGEN	1	GSE154778	3.7265907463283e-05	0.0
to_endothelial	mast	endothelial	COL1A2	ITGA10_ITGB1	COLLAGEN	1	GSE212966	3.51726704147118e-05	0.0
to_endothelial	endothelial	endothelial	MIF	CD74_CXCR4	MIF	1	GSE154778	3.48291642290624e-05	0.03
from_endothelial	endothelial	endothelial	MIF	CD74_CXCR4	MIF	1	GSE154778	3.48291642290624e-05	0.03
from_endothelial	endothelial	epithelial	COL1A2	ITGAV_ITGB8	COLLAGEN	1	GSE212966	3.44271647506983e-05	0.0
to_endothelial	epithelial	endothelial	NECTIN3	NECTIN2	NECTIN	1	GSE212966	3.33239388688551e-05	0.0
from_endothelial	endothelial	malignant_epithelial	COL6A2	ITGA10_ITGB1	COLLAGEN	1	GSE154778	3.06344650261175e-05	0.0
to_endothelial	malignant_epithelial	endothelial	COL6A2	ITGA1_ITGB1	COLLAGEN	1	GSE212966	3.06258510368847e-05	0.03
from_endothelial	endothelial	malignant_epithelial	COL1A2	ITGAV_ITGB8	COLLAGEN	1	GSE212966	2.9971177207362e-05	0.0
from_endothelial	endothelial	T_NK	HLA-E	KLRC2	MHC-I	1	GSE155698	2.92021900711012e-05	0.0
to_endothelial	malignant_epithelial	endothelial	NECTIN3	NECTIN2	NECTIN	1	GSE212966	2.8875845244339e-05	0.0
from_endothelial	endothelial	myeloid	LAMA5	ITGA6_ITGB1	LAMININ	1	GSE212966	2.87069473931176e-05	0.0
from_endothelial	endothelial	T_NK	FN1	ITGA4_ITGB7	FN1	1	GSE155698	2.84872394155314e-05	0.0
from_endothelial	endothelial	fibroblast_CAF	COL6A1	ITGA10_ITGB1	COLLAGEN	1	GSE212966	2.82238814032521e-05	0.0
to_endothelial	myeloid	endothelial	WNT5A	MCAM	ncWNT	1	GSE212966	2.76958852598066e-05	0.0
to_endothelial	myeloid	endothelial	FN1	ITGAV_ITGB3	FN1	1	GSE212966	2.76751918238578e-05	0.0
from_endothelial	endothelial	epithelial	MDK	LRP1	MK	1	GSE212966	2.76737249179485e-05	0.01
from_endothelial	endothelial	fibroblast_CAF	COL1A1	ITGA10_ITGB1	COLLAGEN	1	GSE212966	2.75464468597534e-05	0.0
to_endothelial	T_NK	endothelial	VEGFB	FLT1	VEGF	1	GSE155698	2.73785390671069e-05	0.0
to_endothelial	myeloid	endothelial	LAMB3	ITGA6_ITGB1	LAMININ	1	GSE212966	2.47958343602375e-05	0.02
from_endothelial	endothelial	T_NK	LAMA4	ITGA1_ITGB1	LAMININ	1	GSE155698	2.47219439408232e-05	0.0
from_endothelial	endothelial	myeloid	LAMB2	ITGA6_ITGB1	LAMININ	1	GSE212966	2.41427442602121e-05	0.0
from_endothelial	endothelial	T_NK	HLA-B	CD8B	MHC-I	1	GSE155698	2.40267260894523e-05	0.0
from_endothelial	endothelial	T_NK	HLA-A	CD8B	MHC-I	1	GSE155698	2.30456635760846e-05	0.0
from_endothelial	endothelial	T_NK	LAMC1	ITGA1_ITGB1	LAMININ	1	GSE155698	2.26360454515019e-05	0.0
to_endothelial	malignant_epithelial	endothelial	SEMA3B	NRP1_PLXNA2	SEMA3	1	GSE212966	2.26220413117299e-05	0.0
from_endothelial	endothelial	T_NK	HLA-E	CD8B	MHC-I	1	GSE155698	2.20912528042296e-05	0.0
from_endothelial	endothelial	fibroblast_CAF	COL1A2	ITGA10_ITGB1	COLLAGEN	1	GSE212966	2.18676277695795e-05	0.0
to_endothelial	epithelial	endothelial	COL6A2	ITGA10_ITGB1	COLLAGEN	1	GSE212966	2.18558776332372e-05	0.0
to_endothelial	endothelial	endothelial	TNXB	ITGAV_ITGB3	TENASCIN	1	GSE212966	2.11585278539281e-05	0.0
from_endothelial	endothelial	endothelial	TNXB	ITGAV_ITGB3	TENASCIN	1	GSE212966	2.11585278539281e-05	0.0
from_endothelial	endothelial	T_NK	HLA-C	CD8B	MHC-I	1	GSE155698	2.04997897231996e-05	0.0
from_endothelial	endothelial	T_NK	LAMB1	ITGA6_ITGB1	LAMININ	1	GSE155698	2.04637658684921e-05	0.0
to_endothelial	myeloid	endothelial	IL1B	IL1R1_IL1RAP	IL1	1	GSE212966	1.89009185082452e-05	0.0
from_endothelial	endothelial	fibroblast_CAF	FN1	CD44	FN1	1	GSE155698	1.85195678552529e-05	0.0
from_endothelial	endothelial	T_NK	LAMB2	ITGA1_ITGB1	LAMININ	1	GSE155698	1.84937832699176e-05	0.0
from_endothelial	endothelial	fibroblast_CAF	LAMA4	ITGA3_ITGB1	LAMININ	1	GSE154778	1.84203255696443e-05	0.0
to_endothelial	malignant_epithelial	endothelial	COL6A2	ITGA9_ITGB1	COLLAGEN	1	GSE212966	1.80160389689193e-05	0.0
to_endothelial	T_NK	endothelial	MIF	CD74_CXCR4	MIF	1	GSE154778	1.79318052290867e-05	0.01
to_endothelial	fibroblast_CAF	endothelial	COMP	ITGAV_ITGB3	THBS	1	GSE212966	1.78955562629347e-05	0.0
from_endothelial	endothelial	epithelial	COL6A2	ITGA10_ITGB1	COLLAGEN	1	GSE154778	1.7890199860957e-05	0.0
to_endothelial	CD8	endothelial	VEGFB	FLT1	VEGF	1	GSE155698	1.75456790466947e-05	0.0
from_endothelial	endothelial	T_NK	LAMA5	ITGA1_ITGB1	LAMININ	1	GSE155698	1.67916758663275e-05	0.0
to_endothelial	malignant_epithelial	endothelial	COL6A2	ITGA10_ITGB1	COLLAGEN	1	GSE212966	1.67365721011081e-05	0.0
to_endothelial	T_NK	endothelial	CD226	NECTIN2	CD226	1	GSE212966	1.64057323959049e-05	0.0
from_endothelial	endothelial	T_NK	NECTIN2	CD226	NECTIN	1	GSE212966	1.64057323959049e-05	0.0
from_endothelial	endothelial	T_NK	COL6A2	ITGA1_ITGB1	COLLAGEN	1	GSE155698	1.58465782911059e-05	0.0
to_endothelial	malignant_epithelial	endothelial	SEMA3B	NRP2_PLXNA2	SEMA3	1	GSE212966	1.58381104354686e-05	0.0
to_endothelial	mast	endothelial	TNF	TNFRSF1A	TNF	1	GSE212966	1.49004418781719e-05	0.0
from_endothelial	endothelial	fibroblast_CAF	SEMA3F	NRP2_PLXNA2	SEMA3	1	GSE212966	1.47652960214247e-05	0.0
to_endothelial	epithelial	endothelial	SEMA3B	NRP1_PLXNA2	SEMA3	1	GSE212966	1.47023276970602e-05	0.0
to_endothelial	myeloid	endothelial	LAMB3	ITGA1_ITGB1	LAMININ	1	GSE212966	1.46789044647534e-05	0.01
to_endothelial	endothelial	endothelial	THBS1	ITGAV_ITGB3	THBS	1	GSE212966	1.43712045827101e-05	0.0
from_endothelial	endothelial	endothelial	THBS1	ITGAV_ITGB3	THBS	1	GSE212966	1.43712045827101e-05	0.0
to_endothelial	malignant_epithelial	endothelial	FN1	ITGAV_ITGB3	FN1	1	GSE212966	1.38306729799075e-05	0.0
from_endothelial	endothelial	myeloid	SEMA3F	NRP2_PLXNA1	SEMA3	1	GSE212966	1.36611269959262e-05	0.0
to_endothelial	CD8	endothelial	CXCL8	ACKR1	CXCL	1	GSE212966	1.36030207981082e-05	0.0
from_endothelial	endothelial	fibroblast_CAF	LAMB1	ITGA7_ITGB1	LAMININ	1	GSE155698	1.35150071195355e-05	0.0
from_endothelial	endothelial	myeloid	TGFB1	ACVR1_TGFbR	TGFb	1	GSE212966	1.32962772811562e-05	0.0
to_endothelial	myeloid	endothelial	WNT5A	FZD4	ncWNT	1	GSE212966	1.32834200820178e-05	0.0
to_endothelial	epithelial	endothelial	FN1	ITGAV_ITGB3	FN1	1	GSE212966	1.2961749564626e-05	0.0
to_endothelial	myeloid	endothelial	SELL	MADCAM1	SELL	1	GSE155698	1.22751231584824e-05	0.0
from_endothelial	endothelial	T_NK	LAMA4	ITGA6_ITGB1	LAMININ	1	GSE155698	1.20223420534622e-05	0.0
to_endothelial	myeloid	endothelial	LAMB3	ITGA6_ITGB4	LAMININ	1	GSE212966	1.15916784933723e-05	0.0
from_endothelial	endothelial	CD8	LAMB1	ITGA6_ITGB1	LAMININ	1	GSE155698	1.14516989069281e-05	0.0
from_endothelial	endothelial	fibroblast_CAF	COL6A2	CD44	COLLAGEN	1	GSE155698	1.12935500071265e-05	0.0
to_endothelial	mast	endothelial	F11R	JAM2	JAM	1	GSE212966	1.12124999181135e-05	0.0
from_endothelial	endothelial	mast	JAM2	F11R	JAM	1	GSE212966	1.12124999181135e-05	0.0
from_endothelial	endothelial	T_NK	LAMC1	ITGA6_ITGB1	LAMININ	1	GSE155698	1.10056624448514e-05	0.0
to_endothelial	B_cell	endothelial	SPP1	ITGAV_ITGB3	SPP1	1	GSE212966	1.07548468482316e-05	0.0
from_endothelial	endothelial	T_NK	TGFB1	TGFbR1_R2	TGFb	1	GSE155698	1.07210498212648e-05	0.0
from_endothelial	endothelial	CD8	HLA-E	CD94:NKG2C	MHC-I	1	GSE155698	1.06228867788221e-05	0.0
to_endothelial	epithelial	endothelial	SEMA3B	NRP2_PLXNA2	SEMA3	1	GSE212966	1.02907232511295e-05	0.0
to_endothelial	endothelial	endothelial	SPP1	ITGAV_ITGB3	SPP1	1	GSE212966	1.01182130827033e-05	0.0
from_endothelial	endothelial	endothelial	SPP1	ITGAV_ITGB3	SPP1	1	GSE212966	1.01182130827033e-05	0.0
from_endothelial	endothelial	fibroblast_CAF	JAM2	ITGA3_ITGB1	JAM	1	GSE154778	1.00234396151283e-05	0.0
from_endothelial	endothelial	T_NK	MADCAM1	ITGA4_ITGB7	MADCAM	1	GSE155698	9.64452998283186e-06	0.0
from_endothelial	endothelial	B_cell	FN1	ITGA4_ITGB7	FN1	1	GSE155698	9.58916490260872e-06	0.0
to_endothelial	endothelial	endothelial	POSTN	ITGAV_ITGB3	PERIOSTIN	1	GSE212966	9.55699931609981e-06	0.0
from_endothelial	endothelial	endothelial	POSTN	ITGAV_ITGB3	PERIOSTIN	1	GSE212966	9.55699931609981e-06	0.0
from_endothelial	endothelial	epithelial	COL6A3	SDC4	COLLAGEN	1	GSE212966	9.45251622370525e-06	0.01
to_endothelial	epithelial	endothelial	SPP1	ITGAV_ITGB3	SPP1	1	GSE212966	9.44926346191102e-06	0.0
to_endothelial	malignant_epithelial	endothelial	ITGB2	ICAM2	ITGB2	1	GSE212966	9.20238741832965e-06	0.0
from_endothelial	endothelial	CD8	TGFB1	TGFbR1_R2	TGFb	1	GSE155698	9.05182678525602e-06	0.0
from_endothelial	endothelial	T_NK	LAMB2	ITGA6_ITGB1	LAMININ	1	GSE155698	8.98795881854269e-06	0.0
from_endothelial	endothelial	fibroblast_CAF	COL6A3	ITGA11_ITGB1	COLLAGEN	1	GSE212966	8.54349979304803e-06	0.0
to_endothelial	fibroblast_CAF	endothelial	INS	INSR	INSULIN	1	GSE212966	8.52037712617707e-06	0.0
to_endothelial	T_NK	endothelial	CXCL8	ACKR1	CXCL	1	GSE212966	8.33547618534705e-06	0.0
from_endothelial	endothelial	B_cell	ANGPT2	ITGA5_ITGB1	ANGPT	1	GSE154778	8.27035482259801e-06	0.0
from_endothelial	endothelial	T_NK	LAMA5	ITGA6_ITGB1	LAMININ	1	GSE155698	8.15934464823539e-06	0.0
to_endothelial	CD8	endothelial	FN1	ITGA8_ITGB1	FN1	1	GSE212966	8.07565115101309e-06	0.0
to_endothelial	mast	endothelial	SEMA7A	ITGB1_ITGA1	SEMA7	1	GSE155698	7.99716133031253e-06	0.0
to_endothelial	myeloid	endothelial	WNT5A	FZD6	ncWNT	1	GSE212966	7.96265950211845e-06	0.0
from_endothelial	endothelial	malignant_epithelial	COL6A3	SDC4	COLLAGEN	1	GSE212966	7.96147847881376e-06	0.03
from_endothelial	endothelial	fibroblast_CAF	LAMA4	ITGA7_ITGB1	LAMININ	1	GSE155698	7.93951840412329e-06	0.0
from_endothelial	endothelial	CD8	HLA-E	KLRC2	MHC-I	1	GSE155698	7.85966386383e-06	0.0
to_endothelial	fibroblast_CAF	endothelial	NECTIN3	NECTIN2	NECTIN	1	GSE212966	7.75015400709803e-06	0.0
to_endothelial	endothelial	endothelial	INS	INSR	INSULIN	1	GSE212966	7.58894930186121e-06	0.0
from_endothelial	endothelial	endothelial	INS	INSR	INSULIN	1	GSE212966	7.58894930186121e-06	0.0
to_endothelial	epithelial	endothelial	NECTIN3	PVR	NECTIN	1	GSE212966	7.3688135338686e-06	0.0
to_endothelial	mast	endothelial	TNF	TNFRSF1B	TNF	1	GSE212966	7.35414491380678e-06	0.0
from_endothelial	endothelial	fibroblast_CAF	LAMC1	ITGA7_ITGB1	LAMININ	1	GSE155698	7.26805457928683e-06	0.0
to_endothelial	malignant_epithelial	endothelial	SPP1	ITGAV_ITGB3	SPP1	1	GSE212966	7.26164289304478e-06	0.0
to_endothelial	myeloid	endothelial	THBS1	ITGAV_ITGB3	THBS	1	GSE212966	7.09596871955587e-06	0.0
to_endothelial	epithelial	endothelial	ITGB2	ICAM2	ITGB2	1	GSE212966	7.04178871842952e-06	0.0
to_endothelial	B_cell	endothelial	FN1	ITGAV_ITGB3	FN1	1	GSE212966	6.87748165084205e-06	0.0
from_endothelial	endothelial	CD8	LAMA4	ITGA6_ITGB1	LAMININ	1	GSE155698	6.72522118801501e-06	0.0
to_endothelial	myeloid	endothelial	JAG1	NOTCH4	NOTCH	1	GSE212966	6.53323394855826e-06	0.0
to_endothelial	malignant_epithelial	endothelial	NECTIN3	PVR	NECTIN	1	GSE212966	6.38500422987014e-06	0.0
to_endothelial	myeloid	endothelial	INS	INSR	INSULIN	1	GSE212966	6.31290351664762e-06	0.0
from_endothelial	endothelial	fibroblast_CAF	EFNB2	EPHB3	EPHB	1	GSE212966	6.21993118034566e-06	0.0
from_endothelial	endothelial	fibroblast_CAF	NAMPT	INSR	VISFATIN	1	GSE155698	6.17018144512709e-06	0.0
from_endothelial	endothelial	CD8	LAMC1	ITGA6_ITGB1	LAMININ	1	GSE155698	6.15621228820225e-06	0.0
to_endothelial	endothelial	endothelial	THY1	ITGAV_ITGB3	THY1	1	GSE212966	6.01017659783099e-06	0.0
from_endothelial	endothelial	endothelial	THY1	ITGAV_ITGB3	THY1	1	GSE212966	6.01017659783099e-06	0.0
to_endothelial	myeloid	endothelial	COL6A2	ITGA10_ITGB1	COLLAGEN	1	GSE212966	5.96791717105187e-06	0.0
from_endothelial	endothelial	fibroblast_CAF	LAMB2	ITGA7_ITGB1	LAMININ	1	GSE155698	5.93549491028802e-06	0.0
to_endothelial	fibroblast_CAF	endothelial	ESAM	ESAM	ESAM	1	GSE154778	5.89174952704722e-06	0.0
from_endothelial	endothelial	fibroblast_CAF	ESAM	ESAM	ESAM	1	GSE154778	5.89174952704722e-06	0.0
from_endothelial	endothelial	mast	FN1	ITGA4_ITGB1	FN1	1	GSE155698	5.86590669632502e-06	0.0
to_endothelial	endothelial	endothelial	COL6A3	ITGA9_ITGB1	COLLAGEN	1	GSE212966	5.7730646151784e-06	0.0
from_endothelial	endothelial	endothelial	COL6A3	ITGA9_ITGB1	COLLAGEN	1	GSE212966	5.7730646151784e-06	0.0
from_endothelial	endothelial	T_NK	COL6A1	ITGA1_ITGB1	COLLAGEN	1	GSE155698	5.74618343795793e-06	0.0
to_endothelial	myeloid	endothelial	COL6A1	ITGA9_ITGB1	COLLAGEN	1	GSE212966	5.73563052915622e-06	0.0
to_endothelial	T_NK	endothelial	FN1	ITGA8_ITGB1	FN1	1	GSE212966	5.71679472846932e-06	0.0
to_endothelial	epithelial	endothelial	INS	INSR	INSULIN	1	GSE212966	5.61604926587309e-06	0.0
to_endothelial	mast	endothelial	CXCL8	ACKR1	CXCL	1	GSE212966	5.58580086991171e-06	0.0
from_endothelial	endothelial	myeloid	EFNB2	EPHB2	EPHB	1	GSE212966	5.51105810560032e-06	0.0
to_endothelial	mast	endothelial	F11R	JAM3	JAM	1	GSE212966	5.45795859258245e-06	0.0
from_endothelial	endothelial	mast	JAM3	F11R	JAM	1	GSE212966	5.45795859258245e-06	0.0
from_endothelial	endothelial	fibroblast_CAF	LAMA5	ITGA7_ITGB1	LAMININ	1	GSE155698	5.38826100044173e-06	0.0
to_endothelial	endothelial	endothelial	COL6A3	ITGA10_ITGB1	COLLAGEN	1	GSE212966	5.36264506455941e-06	0.0
from_endothelial	endothelial	endothelial	COL6A3	ITGA10_ITGB1	COLLAGEN	1	GSE212966	5.36264506455941e-06	0.0
to_endothelial	myeloid	endothelial	COL6A1	ITGA10_ITGB1	COLLAGEN	1	GSE212966	5.32786095606355e-06	0.0
to_endothelial	CD8	endothelial	TNF	TNFRSF1B	TNF	1	GSE155698	5.32517743796139e-06	0.0
to_endothelial	endothelial	endothelial	ANGPTL4	ITGAV_ITGB3	ANGPTL	1	GSE212966	5.28050487206189e-06	0.0
from_endothelial	endothelial	endothelial	ANGPTL4	ITGAV_ITGB3	ANGPTL	1	GSE212966	5.28050487206189e-06	0.0
to_endothelial	epithelial	endothelial	PRSS2	F2RL3	PARs	1	GSE212966	5.21111953387193e-06	0.0
to_endothelial	epithelial	endothelial	LAMB1	ITGA2_ITGB1	LAMININ	1	GSE155698	5.0390312382723e-06	0.0
from_endothelial	endothelial	CD8	LAMB2	ITGA6_ITGB1	LAMININ	1	GSE155698	5.02711243061535e-06	0.0
from_endothelial	endothelial	B_cell	ANGPTL2	ITGA5_ITGB1	ANGPTL	1	GSE154778	4.9627448016768e-06	0.0
to_endothelial	malignant_epithelial	endothelial	COL4A2	ITGA9_ITGB1	COLLAGEN	1	GSE212966	4.95001635415967e-06	0.0
to_endothelial	fibroblast_CAF	endothelial	THBS3	ITGAV_ITGB3	THBS	1	GSE212966	4.92357360072217e-06	0.0
from_endothelial	endothelial	mast	TNFSF12	TNFRSF12A	TWEAK	1	GSE212966	4.83843769961434e-06	0.03
from_endothelial	endothelial	B_cell	TGFB1	TGFbR1_R2	TGFb	1	GSE154778	4.82522932718127e-06	0.0
to_endothelial	epithelial	endothelial	PRSS2	F2R	PARs	1	GSE212966	4.72613844249496e-06	0.0
from_endothelial	endothelial	epithelial	FN1	ITGA5_ITGB1	FN1	1	GSE155698	4.65275348877953e-06	0.0
from_endothelial	endothelial	fibroblast_CAF	COL6A1	ITGA2_ITGB1	COLLAGEN	1	GSE155698	4.60870764776309e-06	0.0
to_endothelial	malignant_epithelial	endothelial	COL6A3	ITGA10_ITGB1	COLLAGEN	1	GSE212966	4.60270906819415e-06	0.0
to_endothelial	malignant_epithelial	endothelial	COL4A2	ITGA10_ITGB1	COLLAGEN	1	GSE212966	4.59809629594827e-06	0.0
from_endothelial	endothelial	CD8	LAMA5	ITGA6_ITGB1	LAMININ	1	GSE155698	4.56348290555417e-06	0.0
from_endothelial	endothelial	malignant_epithelial	ANGPTL4	ITGA5_ITGB1	ANGPTL	1	GSE212966	4.52514303448039e-06	0.0
from_endothelial	endothelial	fibroblast_CAF	TGFB1	TGFbR1_R2	TGFb	1	GSE154778	4.35399032361568e-06	0.01
from_endothelial	endothelial	fibroblast_CAF	COL6A3	SDC1	COLLAGEN	1	GSE212966	4.34271988180688e-06	0.02
to_endothelial	malignant_epithelial	endothelial	SEMA3B	NRP1_PLXNA1	SEMA3	1	GSE212966	4.27821477879607e-06	0.0
from_endothelial	endothelial	fibroblast_CAF	PRSS3	F2R	PARs	1	GSE154778	4.07048431195662e-06	0.0
to_endothelial	B_cell	endothelial	SPP1	ITGAV_ITGB5	SPP1	1	GSE155698	4.04374859467607e-06	0.0
from_endothelial	endothelial	malignant_epithelial	JAG1	NOTCH1	NOTCH	1	GSE212966	4.04106856753935e-06	0.0
to_endothelial	fibroblast_CAF	endothelial	GRN	SORT1	GRN	1	GSE155698	4.01834164200734e-06	0.01
to_endothelial	myeloid	endothelial	JAG1	NOTCH1	NOTCH	1	GSE212966	3.9867888106855e-06	0.0
to_endothelial	fibroblast_CAF	endothelial	PTN	ITGAV_ITGB3	PTN	1	GSE212966	3.86019719903286e-06	0.0
from_endothelial	endothelial	fibroblast_CAF	EFNB1	EPHB3	EPHB	1	GSE212966	3.84186672310705e-06	0.0
from_endothelial	endothelial	epithelial	COL6A3	SDC1	COLLAGEN	1	GSE212966	3.83123255097346e-06	0.04
from_endothelial	endothelial	myeloid	CXCL8	CXCR2	CXCL	1	GSE212966	3.79853769894527e-06	0.0
to_endothelial	fibroblast_CAF	endothelial	SPP1	ITGAV_ITGB3	SPP1	1	GSE212966	3.79750725598196e-06	0.0
to_endothelial	CD8	endothelial	FN1	ITGAV_ITGB3	FN1	1	GSE212966	3.77256351964371e-06	0.0
to_endothelial	epithelial	endothelial	LAMB1	ITGA3_ITGB1	LAMININ	1	GSE155698	3.74908377024619e-06	0.0
to_endothelial	CD8	endothelial	SPP1	ITGAV_ITGB3	SPP1	1	GSE212966	3.74811810375461e-06	0.0
from_endothelial	endothelial	malignant_epithelial	COL6A3	SDC1	COLLAGEN	1	GSE212966	3.742739843169e-06	0.04
to_endothelial	B_cell	endothelial	OSM	OSMR_IL6ST	OSM	1	GSE154778	3.72003580180204e-06	0.0
from_endothelial	endothelial	myeloid	SEMA3F	NRP2_PLXNA3	SEMA3	1	GSE212966	3.71805138901361e-06	0.0
from_endothelial	endothelial	malignant_epithelial	JAG2	NOTCH1	NOTCH	1	GSE212966	3.66717519646308e-06	0.0
to_endothelial	malignant_epithelial	endothelial	JAG2	NOTCH4	NOTCH	1	GSE212966	3.60619259853492e-06	0.0
from_endothelial	endothelial	T_NK	HLA-F	CD8B	MHC-I	1	GSE155698	3.58215779841157e-06	0.0
from_endothelial	endothelial	T_NK	IGF2	IGF2R	IGF	1	GSE155698	3.40690361142075e-06	0.0
from_endothelial	endothelial	myeloid	EFNB1	EPHB2	EPHB	1	GSE212966	3.40394479388336e-06	0.0
from_endothelial	endothelial	T_NK	BAG6	NCR3	BAG	1	GSE155698	3.30060120496316e-06	0.0
to_endothelial	epithelial	endothelial	COMP	ITGA3_ITGB1	THBS	1	GSE212966	3.30025829553911e-06	0.0
from_endothelial	endothelial	B_cell	MADCAM1	ITGA4_ITGB7	MADCAM	1	GSE155698	3.23885225234402e-06	0.0
to_endothelial	malignant_epithelial	endothelial	PTN	NCL	PTN	1	GSE212966	3.19695149166276e-06	0.0
to_endothelial	epithelial	endothelial	THBS1	ITGA3_ITGB1	THBS	1	GSE155698	2.99855075154555e-06	0.0
to_endothelial	malignant_epithelial	endothelial	SEMA3B	NRP2_PLXNA1	SEMA3	1	GSE212966	2.99379495245588e-06	0.0
to_endothelial	endothelial	endothelial	SEMA4A	NRP1_PLXNA2	SEMA4	1	GSE212966	2.93073696350568e-06	0.0
from_endothelial	endothelial	endothelial	SEMA4A	NRP1_PLXNA2	SEMA4	1	GSE212966	2.93073696350568e-06	0.0
to_endothelial	fibroblast_CAF	endothelial	LAMA5	ITGA6_ITGB1	LAMININ	1	GSE155698	2.9137744146968e-06	0.0
to_endothelial	myeloid	endothelial	LAMB3	DAG1	LAMININ	1	GSE212966	2.8582794733385e-06	0.04
from_endothelial	endothelial	mast	FN1	ITGAV_ITGB1	FN1	1	GSE155698	2.77919527195516e-06	0.01
to_endothelial	epithelial	endothelial	SEMA3B	NRP1_PLXNA1	SEMA3	1	GSE212966	2.77852760232363e-06	0.0
to_endothelial	T_NK	endothelial	FN1	ITGAV_ITGB3	FN1	1	GSE212966	2.67035469018145e-06	0.0
from_endothelial	endothelial	epithelial	COL6A3	ITGAV_ITGB8	COLLAGEN	1	GSE212966	2.64711278653396e-06	0.0
to_endothelial	T_NK	endothelial	SPP1	ITGAV_ITGB3	SPP1	1	GSE212966	2.63988866799546e-06	0.0
from_endothelial	endothelial	B_cell	LAMB2	ITGA6_ITGB1	LAMININ	1	GSE155698	2.5644643593828e-06	0.0
to_endothelial	myeloid	endothelial	IL1A	IL1R1_IL1RAP	IL1	1	GSE212966	2.54965416835586e-06	0.0
to_endothelial	T_NK	endothelial	TNFSF10	TNFRSF10A	TRAIL	1	GSE155698	2.48436961287715e-06	0.0
to_endothelial	fibroblast_CAF	endothelial	ITGA4_ITGB1	VCAM1	VCAM	1	GSE212966	2.46826873718443e-06	0.0
to_endothelial	epithelial	endothelial	THBS1	ITGAV_ITGB3	THBS	1	GSE212966	2.43388313232517e-06	0.0
to_endothelial	T_NK	endothelial	SELPLG	SELL	SELPLG	1	GSE212966	2.36485829347334e-06	0.0
to_endothelial	fibroblast_CAF	endothelial	THBS4	ITGAV_ITGB3	THBS	1	GSE212966	2.36320348783726e-06	0.0
to_endothelial	epithelial	endothelial	PTPRM	PTPRM	PTPRM	1	GSE155698	2.35713490626921e-06	0.0
from_endothelial	endothelial	epithelial	PTPRM	PTPRM	PTPRM	1	GSE155698	2.35713490626921e-06	0.0
to_endothelial	malignant_epithelial	endothelial	EFNA3	EPHA4	EPHA	1	GSE212966	2.34140014532932e-06	0.0
to_endothelial	B_cell	endothelial	ADM	CALCRL	CALCR	1	GSE154778	2.33803658263801e-06	0.0
from_endothelial	endothelial	malignant_epithelial	COL6A3	ITGAV_ITGB8	COLLAGEN	1	GSE212966	2.30442133608914e-06	0.03
from_endothelial	endothelial	T_NK	LGALS9	HAVCR2	GALECTIN	1	GSE155698	2.22575435025809e-06	0.0
to_endothelial	malignant_epithelial	endothelial	JAG2	NOTCH1	NOTCH	1	GSE212966	2.20045073519389e-06	0.0
to_endothelial	fibroblast_CAF	endothelial	LAMA5	ITGA1_ITGB1	LAMININ	1	GSE155698	2.19091254504143e-06	0.0
to_endothelial	epithelial	endothelial	LAMA4	ITGA6_ITGB1	LAMININ	1	GSE155698	2.09015281867e-06	0.0
from_endothelial	endothelial	CD8	ANGPT2	ITGA5_ITGB1	ANGPT	1	GSE154778	2.02346893159606e-06	0.0
from_endothelial	endothelial	mast	FN1	ITGA4_ITGB7	FN1	1	GSE155698	1.95760794742539e-06	0.0
to_endothelial	epithelial	endothelial	SEMA3B	NRP2_PLXNA1	SEMA3	1	GSE212966	1.94425414492169e-06	0.0
to_endothelial	mast	endothelial	THBS1	ITGAV_ITGB3	THBS	1	GSE212966	1.94088562396822e-06	0.0
from_endothelial	endothelial	malignant_epithelial	DLL4	NOTCH1	NOTCH	1	GSE212966	1.93499649496863e-06	0.0
to_endothelial	fibroblast_CAF	endothelial	SEMA4A	PLXNB2	SEMA4	1	GSE212966	1.9272794521136e-06	0.0
from_endothelial	endothelial	fibroblast_CAF	SEMA6B	PLXNA2	SEMA6	1	GSE212966	1.9242488037906e-06	0.0
to_endothelial	mast	endothelial	THBS1	ITGA3_ITGB1	THBS	1	GSE155698	1.88678046294962e-06	0.0
from_endothelial	endothelial	myeloid	CCL3	CCR1	CCL	1	GSE212966	1.86587283479825e-06	0.0
from_endothelial	endothelial	mast	TGFB1	ACVR1B_TGFbR2	TGFb	1	GSE155698	1.86247940710491e-06	0.0
from_endothelial	endothelial	T_NK	CX3CL1	CX3CR1	CX3C	1	GSE155698	1.76431690947493e-06	0.0
to_endothelial	malignant_epithelial	endothelial	THBS1	ITGAV_ITGB3	THBS	1	GSE212966	1.73801271855979e-06	0.0
to_endothelial	fibroblast_CAF	endothelial	NECTIN3	PVR	NECTIN	1	GSE212966	1.71109727849508e-06	0.0
to_endothelial	malignant_epithelial	endothelial	SEMA4A	NRP1_PLXNA2	SEMA4	1	GSE154778	1.70471301678112e-06	0.0
from_endothelial	endothelial	fibroblast_CAF	COL6A3	ITGA10_ITGB1	COLLAGEN	1	GSE212966	1.67988178790013e-06	0.0
to_endothelial	endothelial	endothelial	THBS1	CD47	THBS	1	GSE155698	1.66663300125756e-06	0.01
from_endothelial	endothelial	endothelial	THBS1	CD47	THBS	1	GSE155698	1.66663300125756e-06	0.01
from_endothelial	endothelial	fibroblast_CAF	SEMA3G	NRP2_PLXNA2	SEMA3	1	GSE212966	1.6602268663092e-06	0.0
to_endothelial	fibroblast_CAF	endothelial	FGF10	FGFR1	FGF	1	GSE212966	1.63997818127025e-06	0.0
to_endothelial	epithelial	endothelial	LAMA4	ITGA1_ITGB1	LAMININ	1	GSE155698	1.57146899457088e-06	0.0
to_endothelial	B_cell	endothelial	IL1B	IL1R1_IL1RAP	IL1	1	GSE212966	1.56677811024802e-06	0.0
from_endothelial	endothelial	fibroblast_CAF	FN1	SDC4	FN1	1	GSE155698	1.558395659044e-06	0.03
from_endothelial	endothelial	epithelial	SEMA4A	PLXNB2	SEMA4	1	GSE212966	1.54880503028474e-06	0.0
from_endothelial	endothelial	myeloid	SEMA3G	NRP2_PLXNA1	SEMA3	1	GSE212966	1.5359551307108e-06	0.0
to_endothelial	CD8	endothelial	TNFSF10	TNFRSF10A	TRAIL	1	GSE155698	1.51691412966927e-06	0.0
to_endothelial	fibroblast_CAF	endothelial	LAMA5	ITGA6_ITGB4	LAMININ	1	GSE155698	1.50794144003658e-06	0.0
to_endothelial	B_cell	endothelial	SEMA7A	ITGB1_ITGA1	SEMA7	1	GSE212966	1.44180618908875e-06	0.0
from_endothelial	endothelial	malignant_epithelial	DLL1	NOTCH1	NOTCH	1	GSE212966	1.43006880662389e-06	0.0
to_endothelial	endothelial	endothelial	APLN	APLNR	APELIN	1	GSE154778	1.40561338573113e-06	0.0
from_endothelial	endothelial	endothelial	APLN	APLNR	APELIN	1	GSE154778	1.40561338573113e-06	0.0
to_endothelial	epithelial	endothelial	EFNA3	EPHA4	EPHA	1	GSE212966	1.40041151451317e-06	0.0
from_endothelial	endothelial	myeloid	CX3CL1	CX3CR1	CX3C	1	GSE155698	1.37490684545059e-06	0.0
to_endothelial	epithelial	endothelial	COL4A2	ITGA9_ITGB1	COLLAGEN	1	GSE212966	1.35582069078e-06	0.0
to_endothelial	myeloid	endothelial	IL6	IL6R_IL6ST	IL6	1	GSE212966	1.33760423090416e-06	0.0
from_endothelial	endothelial	malignant_epithelial	INS	INSR	INSULIN	1	GSE212966	1.30394623449998e-06	0.0
from_endothelial	endothelial	fibroblast_CAF	SEMA6A	PLXNA2	SEMA6	1	GSE212966	1.29652752253786e-06	0.0
to_endothelial	epithelial	endothelial	COL4A2	ITGA10_ITGB1	COLLAGEN	1	GSE212966	1.25939917777251e-06	0.0
from_endothelial	endothelial	CD8	ANGPTL2	ITGA5_ITGB1	ANGPTL	1	GSE154778	1.21528596079962e-06	0.0
to_endothelial	epithelial	endothelial	LAMB3	SV2B	LAMININ	1	GSE155698	1.2083875956935e-06	0.0
from_endothelial	endothelial	fibroblast_CAF	ANGPTL2	TLR4	ANGPTL	1	GSE212966	1.16650595852238e-06	0.0
from_endothelial	endothelial	malignant_epithelial	SEMA4A	PLXNB2	SEMA4	1	GSE212966	1.16402071294893e-06	0.03
to_endothelial	fibroblast_CAF	endothelial	LAMA5	ITGA2_ITGB1	LAMININ	1	GSE155698	1.10562413815186e-06	0.0
to_endothelial	fibroblast_CAF	endothelial	BMP8A	ACVR1_BMPR2	BMP	1	GSE212966	1.08635754341325e-06	0.0
to_endothelial	epithelial	endothelial	LAMA4	ITGA6_ITGB4	LAMININ	1	GSE155698	1.08149918338493e-06	0.0
to_endothelial	fibroblast_CAF	endothelial	LAMA5	ITGA9_ITGB1	LAMININ	1	GSE155698	1.07464695356501e-06	0.0
to_endothelial	T_NK	endothelial	IFNG	IFNGR1_IFNGR2	IFN-II	1	GSE155698	1.07236202334103e-06	0.0
to_endothelial	malignant_epithelial	endothelial	LAMB3	SV2B	LAMININ	1	GSE155698	1.04672812665779e-06	0.0
to_endothelial	myeloid	endothelial	LAMB2	ITGA9_ITGB1	LAMININ	1	GSE212966	1.04408047036979e-06	0.0
to_endothelial	endothelial	endothelial	LAMA3	ITGA9_ITGB1	LAMININ	1	GSE212966	1.03283381372691e-06	0.0
from_endothelial	endothelial	endothelial	LAMA3	ITGA9_ITGB1	LAMININ	1	GSE212966	1.03283381372691e-06	0.0
to_endothelial	mast	endothelial	HSPG2	DAG1	HSPG	1	GSE155698	1.0073046313507e-06	0.0
to_endothelial	mast	endothelial	FN1	ITGAV_ITGB3	FN1	1	GSE212966	9.96592723331711e-07	0.0
to_endothelial	fibroblast_CAF	endothelial	IGF1	ITGAV_ITGB3	IGF	1	GSE212966	9.93800962323103e-07	0.0
from_endothelial	endothelial	malignant_epithelial	PRSS3	F2RL1	PARs	1	GSE154778	9.86170148874606e-07	0.0
to_endothelial	B_cell	endothelial	THBS1	CD36	THBS	1	GSE212966	9.70850233989812e-07	0.0
from_endothelial	endothelial	B_cell	HLA-F	LILRB1	MHC-I	1	GSE155698	9.6991274986338e-07	0.0
from_endothelial	endothelial	CD8	CCL4	CCR5	CCL	1	GSE212966	9.6565733999334e-07	0.0
from_endothelial	endothelial	epithelial	INS	INSR	INSULIN	1	GSE212966	9.50952477494414e-07	0.0
from_endothelial	endothelial	fibroblast_CAF	COL6A2	SDC4	COLLAGEN	1	GSE155698	9.48546667189968e-07	0.02
to_endothelial	B_cell	endothelial	THBS1	ITGAV_ITGB3	THBS	1	GSE212966	9.32310764152678e-07	0.0
from_endothelial	endothelial	B_cell	ANGPTL4	SDC4	ANGPTL	1	GSE212966	9.27337066467231e-07	0.0
to_endothelial	epithelial	endothelial	COMP	CD47	THBS	1	GSE212966	9.27131737329961e-07	0.0
from_endothelial	endothelial	B_cell	ANGPTL2	TLR4	ANGPTL	1	GSE212966	9.22029411839369e-07	0.0
to_endothelial	fibroblast_CAF	endothelial	TNC	ITGA9_ITGB1	TENASCIN	1	GSE155698	9.2178319012597e-07	0.0
from_endothelial	endothelial	myeloid	MADCAM1	ITGA4_ITGB7	MADCAM	1	GSE155698	8.62741469555238e-07	0.0
from_endothelial	endothelial	epithelial	PRSS3	F2RL1	PARs	1	GSE154778	8.30897405855717e-07	0.02
to_endothelial	endothelial	endothelial	BMP6	ACVR1_BMPR2	BMP	1	GSE212966	8.2903520866273e-07	0.0
from_endothelial	endothelial	endothelial	BMP6	ACVR1_BMPR2	BMP	1	GSE212966	8.2903520866273e-07	0.0
to_endothelial	fibroblast_CAF	endothelial	LAMA5	ITGA3_ITGB1	LAMININ	1	GSE155698	8.22435137578916e-07	0.0
to_endothelial	B_cell	endothelial	TNFSF10	TNFRSF10A	TRAIL	1	GSE155698	7.9749872633816e-07	0.01
to_endothelial	epithelial	endothelial	LAMA4	ITGA2_ITGB1	LAMININ	1	GSE155698	7.92914257022907e-07	0.0
to_endothelial	malignant_epithelial	endothelial	LAMC2	SV2B	LAMININ	1	GSE155698	7.7925389123209e-07	0.0
to_endothelial	epithelial	endothelial	LAMA4	ITGA9_ITGB1	LAMININ	1	GSE155698	7.70695380229611e-07	0.0
to_endothelial	fibroblast_CAF	endothelial	SEMA3A	NRP1_PLXNA2	SEMA3	1	GSE155698	7.61015506234237e-07	0.0
from_endothelial	endothelial	malignant_epithelial	INHBB	ACVR1B_ACVR2A	ACTIVIN	1	GSE155698	7.55216463843282e-07	0.0
to_endothelial	mast	endothelial	GDF15	TGFBR2	GDF	1	GSE154778	7.54835055295315e-07	0.02
to_endothelial	epithelial	endothelial	LAMC2	SV2B	LAMININ	1	GSE155698	7.44631962024282e-07	0.0
to_endothelial	fibroblast_CAF	endothelial	LAMB1	SV2B	LAMININ	1	GSE155698	7.38950503456512e-07	0.0
from_endothelial	endothelial	epithelial	INHBB	ACVR1B_ACVR2B	ACTIVIN	1	GSE155698	7.32731677848619e-07	0.0
to_endothelial	T_NK	endothelial	ITGA4_ITGB7	VCAM1	VCAM	1	GSE155698	7.3161507054642e-07	0.0
from_endothelial	endothelial	CD8	CCL3	CCR5	CCL	1	GSE212966	7.16389633828019e-07	0.0
to_endothelial	epithelial	endothelial	COMP	CD36	THBS	1	GSE212966	7.01441044175572e-07	0.0
to_endothelial	epithelial	endothelial	COMP	ITGAV_ITGB3	THBS	1	GSE212966	6.73595645061351e-07	0.0
to_endothelial	endothelial	endothelial	CCL5	ACKR1	CCL	1	GSE212966	6.71692512948816e-07	0.0
from_endothelial	endothelial	endothelial	CCL5	ACKR1	CCL	1	GSE212966	6.71692512948816e-07	0.0
to_endothelial	malignant_epithelial	endothelial	ESAM	ESAM	ESAM	1	GSE212966	6.68436257560298e-07	0.0
from_endothelial	endothelial	malignant_epithelial	ESAM	ESAM	ESAM	1	GSE212966	6.68436257560298e-07	0.0
from_endothelial	endothelial	B_cell	ANGPTL2	LILRB3	ANGPTL	1	GSE212966	6.67544991985331e-07	0.0
to_endothelial	endothelial	endothelial	SPP1	ITGAV_ITGB5	SPP1	1	GSE155698	6.67090822294169e-07	0.0
from_endothelial	endothelial	endothelial	SPP1	ITGAV_ITGB5	SPP1	1	GSE155698	6.67090822294169e-07	0.0
from_endothelial	endothelial	mast	MADCAM1	ITGA4_ITGB7	MADCAM	1	GSE155698	6.60872672189899e-07	0.0
from_endothelial	endothelial	mast	COL6A3	ITGA9_ITGB1	COLLAGEN	1	GSE212966	6.41749974308391e-07	0.0
to_endothelial	fibroblast_CAF	endothelial	LAMA4	SV2B	LAMININ	1	GSE155698	6.28056484213589e-07	0.0
from_endothelial	endothelial	myeloid	HLA-DQA2	CD4	MHC-II	1	GSE155698	6.08278747428891e-07	0.03
to_endothelial	epithelial	endothelial	THBS3	ITGA3_ITGB1	THBS	1	GSE155698	6.06836970072577e-07	0.0
to_endothelial	endothelial	endothelial	ENTPD1	ADORA2A	CD39	1	GSE212966	5.9454634744944e-07	0.0
from_endothelial	endothelial	endothelial	ENTPD1	ADORA2A	CD39	1	GSE212966	5.9454634744944e-07	0.0
to_endothelial	epithelial	endothelial	LAMA4	ITGA3_ITGB1	LAMININ	1	GSE155698	5.89799200917284e-07	0.0
to_endothelial	endothelial	endothelial	PRSS3	F2RL3	PARs	1	GSE154778	5.88657901793602e-07	0.0
from_endothelial	endothelial	endothelial	PRSS3	F2RL3	PARs	1	GSE154778	5.88657901793602e-07	0.0
from_endothelial	endothelial	mast	JAG1	NOTCH2	NOTCH	1	GSE155698	5.65653493544357e-07	0.0
to_endothelial	malignant_epithelial	endothelial	WNT7B	FZD4_LRP6	WNT	1	GSE155698	5.61570598848089e-07	0.0
from_endothelial	endothelial	CD8	EFNB2	EPHA4	EPHB	1	GSE212966	5.56652923295531e-07	0.01
to_endothelial	fibroblast_CAF	endothelial	LAMB2	SV2B	LAMININ	1	GSE155698	5.56344777030879e-07	0.0
to_endothelial	endothelial	endothelial	SEMA4A	NRP1_PLXNA1	SEMA4	1	GSE212966	5.53459934380202e-07	0.0
from_endothelial	endothelial	endothelial	SEMA4A	NRP1_PLXNA1	SEMA4	1	GSE212966	5.53459934380202e-07	0.0
to_endothelial	fibroblast_CAF	endothelial	LAMC1	SV2B	LAMININ	1	GSE155698	5.42542830778374e-07	0.0
to_endothelial	malignant_epithelial	endothelial	COL4A1	ITGA9_ITGB1	COLLAGEN	1	GSE212966	5.36589865783023e-07	0.0
to_endothelial	malignant_epithelial	endothelial	EFNA3	EPHA2	EPHA	1	GSE212966	5.35898682117745e-07	0.0
from_endothelial	endothelial	fibroblast_CAF	SEMA4A	NRP1_PLXNA1	SEMA4	1	GSE212966	5.27785015399752e-07	0.0
to_endothelial	fibroblast_CAF	endothelial	TNXB	ITGAV_ITGB3	TENASCIN	1	GSE212966	5.18218214345213e-07	0.0
to_endothelial	malignant_epithelial	endothelial	TGFB2	TGFbR1_R2	TGFb	1	GSE155698	5.06999347819979e-07	0.0
to_endothelial	fibroblast_CAF	endothelial	EFNA4	EPHA4	EPHA	1	GSE212966	5.06643635493027e-07	0.0
to_endothelial	malignant_epithelial	endothelial	COL4A1	ITGA10_ITGB1	COLLAGEN	1	GSE212966	4.98427289429208e-07	0.0
to_endothelial	endothelial	endothelial	LAMB1	SV2B	LAMININ	1	GSE155698	4.88388552489137e-07	0.0
from_endothelial	endothelial	endothelial	LAMB1	SV2B	LAMININ	1	GSE155698	4.88388552489137e-07	0.0
from_endothelial	endothelial	fibroblast_CAF	BMP6	ACVR1_BMPR2	BMP	1	GSE212966	4.78837874421404e-07	0.0
to_endothelial	B_cell	endothelial	COL6A1	ITGA9_ITGB1	COLLAGEN	1	GSE154778	4.70558911382424e-07	0.0
from_endothelial	endothelial	CD8	PRSS1	F2R	PARs	1	GSE155698	4.67245406530333e-07	0.0
to_endothelial	epithelial	endothelial	COL6A3	ITGA10_ITGB1	COLLAGEN	1	GSE212966	4.57232603693034e-07	0.0
from_endothelial	endothelial	epithelial	BMP6	ACVR1_BMPR2	BMP	1	GSE212966	4.48608552391273e-07	0.0
from_endothelial	endothelial	fibroblast_CAF	BMP6	BMPR1A_BMPR2	BMP	1	GSE212966	4.40576814207071e-07	0.0
to_endothelial	malignant_epithelial	endothelial	COL4A4	ITGA1_ITGB1	COLLAGEN	1	GSE212966	4.34027836181155e-07	0.0
from_endothelial	endothelial	epithelial	SEMA4A	PLXNB1	SEMA4	1	GSE212966	4.25051422923853e-07	0.0
to_endothelial	malignant_epithelial	endothelial	WNT7B	FZD6_LRP6	WNT	1	GSE155698	4.2415777750302e-07	0.0
to_endothelial	epithelial	endothelial	LAMA3	SV2B	LAMININ	1	GSE155698	4.20959737901151e-07	0.0
from_endothelial	endothelial	B_cell	ANGPTL4	SDC3	ANGPTL	1	GSE212966	4.17802688374762e-07	0.0
from_endothelial	endothelial	myeloid	SEMA3G	NRP2_PLXNA3	SEMA3	1	GSE212966	4.17741697249622e-07	0.0
to_endothelial	fibroblast_CAF	endothelial	TNC	ITGA8_ITGB1	TENASCIN	1	GSE155698	4.04038477344281e-07	0.0
from_endothelial	endothelial	fibroblast_CAF	BMP2	BMPR1A_BMPR2	BMP	1	GSE212966	4.02953621122372e-07	0.0
from_endothelial	endothelial	T_NK	SEMA7A	ITGB1_ITGA1	SEMA7	1	GSE155698	3.99803314906028e-07	0.0
from_endothelial	endothelial	fibroblast_CAF	DHH	PTCH1_SMO	HH	1	GSE212966	3.77681432358585e-07	0.0
to_endothelial	malignant_epithelial	endothelial	WNT7B	FZD4_LRP5	WNT	1	GSE155698	3.67802627957461e-07	0.0
to_endothelial	fibroblast_CAF	endothelial	IGF2	IGF1R	IGF	1	GSE155698	3.60217224599852e-07	0.0
to_endothelial	fibroblast_CAF	endothelial	LAMA5	DAG1	LAMININ	1	GSE155698	3.49833960420268e-07	0.0
to_endothelial	malignant_epithelial	endothelial	LAMA3	SV2B	LAMININ	1	GSE155698	3.46957914266138e-07	0.0
to_endothelial	epithelial	endothelial	WNT7A	FZD4_LRP6	WNT	1	GSE155698	3.45631201402455e-07	0.0
from_endothelial	endothelial	CD8	EFNB1	EPHA4	EPHB	1	GSE212966	3.43769811496953e-07	0.0
to_endothelial	endothelial	endothelial	ANGPTL4	CDH11	ANGPTL	1	GSE212966	3.28533906010131e-07	0.0
from_endothelial	endothelial	endothelial	ANGPTL4	CDH11	ANGPTL	1	GSE212966	3.28533906010131e-07	0.0
to_endothelial	B_cell	endothelial	CCL2	ACKR1	CCL	1	GSE154778	3.22716990929255e-07	0.0
to_endothelial	malignant_epithelial	endothelial	LAMA4	ITGA6_ITGB1	LAMININ	1	GSE155698	3.20601514080101e-07	0.02
to_endothelial	epithelial	endothelial	EFNA3	EPHA2	EPHA	1	GSE212966	3.20501340618261e-07	0.0
from_endothelial	endothelial	fibroblast_CAF	SEMA4A	NRP1_PLXNA3	SEMA4	1	GSE212966	3.19803948524934e-07	0.03
to_endothelial	B_cell	endothelial	RETN	CAP1	RESISTIN	1	GSE154778	3.16526777268854e-07	0.0
to_endothelial	malignant_epithelial	endothelial	COL4A4	ITGA2_ITGB1	COLLAGEN	1	GSE212966	3.1291953824077e-07	0.0
to_endothelial	fibroblast_CAF	endothelial	ANGPTL4	ITGAV_ITGB3	ANGPTL	1	GSE212966	3.0863618436844e-07	0.0
from_endothelial	endothelial	CD8	EFNA1	EPHA4	EPHA	1	GSE212966	3.07232853773945e-07	0.04
from_endothelial	endothelial	fibroblast_CAF	GDF11	TGFBR1_ACVR2A	GDF	1	GSE212966	3.04860012045409e-07	0.0
to_endothelial	fibroblast_CAF	endothelial	TNFSF4	TNFRSF4	OX40	1	GSE212966	3.03449476848975e-07	0.0
to_endothelial	fibroblast_CAF	endothelial	LAMA2	SV2B	LAMININ	1	GSE155698	3.01492818664724e-07	0.0
to_endothelial	myeloid	endothelial	COL6A3	ITGA9_ITGB1	COLLAGEN	1	GSE212966	2.95853861004955e-07	0.0
from_endothelial	endothelial	malignant_epithelial	SEMA4A	PLXNB1	SEMA4	1	GSE212966	2.93406057168445e-07	0.0
to_endothelial	endothelial	endothelial	LAMA4	SV2B	LAMININ	1	GSE155698	2.86503904031123e-07	0.0
from_endothelial	endothelial	endothelial	LAMA4	SV2B	LAMININ	1	GSE155698	2.86503904031123e-07	0.0
to_endothelial	malignant_epithelial	endothelial	WNT7B	FZD6_LRP5	WNT	1	GSE155698	2.77798541390606e-07	0.0
to_endothelial	myeloid	endothelial	COL6A3	ITGA10_ITGB1	COLLAGEN	1	GSE212966	2.74812088308856e-07	0.0
from_endothelial	endothelial	myeloid	IL6	IL6R_IL6ST	IL6	1	GSE212966	2.74090333118387e-07	0.0
from_endothelial	endothelial	malignant_epithelial	BMP6	ACVR1_BMPR2	BMP	1	GSE212966	2.67340567202518e-07	0.0
from_endothelial	endothelial	epithelial	ANGPTL4	ITGA5_ITGB1	ANGPTL	1	GSE155698	2.65666557095521e-07	0.0
to_endothelial	malignant_epithelial	endothelial	PTN	ITGAV_ITGB3	PTN	1	GSE212966	2.62753016849145e-07	0.0
to_endothelial	epithelial	endothelial	LAMA5	SV2B	LAMININ	1	GSE155698	2.62606235690769e-07	0.0
to_endothelial	endothelial	endothelial	LAMC1	SV2B	LAMININ	1	GSE155698	2.62229061648402e-07	0.0
from_endothelial	endothelial	endothelial	LAMC1	SV2B	LAMININ	1	GSE155698	2.62229061648402e-07	0.0
to_endothelial	epithelial	endothelial	WNT7A	FZD6_LRP6	WNT	1	GSE155698	2.61050975661893e-07	0.0
to_endothelial	malignant_epithelial	endothelial	COL4A4	ITGA9_ITGB1	COLLAGEN	1	GSE212966	2.55040538295419e-07	0.0
to_endothelial	epithelial	endothelial	THBS3	CD47	THBS	1	GSE155698	2.51678198679935e-07	0.0
to_endothelial	epithelial	endothelial	LAMA4	DAG1	LAMININ	1	GSE155698	2.50863495265597e-07	0.0
to_endothelial	malignant_epithelial	endothelial	TGFB2	ACVR1_TGFbR	TGFb	1	GSE155698	2.48626145510487e-07	0.0
to_endothelial	B_cell	endothelial	ITGA4_ITGB7	VCAM1	VCAM	1	GSE155698	2.45420537484213e-07	0.0
to_endothelial	malignant_epithelial	endothelial	LAMA4	ITGA1_ITGB1	LAMININ	1	GSE155698	2.41020474446094e-07	0.03
to_endothelial	malignant_epithelial	endothelial	COL4A4	ITGA10_ITGB1	COLLAGEN	1	GSE212966	2.36901489757728e-07	0.0
from_endothelial	endothelial	epithelial	CXCL12	CXCR4	CXCL	1	GSE155698	2.36711055091897e-07	0.0
to_endothelial	myeloid	endothelial	TNFSF14	TNFRSF14	LIGHT	1	GSE154778	2.30004299695762e-07	0.0
to_endothelial	malignant_epithelial	endothelial	TGFB2	ACVR1B_TGFbR2	TGFb	1	GSE155698	2.28345708009987e-07	0.0
from_endothelial	endothelial	myeloid	IGF2	IGF1R	IGF	1	GSE155698	2.26904786039127e-07	0.0
to_endothelial	epithelial	endothelial	WNT7A	FZD4_LRP5	WNT	1	GSE155698	2.26364505078716e-07	0.0
to_endothelial	malignant_epithelial	endothelial	IGF2	ITGA6_ITGB4	IGF	1	GSE154778	2.19522898019823e-07	0.01
to_endothelial	epithelial	endothelial	LAMC1	SV2B	LAMININ	1	GSE155698	2.15773196215832e-07	0.0
from_endothelial	endothelial	CD8	ITGA9_ITGB1	VCAM1	VCAM	1	GSE154778	2.15490093617836e-07	0.0
to_endothelial	endothelial	endothelial	LAMB2	SV2B	LAMININ	1	GSE155698	2.14078605176239e-07	0.0
from_endothelial	endothelial	endothelial	LAMB2	SV2B	LAMININ	1	GSE155698	2.14078605176239e-07	0.0
to_endothelial	malignant_epithelial	endothelial	COL4A4	ITGA3_ITGB1	COLLAGEN	1	GSE212966	2.07414966111444e-07	0.0
from_endothelial	endothelial	B_cell	CCL14	CCR1	CCL	1	GSE155698	2.05453216050416e-07	0.0
to_endothelial	endothelial	endothelial	LAMA5	SV2B	LAMININ	1	GSE155698	1.94314354073531e-07	0.0
from_endothelial	endothelial	endothelial	LAMA5	SV2B	LAMININ	1	GSE155698	1.94314354073531e-07	0.0
to_endothelial	endothelial	endothelial	TGFB3	TGFbR1_R2	TGFb	1	GSE212966	1.9319503560919e-07	0.0
from_endothelial	endothelial	endothelial	TGFB3	TGFbR1_R2	TGFb	1	GSE212966	1.9319503560919e-07	0.0
from_endothelial	endothelial	malignant_epithelial	CD1D	CEACAM5	CEACAM	1	GSE155698	1.9219721695045e-07	0.0
from_endothelial	endothelial	myeloid	CXCL3	CXCR2	CXCL	1	GSE212966	1.89144415163126e-07	0.0
to_endothelial	malignant_epithelial	endothelial	ANGPTL4	ITGAV_ITGB3	ANGPTL	1	GSE212966	1.81531491115652e-07	0.0
from_endothelial	endothelial	T_NK	NECTIN3	TIGIT	NECTIN	1	GSE212966	1.81232146495342e-07	0.0
from_endothelial	endothelial	epithelial	BMP6	BMPR1A_BMPR2	BMP	1	GSE212966	1.77213806451284e-07	0.0
to_endothelial	malignant_epithelial	endothelial	FGF18	FGFR1	FGF	1	GSE212966	1.71797701885753e-07	0.0
to_endothelial	epithelial	endothelial	WNT7A	FZD6_LRP5	WNT	1	GSE155698	1.70968640474391e-07	0.0
to_endothelial	fibroblast_CAF	endothelial	TGFB2	ACVR1_TGFbR	TGFb	1	GSE155698	1.67328610093066e-07	0.0
to_endothelial	malignant_epithelial	endothelial	LAMA4	ITGA6_ITGB4	LAMININ	1	GSE155698	1.65858255239961e-07	0.0
from_endothelial	endothelial	epithelial	BMP2	BMPR1A_BMPR2	BMP	1	GSE212966	1.62080048690665e-07	0.0
to_endothelial	endothelial	endothelial	GDF11	TGFBR1_ACVR2A	GDF	1	GSE212966	1.61342641997348e-07	0.0
from_endothelial	endothelial	endothelial	GDF11	TGFBR1_ACVR2A	GDF	1	GSE212966	1.61342641997348e-07	0.0
to_endothelial	epithelial	endothelial	LAMB2	SV2B	LAMININ	1	GSE155698	1.59316495851705e-07	0.0
to_endothelial	epithelial	endothelial	COL4A4	ITGA1_ITGB1	COLLAGEN	1	GSE155698	1.54372793935121e-07	0.0
from_endothelial	endothelial	malignant_epithelial	EFNB2	EPHB3	EPHB	1	GSE212966	1.53862663687253e-07	0.0
from_endothelial	endothelial	myeloid	TGFB3	TGFbR1_R2	TGFb	1	GSE212966	1.50986491307775e-07	0.0
to_endothelial	myeloid	endothelial	WNT5A	FZD8	ncWNT	1	GSE212966	1.48435572233408e-07	0.0
from_endothelial	endothelial	myeloid	CCL5	CCR1	CCL	1	GSE212966	1.42723380272786e-07	0.0
from_endothelial	endothelial	myeloid	HLA-DOA	CD4	MHC-II	1	GSE155698	1.40663950737782e-07	0.0
to_endothelial	mast	endothelial	COL9A2	CD44	COLLAGEN	1	GSE212966	1.40287571573277e-07	0.0
to_endothelial	fibroblast_CAF	endothelial	SEMA3A	NRP1_PLXNA1	SEMA3	1	GSE155698	1.3850269407514e-07	0.0
to_endothelial	fibroblast_CAF	endothelial	TGFB2	TGFbR1_R2	TGFb	1	GSE155698	1.36781125491619e-07	0.0
to_endothelial	epithelial	endothelial	THBS2	CD36	THBS	1	GSE154778	1.33235859458414e-07	0.04
to_endothelial	endothelial	endothelial	GDF11	TGFBR1_ACVR2B	GDF	1	GSE212966	1.3253642998296e-07	0.0
from_endothelial	endothelial	endothelial	GDF11	TGFBR1_ACVR2B	GDF	1	GSE212966	1.3253642998296e-07	0.0
to_endothelial	malignant_epithelial	endothelial	LAMA5	SV2B	LAMININ	1	GSE155698	1.32204786484677e-07	0.0
to_endothelial	fibroblast_CAF	endothelial	BMP8A	ACVR1_ACVR2A	BMP	1	GSE212966	1.29391718561569e-07	0.0
from_endothelial	endothelial	fibroblast_CAF	BMP4	BMPR1A_BMPR2	BMP	1	GSE154778	1.25799513717636e-07	0.0
to_endothelial	endothelial	endothelial	TGFB3	ACVR1B_TGFbR2	TGFb	1	GSE212966	1.24112616544246e-07	0.0
from_endothelial	endothelial	endothelial	TGFB3	ACVR1B_TGFbR2	TGFb	1	GSE212966	1.24112616544246e-07	0.0
from_endothelial	endothelial	fibroblast_CAF	BMP6	ACVR1_ACVR2A	BMP	1	GSE212966	1.23829978207907e-07	0.0
from_endothelial	endothelial	fibroblast_CAF	TGFB3	ACVR1_TGFbR	TGFb	1	GSE212966	1.23430154125501e-07	0.0
to_endothelial	myeloid	endothelial	TNFSF14	LTBR	LIGHT	1	GSE154778	1.22535829222531e-07	0.0
to_endothelial	fibroblast_CAF	endothelial	FGF18	FGFR1	FGF	1	GSE212966	1.22000989233617e-07	0.0
to_endothelial	malignant_epithelial	endothelial	LAMA4	ITGA9_ITGB1	LAMININ	1	GSE155698	1.1818709059817e-07	0.0
from_endothelial	endothelial	myeloid	BMP6	ACVR1_BMPR2	BMP	1	GSE212966	1.17400265083059e-07	0.0
to_endothelial	fibroblast_CAF	endothelial	EFNA4	EPHA2	EPHA	1	GSE212966	1.15945364164358e-07	0.0
from_endothelial	endothelial	malignant_epithelial	BMP6	BMPR1A_BMPR2	BMP	1	GSE212966	1.1593808990386e-07	0.0
to_endothelial	endothelial	endothelial	TGFB3	ACVR1_TGFbR	TGFb	1	GSE212966	1.1566795970443e-07	0.0
from_endothelial	endothelial	endothelial	TGFB3	ACVR1_TGFbR	TGFb	1	GSE212966	1.1566795970443e-07	0.0
from_endothelial	endothelial	mast	LAMA3	ITGA9_ITGB1	LAMININ	1	GSE212966	1.14773857684776e-07	0.0
to_endothelial	endothelial	endothelial	IL6	IL6R_IL6ST	IL6	1	GSE212966	1.13986669375897e-07	0.0
from_endothelial	endothelial	endothelial	IL6	IL6R_IL6ST	IL6	1	GSE212966	1.13986669375897e-07	0.0
from_endothelial	endothelial	fibroblast_CAF	BMP6	BMPR1A_ACVR2A	BMP	1	GSE212966	1.13935071335464e-07	0.0
to_endothelial	mast	endothelial	SPP1	ITGAV_ITGB3	SPP1	1	GSE212966	1.11378205359905e-07	0.0
from_endothelial	endothelial	CD8	NECTIN3	TIGIT	NECTIN	1	GSE212966	1.10162257259784e-07	0.0
to_endothelial	epithelial	endothelial	LAMB1	SV2B	LAMININ	1	GSE155698	1.08408420255876e-07	0.0
to_endothelial	fibroblast_CAF	endothelial	DLL1	NOTCH4	NOTCH	1	GSE155698	1.07800359497667e-07	0.0
to_endothelial	fibroblast_CAF	endothelial	BMP8A	ACVR1_ACVR2B	BMP	1	GSE212966	1.06290091504747e-07	0.0
from_endothelial	endothelial	malignant_epithelial	BMP2	BMPR1A_BMPR2	BMP	1	GSE212966	1.06037137592346e-07	0.0
to_endothelial	malignant_epithelial	endothelial	LAMC1	SV2B	LAMININ	1	GSE155698	1.05211831349681e-07	0.0
to_endothelial	malignant_epithelial	endothelial	LAMB1	DAG1	LAMININ	1	GSE155698	1.04540169342125e-07	0.03
from_endothelial	endothelial	fibroblast_CAF	BMP2	BMPR1A_ACVR2A	BMP	1	GSE212966	1.04205194029224e-07	0.0
from_endothelial	endothelial	malignant_epithelial	JAG1	NOTCH3	NOTCH	1	GSE155698	1.02659926634399e-07	0.0
from_endothelial	endothelial	malignant_epithelial	GDF11	TGFBR1_ACVR2B	GDF	1	GSE212966	1.0185722188036e-07	0.0
from_endothelial	endothelial	malignant_epithelial	TGFB3	TGFbR1_R2	TGFb	1	GSE212966	1.01130505163633e-07	0.0
to_endothelial	fibroblast_CAF	endothelial	PRSS1	F2RL3	PARs	1	GSE154778	9.99409003096569e-08	0.0
from_endothelial	endothelial	B_cell	IL6	IL6R_IL6ST	IL6	1	GSE212966	9.95418208907192e-08	0.0
from_endothelial	endothelial	malignant_epithelial	PRSS3	PARD3	PARs	1	GSE154778	9.89471579889435e-08	0.0
from_endothelial	endothelial	epithelial	TGFB3	TGFbR1_R2	TGFb	1	GSE212966	9.89426552912779e-08	0.0
to_endothelial	endothelial	endothelial	BMP6	ACVR1_ACVR2A	BMP	1	GSE212966	9.87379659127489e-08	0.0
from_endothelial	endothelial	endothelial	BMP6	ACVR1_ACVR2A	BMP	1	GSE212966	9.87379659127489e-08	0.0
to_endothelial	fibroblast_CAF	endothelial	EFNA5	EPHA4	EPHA	1	GSE155698	9.75935554190542e-08	0.0
from_endothelial	endothelial	epithelial	SEMA6D	PLXNA1	SEMA6	1	GSE155698	9.75444870417243e-08	0.0
from_endothelial	endothelial	epithelial	CD99	CD99L2	CD99	1	GSE155698	9.53438874522132e-08	0.0
from_endothelial	endothelial	malignant_epithelial	EFNB1	EPHB3	EPHB	1	GSE212966	9.50192356061704e-08	0.0
to_endothelial	endothelial	endothelial	NECTIN3	PVR	NECTIN	1	GSE212966	9.42628113339248e-08	0.01
from_endothelial	endothelial	endothelial	NECTIN3	PVR	NECTIN	1	GSE212966	9.42628113339248e-08	0.01
from_endothelial	endothelial	epithelial	TGFB3	ACVR1B_TGFbR2	TGFb	1	GSE212966	9.41187209543959e-08	0.0
to_endothelial	fibroblast_CAF	endothelial	THBS4	SDC4	THBS	1	GSE154778	9.34461904102462e-08	0.0
to_endothelial	epithelial	endothelial	ANGPTL4	ITGAV_ITGB3	ANGPTL	1	GSE212966	9.27111297841279e-08	0.0
to_endothelial	fibroblast_CAF	endothelial	SEMA3D	NRP1_PLXNA2	SEMA3	1	GSE212966	9.20005620991156e-08	0.0
to_endothelial	fibroblast_CAF	endothelial	COL4A5	CD44	COLLAGEN	1	GSE212966	9.00058869162039e-08	0.0
to_endothelial	fibroblast_CAF	endothelial	ENTPD1	ADORA2A	CD39	1	GSE212966	8.79401069402352e-08	0.0
from_endothelial	endothelial	epithelial	GDF11	TGFBR1_ACVR2A	GDF	1	GSE212966	8.68084632160746e-08	0.0
to_endothelial	malignant_epithelial	endothelial	WNT7B	FZD8_LRP6	WNT	1	GSE155698	8.67237199347504e-08	0.0
to_endothelial	malignant_epithelial	endothelial	THBS3	ITGA3_ITGB1	THBS	1	GSE155698	8.51617083722721e-08	0.0
to_endothelial	endothelial	endothelial	GDF11	ACVR1B_ACVR2B	GDF	1	GSE212966	8.51439849605803e-08	0.0
from_endothelial	endothelial	endothelial	GDF11	ACVR1B_ACVR2B	GDF	1	GSE212966	8.51439849605803e-08	0.0
from_endothelial	endothelial	epithelial	TGFB3	ACVR1_TGFbR	TGFb	1	GSE212966	8.15980688724964e-08	0.0
to_endothelial	endothelial	endothelial	BMP6	ACVR1_ACVR2B	BMP	1	GSE212966	8.11091654523557e-08	0.0
from_endothelial	endothelial	endothelial	BMP6	ACVR1_ACVR2B	BMP	1	GSE212966	8.11091654523557e-08	0.0
to_endothelial	malignant_epithelial	endothelial	LAMB2	SV2B	LAMININ	1	GSE155698	7.82956471559199e-08	0.0
to_endothelial	epithelial	endothelial	COL4A4	ITGA2_ITGB1	COLLAGEN	1	GSE155698	7.78801067855522e-08	0.0
to_endothelial	epithelial	endothelial	COL4A4	ITGA9_ITGB1	COLLAGEN	1	GSE155698	7.56974452947316e-08	0.0
to_endothelial	B_cell	endothelial	BTLA	TNFRSF14	BTLA	1	GSE155698	7.1186711239533e-08	0.0
from_endothelial	endothelial	fibroblast_CAF	PRSS3	PARD3	PARs	1	GSE154778	7.02213725634442e-08	0.04
to_endothelial	malignant_epithelial	endothelial	FGF2	FGFR1	FGF	1	GSE212966	6.93099609556801e-08	0.0
to_endothelial	fibroblast_CAF	endothelial	DLL1	NOTCH1	NOTCH	1	GSE155698	6.70840610394971e-08	0.0
from_endothelial	endothelial	malignant_epithelial	TGFB3	ACVR1_TGFbR	TGFb	1	GSE212966	6.54893607063465e-08	0.0
to_endothelial	malignant_epithelial	endothelial	IGF2	IGF2R	IGF	1	GSE154778	6.50692540415665e-08	0.0
from_endothelial	endothelial	B_cell	HLA-DOA	CD4	MHC-II	1	GSE155698	6.50636819223829e-08	0.0
to_endothelial	fibroblast_CAF	endothelial	SEMA3D	NRP2_PLXNA2	SEMA3	1	GSE212966	6.4372656611805e-08	0.0
from_endothelial	endothelial	epithelial	PRSS3	PARD3	PARs	1	GSE154778	6.23900365605697e-08	0.01
from_endothelial	endothelial	myeloid	IL1B	IL1R2	IL1	1	GSE212966	6.22002947083507e-08	0.0
to_endothelial	fibroblast_CAF	endothelial	TGFB2	ACVR1B_TGFbR2	TGFb	1	GSE155698	6.16034910823282e-08	0.0
from_endothelial	endothelial	T_NK	TNXB	SDC4	TENASCIN	1	GSE154778	6.14065145271501e-08	0.0
from_endothelial	endothelial	fibroblast_CAF	TGFB3	TGFbR1_R2	TGFb	1	GSE212966	6.06053123162104e-08	0.0
to_endothelial	malignant_epithelial	endothelial	SELPLG	SELL	SELPLG	1	GSE154778	5.95984921673316e-08	0.0
from_endothelial	endothelial	T_NK	PRSS1	F2R	PARs	1	GSE155698	5.87051715034079e-08	0.0
to_endothelial	epithelial	endothelial	COL4A4	ITGA3_ITGB1	COLLAGEN	1	GSE155698	5.79278793882739e-08	0.0
from_endothelial	endothelial	malignant_epithelial	GDF11	ACVR1B_ACVR2B	GDF	1	GSE212966	5.68519917308653e-08	0.0
to_endothelial	malignant_epithelial	endothelial	WNT7B	FZD8_LRP5	WNT	1	GSE155698	5.67964156447946e-08	0.0
from_endothelial	endothelial	malignant_epithelial	TGFB3	ACVR1B_TGFbR2	TGFb	1	GSE212966	5.64463952185182e-08	0.0
from_endothelial	endothelial	T_NK	HLA-DOA	CD4	MHC-II	1	GSE155698	5.59474302948885e-08	0.01
from_endothelial	endothelial	myeloid	TGFB3	ACVR1_TGFbR	TGFb	1	GSE212966	5.58898183561345e-08	0.0
from_endothelial	endothelial	CD8	CCL5	CCR5	CCL	1	GSE212966	5.47931619280146e-08	0.0
to_endothelial	malignant_epithelial	endothelial	THBS2	CD36	THBS	1	GSE212966	5.3973212129396e-08	0.0
to_endothelial	epithelial	endothelial	WNT7A	FZD8_LRP6	WNT	1	GSE155698	5.3371514600879e-08	0.0
to_endothelial	malignant_epithelial	endothelial	THBS2	ITGAV_ITGB3	THBS	1	GSE212966	5.18305120221805e-08	0.0
from_endothelial	endothelial	epithelial	CD1D	CEACAM5	CEACAM	1	GSE155698	5.09718763122893e-08	0.0
to_endothelial	B_cell	endothelial	SEMA4A	PLXNB2	SEMA4	1	GSE155698	5.06199479264333e-08	0.01
from_endothelial	endothelial	epithelial	NECTIN3	PVR	NECTIN	1	GSE212966	5.03195157911059e-08	0.01
to_endothelial	mast	endothelial	ITGA4_ITGB7	VCAM1	VCAM	1	GSE155698	5.00650559600597e-08	0.0
from_endothelial	endothelial	B_cell	TGFB3	TGFbR1_R2	TGFb	1	GSE212966	5.00068675729825e-08	0.0
to_endothelial	myeloid	endothelial	ENTPD1	ADORA2A	CD39	1	GSE212966	4.9724637342393e-08	0.0
from_endothelial	endothelial	mast	IL6	IL6R_IL6ST	IL6	1	GSE212966	4.65433028688224e-08	0.0
from_endothelial	endothelial	epithelial	BMP6	ACVR1_ACVR2A	BMP	1	GSE212966	4.64227980918451e-08	0.0
to_endothelial	malignant_epithelial	endothelial	PTN	SDC3	PTN	1	GSE212966	4.5178380929207e-08	0.0
from_endothelial	endothelial	epithelial	WNT2B	FZD5_LRP5	WNT	1	GSE155698	4.51370379936086e-08	0.0
to_endothelial	epithelial	endothelial	SEMA3F	NRP2_PLXNA2	SEMA3	1	GSE155698	4.47995942062995e-08	0.0
from_endothelial	endothelial	fibroblast_CAF	SEMA6D	PLXNA1	SEMA6	1	GSE155698	4.41732334707247e-08	0.0
from_endothelial	endothelial	myeloid	RARRES2	CMKLR1	CHEMERIN	1	GSE212966	4.3458514576185e-08	0.0
from_endothelial	endothelial	myeloid	VEGFB	FLT1	VEGF	1	GSE155698	4.29360872523989e-08	0.0
from_endothelial	endothelial	malignant_epithelial	SEMA6D	PLXNA1	SEMA6	1	GSE155698	4.15040706367662e-08	0.0
to_endothelial	B_cell	endothelial	ENTPD1	ADORA2A	CD39	1	GSE212966	4.04427422030171e-08	0.0
from_endothelial	endothelial	malignant_epithelial	IL6	IL6R_IL6ST	IL6	1	GSE212966	3.9986243474756e-08	0.0
to_endothelial	mast	endothelial	CXCL2	ACKR1	CXCL	1	GSE154778	3.94403659501142e-08	0.0
from_endothelial	endothelial	epithelial	IL6	IL6R_IL6ST	IL6	1	GSE212966	3.89210414060713e-08	0.0
to_endothelial	malignant_epithelial	endothelial	LAMA4	DAG1	LAMININ	1	GSE155698	3.84667299292046e-08	0.01
from_endothelial	endothelial	malignant_epithelial	NECTIN3	PVR	NECTIN	1	GSE212966	3.81541670410506e-08	0.04
to_endothelial	mast	endothelial	CXCL3	ACKR1	CXCL	1	GSE154778	3.77360168451151e-08	0.0
to_endothelial	endothelial	endothelial	SEMA6D	PLXNA1_KDR	SEMA6	1	GSE155698	3.70749848996937e-08	0.0
from_endothelial	endothelial	endothelial	SEMA6D	PLXNA1_KDR	SEMA6	1	GSE155698	3.70749848996937e-08	0.0
from_endothelial	endothelial	myeloid	TGFB3	ACVR1B_TGFbR2	TGFb	1	GSE212966	3.64181674899234e-08	0.0
from_endothelial	endothelial	malignant_epithelial	BMP6	ACVR1_ACVR2B	BMP	1	GSE212966	3.60474362848833e-08	0.0
to_endothelial	fibroblast_CAF	endothelial	CXCL1	ACKR1	CXCL	1	GSE154778	3.53621994899055e-08	0.0
to_endothelial	malignant_epithelial	endothelial	THBS3	CD47	THBS	1	GSE155698	3.5317541825313e-08	0.0
to_endothelial	epithelial	endothelial	COL9A2	CD44	COLLAGEN	1	GSE212966	3.52451813182644e-08	0.0
from_endothelial	endothelial	malignant_epithelial	WNT2B	FZD5_LRP5	WNT	1	GSE155698	3.50532476499899e-08	0.0
to_endothelial	epithelial	endothelial	WNT7A	FZD8_LRP5	WNT	1	GSE155698	3.49534645840143e-08	0.0
from_endothelial	endothelial	epithelial	WNT2B	FZD6_LRP5	WNT	1	GSE155698	3.23266482891161e-08	0.0
from_endothelial	endothelial	malignant_epithelial	ITGA9_ITGB1	VCAM1	VCAM	1	GSE155698	3.16551089679026e-08	0.0
to_endothelial	endothelial	endothelial	RARRES2	CMKLR1	CHEMERIN	1	GSE212966	3.01900426506555e-08	0.0
from_endothelial	endothelial	endothelial	RARRES2	CMKLR1	CHEMERIN	1	GSE212966	3.01900426506555e-08	0.0
from_endothelial	endothelial	fibroblast_CAF	BMP4	BMPR1A_ACVR2A	BMP	1	GSE154778	2.94503120986457e-08	0.0
to_endothelial	endothelial	endothelial	WNT2B	FZD4_LRP6	WNT	1	GSE155698	2.77709063817849e-08	0.0
from_endothelial	endothelial	endothelial	WNT2B	FZD4_LRP6	WNT	1	GSE155698	2.77709063817849e-08	0.0
from_endothelial	endothelial	epithelial	WNT2B	FZD5_LRP6	WNT	1	GSE155698	2.76244004271026e-08	0.0
from_endothelial	endothelial	T_NK	CCL5	CCR4	CCL	1	GSE212966	2.54339705100594e-08	0.0
to_endothelial	fibroblast_CAF	endothelial	LAMA5	SV2B	LAMININ	1	GSE155698	2.3768549723305e-08	0.0
to_endothelial	T_NK	endothelial	CADM1	CADM1	CADM	1	GSE154778	2.24291201993677e-08	0.02
from_endothelial	endothelial	T_NK	CADM1	CADM1	CADM	1	GSE154778	2.24291201993677e-08	0.02
to_endothelial	epithelial	endothelial	COL4A4	ITGA10_ITGB1	COLLAGEN	1	GSE155698	2.1958242717841e-08	0.0
to_endothelial	endothelial	endothelial	TNXB	SDC4	TENASCIN	1	GSE154778	2.1888296364155e-08	0.0
from_endothelial	endothelial	endothelial	TNXB	SDC4	TENASCIN	1	GSE154778	2.1888296364155e-08	0.0
to_endothelial	B_cell	endothelial	CCL13	ACKR1	CCL	1	GSE154778	2.17373387735252e-08	0.0
to_endothelial	malignant_epithelial	endothelial	WNT7A	FZD4_LRP6	WNT	1	GSE155698	2.13341024269305e-08	0.0
to_endothelial	endothelial	endothelial	WNT2B	FZD6_LRP6	WNT	1	GSE155698	2.09747213188295e-08	0.0
from_endothelial	endothelial	endothelial	WNT2B	FZD6_LRP6	WNT	1	GSE155698	2.09747213188295e-08	0.0
from_endothelial	endothelial	malignant_epithelial	WNT2B	FZD6_LRP5	WNT	1	GSE155698	2.00144461252608e-08	0.0
from_endothelial	endothelial	epithelial	WNT2B	FZD6_LRP6	WNT	1	GSE155698	1.97842576382022e-08	0.0
to_endothelial	fibroblast_CAF	endothelial	ANGPTL4	CDH11	ANGPTL	1	GSE212966	1.9194790976715e-08	0.0
from_endothelial	endothelial	epithelial	BMP6	BMPR1A_ACVR2A	BMP	1	GSE212966	1.83379977074325e-08	0.0
to_endothelial	endothelial	endothelial	WNT2B	FZD4_LRP5	WNT	1	GSE155698	1.81876526033473e-08	0.0
from_endothelial	endothelial	endothelial	WNT2B	FZD4_LRP5	WNT	1	GSE155698	1.81876526033473e-08	0.0
to_endothelial	fibroblast_CAF	endothelial	WNT4	FZD4_LRP6	WNT	1	GSE155698	1.79690461615094e-08	0.0
from_endothelial	endothelial	malignant_epithelial	WNT2B	FZD5_LRP6	WNT	1	GSE155698	1.78828584916244e-08	0.0
to_endothelial	fibroblast_CAF	endothelial	SEMA3D	NRP1_PLXNA1	SEMA3	1	GSE212966	1.73706833258193e-08	0.0
to_endothelial	epithelial	endothelial	LAMA4	SV2B	LAMININ	1	GSE155698	1.70435297876023e-08	0.0
from_endothelial	endothelial	epithelial	BMP2	BMPR1A_ACVR2A	BMP	1	GSE212966	1.67719436297545e-08	0.0
to_endothelial	malignant_epithelial	endothelial	TNFSF15	TNFRSF25	VEGI	1	GSE212966	1.6629761913928e-08	0.0
to_endothelial	myeloid	endothelial	SEMA4A	PLXNB1	SEMA4	1	GSE155698	1.65561055564429e-08	0.0
to_endothelial	epithelial	endothelial	NECTIN1	NECTIN3	NECTIN	1	GSE212966	1.61860492416694e-08	0.0
from_endothelial	endothelial	epithelial	NECTIN3	NECTIN1	NECTIN	1	GSE212966	1.61860492416694e-08	0.0
to_endothelial	malignant_epithelial	endothelial	WNT7A	FZD6_LRP6	WNT	1	GSE155698	1.61129594092482e-08	0.0
from_endothelial	endothelial	malignant_epithelial	BMP6	BMPR1A_ACVR2B	BMP	1	GSE212966	1.56325526746534e-08	0.0
from_endothelial	endothelial	malignant_epithelial	BMP2	BMPR1A_ACVR2B	BMP	1	GSE212966	1.42975419299359e-08	0.0
to_endothelial	malignant_epithelial	endothelial	WNT7A	FZD4_LRP5	WNT	1	GSE155698	1.39718407988026e-08	0.0
to_endothelial	malignant_epithelial	endothelial	NECTIN1	NECTIN3	NECTIN	1	GSE212966	1.39603584091626e-08	0.0
from_endothelial	endothelial	malignant_epithelial	NECTIN3	NECTIN1	NECTIN	1	GSE212966	1.39603584091626e-08	0.0
to_endothelial	endothelial	endothelial	WNT2B	FZD6_LRP5	WNT	1	GSE155698	1.37366456843417e-08	0.0
from_endothelial	endothelial	endothelial	WNT2B	FZD6_LRP5	WNT	1	GSE155698	1.37366456843417e-08	0.0
to_endothelial	fibroblast_CAF	endothelial	WNT4	FZD6_LRP6	WNT	1	GSE155698	1.35714973577937e-08	0.0
from_endothelial	endothelial	fibroblast_CAF	TGFB3	ACVR1B_TGFbR2	TGFb	1	GSE212966	1.27279547280066e-08	0.0
from_endothelial	endothelial	mast	TGFB3	ACVR1B_TGFbR2	TGFb	1	GSE212966	1.2227956029927e-08	0.0
to_endothelial	fibroblast_CAF	endothelial	SEMA3D	NRP2_PLXNA1	SEMA3	1	GSE212966	1.21542200399148e-08	0.0
to_endothelial	fibroblast_CAF	endothelial	WNT4	FZD4_LRP5	WNT	1	GSE155698	1.17681127865351e-08	0.0
to_endothelial	B_cell	endothelial	CADM1	CADM1	CADM	1	GSE155698	1.13865743468631e-08	0.0
from_endothelial	endothelial	B_cell	CADM1	CADM1	CADM	1	GSE155698	1.13865743468631e-08	0.0
to_endothelial	malignant_epithelial	endothelial	ANGPTL4	CDH11	ANGPTL	1	GSE212966	1.1289774197377e-08	0.0
to_endothelial	malignant_epithelial	endothelial	WNT7A	FZD6_LRP5	WNT	1	GSE155698	1.05524733494783e-08	0.0
from_endothelial	endothelial	malignant_epithelial	WNT2B	FZD6_LRP6	WNT	1	GSE155698	1.0210594322687e-08	0.0
to_endothelial	malignant_epithelial	endothelial	SEMA3F	NRP2_PLXNA1	SEMA3	1	GSE155698	1.00860250763597e-08	0.0
to_endothelial	fibroblast_CAF	endothelial	EFNA5	EPHA2	EPHA	1	GSE155698	9.193782094739252e-09	0.01
to_endothelial	fibroblast_CAF	endothelial	WNT4	FZD6_LRP5	WNT	1	GSE155698	8.888094012835421e-09	0.0
to_endothelial	epithelial	endothelial	SEMA3F	NRP2_PLXNA1	SEMA3	1	GSE155698	8.15202465558547e-09	0.0
from_endothelial	endothelial	fibroblast_CAF	WNT2B	FZD1_LRP6	WNT	1	GSE155698	7.540044127306991e-09	0.0
to_endothelial	CD8	endothelial	CXCL13	ACKR1	CXCL	1	GSE154778	7.200368311911951e-09	0.0
from_endothelial	endothelial	epithelial	WNT2B	FZD1_LRP5	WNT	1	GSE155698	7.1679190499924204e-09	0.0
to_endothelial	malignant_epithelial	endothelial	LAMB1	SV2B	LAMININ	1	GSE155698	7.102217624634761e-09	0.0
to_endothelial	epithelial	endothelial	ANGPTL4	CDH11	ANGPTL	1	GSE212966	5.76582624635439e-09	0.01
to_endothelial	malignant_epithelial	endothelial	SEMA4C	PLXNB2	SEMA4	1	GSE155698	5.15916795039151e-09	0.04
to_endothelial	B_cell	endothelial	CXCL1	ACKR1	CXCL	1	GSE154778	5.15638107542371e-09	0.0
to_endothelial	malignant_epithelial	endothelial	COL4A4	CD44	COLLAGEN	1	GSE212966	4.889581174200691e-09	0.0
to_endothelial	epithelial	endothelial	CADM1	CADM1	CADM	1	GSE155698	4.7583393199041e-09	0.0
from_endothelial	endothelial	epithelial	CADM1	CADM1	CADM	1	GSE155698	4.7583393199041e-09	0.0
to_endothelial	fibroblast_CAF	endothelial	EFNB2	EPHA4	EPHB	1	GSE155698	4.72640828366745e-09	0.02
from_endothelial	endothelial	epithelial	WNT2B	FZD1_LRP6	WNT	1	GSE155698	4.386829461473941e-09	0.0
to_endothelial	endothelial	endothelial	WNT2B	FZD8_LRP6	WNT	1	GSE155698	4.2881019016816204e-09	0.0
from_endothelial	endothelial	endothelial	WNT2B	FZD8_LRP6	WNT	1	GSE155698	4.2881019016816204e-09	0.0
from_endothelial	endothelial	fibroblast_CAF	WNT2B	FZD7_LRP6	WNT	1	GSE155698	3.8522990892257605e-09	0.0
from_endothelial	endothelial	fibroblast_CAF	WNT2B	FZD1_LRP5	WNT	1	GSE155698	3.80727300515873e-09	0.0
to_endothelial	myeloid	endothelial	CXCL10	ACKR1	CXCL	1	GSE154778	3.4781084146181103e-09	0.0
from_endothelial	endothelial	fibroblast_CAF	WNT2B	FZD6_LRP6	WNT	1	GSE155698	3.42974063557806e-09	0.0
to_endothelial	mast	endothelial	SEMA4A	PLXNB1	SEMA4	1	GSE155698	3.3708527167911603e-09	0.0
to_endothelial	malignant_epithelial	endothelial	WNT7A	FZD8_LRP6	WNT	1	GSE155698	3.2940593901384e-09	0.0
to_endothelial	endothelial	endothelial	SEMA6D	PLXNA1	SEMA6	1	GSE155698	3.1889745042584803e-09	0.0
from_endothelial	endothelial	endothelial	SEMA6D	PLXNA1	SEMA6	1	GSE155698	3.1889745042584803e-09	0.0
to_endothelial	epithelial	endothelial	SEMA4A	NRP1_PLXNA1	SEMA4	1	GSE155698	3.17418770251681e-09	0.02
from_endothelial	endothelial	fibroblast_CAF	LAMA3	SV2A	LAMININ	1	GSE212966	3.17396184327134e-09	0.0
to_endothelial	endothelial	endothelial	WNT2B	FZD8_LRP5	WNT	1	GSE155698	2.8083060884655903e-09	0.0
from_endothelial	endothelial	endothelial	WNT2B	FZD8_LRP5	WNT	1	GSE155698	2.8083060884655903e-09	0.0
to_endothelial	fibroblast_CAF	endothelial	WNT4	FZD8_LRP6	WNT	1	GSE155698	2.7745228755082704e-09	0.0
to_endothelial	malignant_epithelial	endothelial	LAMA4	SV2B	LAMININ	1	GSE155698	2.61330189528926e-09	0.0
from_endothelial	endothelial	fibroblast_CAF	WNT2B	FZD2_LRP6	WNT	1	GSE155698	2.5809958778223e-09	0.0
from_endothelial	endothelial	fibroblast_CAF	WNT2B	FZD4_LRP6	WNT	1	GSE155698	2.44041485513326e-09	0.0
from_endothelial	endothelial	fibroblast_CAF	WNT2B	FZD8_LRP6	WNT	1	GSE155698	2.2977405944644703e-09	0.0
to_endothelial	malignant_epithelial	endothelial	WNT7A	FZD8_LRP5	WNT	1	GSE155698	2.15729548903094e-09	0.0
from_endothelial	endothelial	fibroblast_CAF	WNT2B	FZD7_LRP5	WNT	1	GSE155698	1.9451765165329803e-09	0.0
to_endothelial	endothelial	endothelial	CADM1	CADM1	CADM	1	GSE155698	1.90504840651603e-09	0.02
from_endothelial	endothelial	endothelial	CADM1	CADM1	CADM	1	GSE155698	1.90504840651603e-09	0.02
to_endothelial	fibroblast_CAF	endothelial	WNT4	FZD8_LRP5	WNT	1	GSE155698	1.81705014714424e-09	0.0
from_endothelial	endothelial	fibroblast_CAF	WNT2B	FZD6_LRP5	WNT	1	GSE155698	1.7318097141301802e-09	0.0
to_endothelial	endothelial	endothelial	IGF2	ITGAV_ITGB3	IGF	1	GSE212966	1.7164312350028702e-09	0.0
from_endothelial	endothelial	endothelial	IGF2	ITGAV_ITGB3	IGF	1	GSE212966	1.7164312350028702e-09	0.0
to_endothelial	epithelial	endothelial	CXCL6	ACKR1	CXCL	1	GSE154778	1.5316693730066301e-09	0.0
from_endothelial	endothelial	fibroblast_CAF	WNT2B	FZD2_LRP5	WNT	1	GSE155698	1.3032446396924401e-09	0.0
from_endothelial	endothelial	fibroblast_CAF	WNT2B	FZD4_LRP5	WNT	1	GSE155698	1.2322597240144602e-09	0.0
from_endothelial	endothelial	fibroblast_CAF	WNT2B	FZD8_LRP5	WNT	1	GSE155698	1.16021786390333e-09	0.0
from_endothelial	endothelial	epithelial	IL1B	IL1R2	IL1	1	GSE212966	1.09760080541763e-09	0.0
from_endothelial	endothelial	myeloid	VEGFA	FLT1	VEGF	1	GSE155698	7.31580369313514e-10	0.0
to_endothelial	fibroblast_CAF	endothelial	EFNB2	EPHB1	EPHB	1	GSE155698	9.61236792737798e-11	0.0
