source_table	compound	rank	logit	prob	signature	target	direction	column	broad_id	name	moa	screen_id	n_panc	median_lfc	mean_lfc	fraction_lfc_le_neg05	pdb_id	affinity_best_kcal_mol	affinity_all_modes_kcal_mol	n_modes	exhaustiveness	num_modes_requested	energy_range	cpu	return_code	status	group	affinity_kcal_mol	contact_count	contacts
DrugReflector	BRD-K83694683	0.0	9.44693374633789	0.0558371990919113	EPAS1__COMPOSITE__META	EPAS1	state																							
DrugReflector	BRD-K64857848	1.0	8.364834785461426	0.0189223028719425	EPAS1__COMPOSITE__META	EPAS1	state																							
DrugReflector	BRD-K35169477	2.0	8.359684944152832	0.0188251063227653	EPAS1__COMPOSITE__META	EPAS1	state																							
DrugReflector	BRD-K93577185	3.0	8.047171592712402	0.0137725584208965	EPAS1__COMPOSITE__META	EPAS1	state																							
DrugReflector	BRD-K66814954	4.0	7.816333293914795	0.0109335910528898	EPAS1__COMPOSITE__META	EPAS1	state																							
DrugReflector	BRD-A44090213	5.0	7.763000011444092	0.0103657431900501	EPAS1__COMPOSITE__META	EPAS1	state																							
DrugReflector	BRD-K04877770	6.0	7.756432056427002	0.0102978851646184	EPAS1__COMPOSITE__META	EPAS1	state																							
DrugReflector	BRD-K35329391	7.0	7.67534875869751	0.0094958543777465	EPAS1__COMPOSITE__META	EPAS1	state																							
DrugReflector	BRD-K24821794	8.0	7.6041388511657715	0.0088431695476174	EPAS1__COMPOSITE__META	EPAS1	state																							
DrugReflector	BRD-K52186107	9.0	7.504257202148437	0.0080025782808661	EPAS1__COMPOSITE__META	EPAS1	state																							
DrugReflector	BRD-K65540587	10.0	7.472351551055908	0.0077512804418802	EPAS1__COMPOSITE__META	EPAS1	state																							
DrugReflector	BRD-K77625799	11.0	7.436463832855225	0.007478036917746	EPAS1__COMPOSITE__META	EPAS1	state																							
DrugReflector	BRD-K50387473	12.0	7.379093647003174	0.0070610954426229	EPAS1__COMPOSITE__META	EPAS1	state																							
DrugReflector	BRD-K21389281	13.0	7.334403991699219	0.0067524844780564	EPAS1__COMPOSITE__META	EPAS1	state																							
DrugReflector	BRD-K64755930	14.0	7.328973770141602	0.0067159165628254	EPAS1__COMPOSITE__META	EPAS1	state																							
DrugReflector	BRD-K61001510	15.0	7.254859924316406	0.006236171349883	EPAS1__COMPOSITE__META	EPAS1	state																							
DrugReflector	BRD-K37669227	16.0	7.233652591705322	0.0061053112149238	EPAS1__COMPOSITE__META	EPAS1	state																							
DrugReflector	BRD-K77547509	17.0	7.205583095550537	0.0059363208711147	EPAS1__COMPOSITE__META	EPAS1	state																							
DrugReflector	BRD-K12244279	18.0	7.197021484375	0.0058857132680714	EPAS1__COMPOSITE__META	EPAS1	state																							
DrugReflector	BRD-K84653575	19.0	7.152863025665283	0.0056314645335078	EPAS1__COMPOSITE__META	EPAS1	state																							
DrugReflector	BRD-K45875383	20.0	7.149529933929443	0.0056127253919839	EPAS1__COMPOSITE__META	EPAS1	state																							
DrugReflector	BRD-K89009594	21.0	7.147851467132568	0.0056033125147223	EPAS1__COMPOSITE__META	EPAS1	state																							
DrugReflector	BRD-K19117583	22.0	7.146679401397705	0.0055967490188777	EPAS1__COMPOSITE__META	EPAS1	state																							
DrugReflector	BRD-K42427050	23.0	7.110559463500977	0.0053982022218406	EPAS1__COMPOSITE__META	EPAS1	state																							
DrugReflector	BRD-K63430059	24.0	7.09241247177124	0.005301124881953	EPAS1__COMPOSITE__META	EPAS1	state																							
DrugReflector	BRD-K05804044	25.0	7.067847728729248	0.0051724901422858	EPAS1__COMPOSITE__META	EPAS1	state																							
DrugReflector	BRD-K90281509	26.0	6.994724273681641	0.004807757679373	EPAS1__COMPOSITE__META	EPAS1	state																							
DrugReflector	BRD-A03216249	27.0	6.958000183105469	0.0046343998983502	EPAS1__COMPOSITE__META	EPAS1	state																							
DrugReflector	BRD-K68535470	28.0	6.951667308807373	0.0046051433309912	EPAS1__COMPOSITE__META	EPAS1	state																							
DrugReflector	BRD-K27141178	29.0	6.93444299697876	0.0045265024527907	EPAS1__COMPOSITE__META	EPAS1	state																							
DrugReflector	BRD-K84203638	30.0	6.93096923828125	0.0045108059421181	EPAS1__COMPOSITE__META	EPAS1	state																							
DrugReflector	BRD-K68191783	31.0	6.916787624359131	0.0044472864829003	EPAS1__COMPOSITE__META	EPAS1	state																							
DrugReflector	BRD-K69747917	32.0	6.9096856117248535	0.0044158138334751	EPAS1__COMPOSITE__META	EPAS1	state																							
DrugReflector	BRD-K51831558	33.0	6.894245147705078	0.0043481551110744	EPAS1__COMPOSITE__META	EPAS1	state																							
DrugReflector	BRD-K58299615	34.0	6.875699996948242	0.004268261604011	EPAS1__COMPOSITE__META	EPAS1	state																							
DrugReflector	BRD-K41120089	35.0	6.854280471801758	0.0041778092272579	EPAS1__COMPOSITE__META	EPAS1	state																							
DrugReflector	BRD-K83826027	36.0	6.836671829223633	0.0041048876009881	EPAS1__COMPOSITE__META	EPAS1	state																							
DrugReflector	BRD-K92455082	37.0	6.830464839935303	0.0040794876404106	EPAS1__COMPOSITE__META	EPAS1	state																							
DrugReflector	BRD-K34684441	38.0	6.78048849105835	0.0038806202355772	EPAS1__COMPOSITE__META	EPAS1	state																							
DrugReflector	BRD-K83072125	39.0	6.756341934204102	0.0037880393210798	EPAS1__COMPOSITE__META	EPAS1	state																							
DrugReflector	BRD-K41859756	40.0	6.722288608551025	0.0036612153053283	EPAS1__COMPOSITE__META	EPAS1	state																							
DrugReflector	BRD-K00662280	41.0	6.6946702003479	0.0035614820662885	EPAS1__COMPOSITE__META	EPAS1	state																							
DrugReflector	BRD-K67578145	42.0	6.675648212432861	0.0034943756181746	EPAS1__COMPOSITE__META	EPAS1	state																							
DrugReflector	BRD-K45275534	43.0	6.661043643951416	0.0034437126014381	EPAS1__COMPOSITE__META	EPAS1	state																							
DrugReflector	BRD-K13211965	44.0	6.657407283782959	0.0034312130883336	EPAS1__COMPOSITE__META	EPAS1	state																							
DrugReflector	BRD-K44227013	45.0	6.652982234954834	0.0034160632640123	EPAS1__COMPOSITE__META	EPAS1	state																							
DrugReflector	BRD-K16940042	46.0	6.64135217666626	0.0033765642438083	EPAS1__COMPOSITE__META	EPAS1	state																							
DrugReflector	BRD-K11696279	47.0	6.641164779663086	0.0033759314101189	EPAS1__COMPOSITE__META	EPAS1	state																							
DrugReflector	BRD-K12502280	48.0	6.617750644683838	0.0032978050876408	EPAS1__COMPOSITE__META	EPAS1	state																							
DrugReflector	BRD-K93645900	49.0	6.55926513671875	0.0031104632653295	EPAS1__COMPOSITE__META	EPAS1	state																							
DrugReflector	BRD-K83694683	0.0	9.44693374633789	0.0558371990919113	EPAS1__endothelial__META	EPAS1	state																							
DrugReflector	BRD-K64857848	1.0	8.364834785461426	0.0189223028719425	EPAS1__endothelial__META	EPAS1	state																							
DrugReflector	BRD-K35169477	2.0	8.359684944152832	0.0188251063227653	EPAS1__endothelial__META	EPAS1	state																							
DrugReflector	BRD-K93577185	3.0	8.047171592712402	0.0137725584208965	EPAS1__endothelial__META	EPAS1	state																							
DrugReflector	BRD-K66814954	4.0	7.816333293914795	0.0109335910528898	EPAS1__endothelial__META	EPAS1	state																							
DrugReflector	BRD-A44090213	5.0	7.763000011444092	0.0103657431900501	EPAS1__endothelial__META	EPAS1	state																							
DrugReflector	BRD-K04877770	6.0	7.756432056427002	0.0102978851646184	EPAS1__endothelial__META	EPAS1	state																							
DrugReflector	BRD-K35329391	7.0	7.67534875869751	0.0094958543777465	EPAS1__endothelial__META	EPAS1	state																							
DrugReflector	BRD-K24821794	8.0	7.6041388511657715	0.0088431695476174	EPAS1__endothelial__META	EPAS1	state																							
DrugReflector	BRD-K52186107	9.0	7.504257202148437	0.0080025782808661	EPAS1__endothelial__META	EPAS1	state																							
DrugReflector	BRD-K65540587	10.0	7.472351551055908	0.0077512804418802	EPAS1__endothelial__META	EPAS1	state																							
DrugReflector	BRD-K77625799	11.0	7.436463832855225	0.007478036917746	EPAS1__endothelial__META	EPAS1	state																							
DrugReflector	BRD-K50387473	12.0	7.379093647003174	0.0070610954426229	EPAS1__endothelial__META	EPAS1	state																							
DrugReflector	BRD-K21389281	13.0	7.334403991699219	0.0067524844780564	EPAS1__endothelial__META	EPAS1	state																							
DrugReflector	BRD-K64755930	14.0	7.328973770141602	0.0067159165628254	EPAS1__endothelial__META	EPAS1	state																							
DrugReflector	BRD-K61001510	15.0	7.254859924316406	0.006236171349883	EPAS1__endothelial__META	EPAS1	state																							
DrugReflector	BRD-K37669227	16.0	7.233652591705322	0.0061053112149238	EPAS1__endothelial__META	EPAS1	state																							
DrugReflector	BRD-K77547509	17.0	7.205583095550537	0.0059363208711147	EPAS1__endothelial__META	EPAS1	state																							
DrugReflector	BRD-K12244279	18.0	7.197021484375	0.0058857132680714	EPAS1__endothelial__META	EPAS1	state																							
DrugReflector	BRD-K84653575	19.0	7.152863025665283	0.0056314645335078	EPAS1__endothelial__META	EPAS1	state																							
DrugReflector	BRD-K45875383	20.0	7.149529933929443	0.0056127253919839	EPAS1__endothelial__META	EPAS1	state																							
DrugReflector	BRD-K89009594	21.0	7.147851467132568	0.0056033125147223	EPAS1__endothelial__META	EPAS1	state																							
DrugReflector	BRD-K19117583	22.0	7.146679401397705	0.0055967490188777	EPAS1__endothelial__META	EPAS1	state																							
DrugReflector	BRD-K42427050	23.0	7.110559463500977	0.0053982022218406	EPAS1__endothelial__META	EPAS1	state																							
DrugReflector	BRD-K63430059	24.0	7.09241247177124	0.005301124881953	EPAS1__endothelial__META	EPAS1	state																							
DrugReflector	BRD-K05804044	25.0	7.067847728729248	0.0051724901422858	EPAS1__endothelial__META	EPAS1	state																							
DrugReflector	BRD-K90281509	26.0	6.994724273681641	0.004807757679373	EPAS1__endothelial__META	EPAS1	state																							
DrugReflector	BRD-A03216249	27.0	6.958000183105469	0.0046343998983502	EPAS1__endothelial__META	EPAS1	state																							
DrugReflector	BRD-K68535470	28.0	6.951667308807373	0.0046051433309912	EPAS1__endothelial__META	EPAS1	state																							
DrugReflector	BRD-K27141178	29.0	6.93444299697876	0.0045265024527907	EPAS1__endothelial__META	EPAS1	state																							
DrugReflector	BRD-K84203638	30.0	6.93096923828125	0.0045108059421181	EPAS1__endothelial__META	EPAS1	state																							
DrugReflector	BRD-K68191783	31.0	6.916787624359131	0.0044472864829003	EPAS1__endothelial__META	EPAS1	state																							
DrugReflector	BRD-K69747917	32.0	6.9096856117248535	0.0044158138334751	EPAS1__endothelial__META	EPAS1	state																							
DrugReflector	BRD-K51831558	33.0	6.894245147705078	0.0043481551110744	EPAS1__endothelial__META	EPAS1	state																							
DrugReflector	BRD-K58299615	34.0	6.875699996948242	0.004268261604011	EPAS1__endothelial__META	EPAS1	state																							
DrugReflector	BRD-K41120089	35.0	6.854280471801758	0.0041778092272579	EPAS1__endothelial__META	EPAS1	state																							
DrugReflector	BRD-K83826027	36.0	6.836671829223633	0.0041048876009881	EPAS1__endothelial__META	EPAS1	state																							
DrugReflector	BRD-K92455082	37.0	6.830464839935303	0.0040794876404106	EPAS1__endothelial__META	EPAS1	state																							
DrugReflector	BRD-K34684441	38.0	6.78048849105835	0.0038806202355772	EPAS1__endothelial__META	EPAS1	state																							
DrugReflector	BRD-K83072125	39.0	6.756341934204102	0.0037880393210798	EPAS1__endothelial__META	EPAS1	state																							
DrugReflector	BRD-K41859756	40.0	6.722288608551025	0.0036612153053283	EPAS1__endothelial__META	EPAS1	state																							
DrugReflector	BRD-K00662280	41.0	6.6946702003479	0.0035614820662885	EPAS1__endothelial__META	EPAS1	state																							
DrugReflector	BRD-K67578145	42.0	6.675648212432861	0.0034943756181746	EPAS1__endothelial__META	EPAS1	state																							
DrugReflector	BRD-K45275534	43.0	6.661043643951416	0.0034437126014381	EPAS1__endothelial__META	EPAS1	state																							
DrugReflector	BRD-K13211965	44.0	6.657407283782959	0.0034312130883336	EPAS1__endothelial__META	EPAS1	state																							
DrugReflector	BRD-K44227013	45.0	6.652982234954834	0.0034160632640123	EPAS1__endothelial__META	EPAS1	state																							
DrugReflector	BRD-K16940042	46.0	6.64135217666626	0.0033765642438083	EPAS1__endothelial__META	EPAS1	state																							
DrugReflector	BRD-K11696279	47.0	6.641164779663086	0.0033759314101189	EPAS1__endothelial__META	EPAS1	state																							
DrugReflector	BRD-K12502280	48.0	6.617750644683838	0.0032978050876408	EPAS1__endothelial__META	EPAS1	state																							
DrugReflector	BRD-K93645900	49.0	6.55926513671875	0.0031104632653295	EPAS1__endothelial__META	EPAS1	state																							
DrugReflector	BRD-K10482608	0.0	11.965428352355955	0.1513521075248718	HERPUD1__COMPOSITE__META	HERPUD1	state																							
DrugReflector	BRD-K93672499	1.0	11.09009075164795	0.0630716457962989	HERPUD1__COMPOSITE__META	HERPUD1	state																							
DrugReflector	BRD-K92455082	2.0	11.02901840209961	0.0593349747359752	HERPUD1__COMPOSITE__META	HERPUD1	state																							
DrugReflector	BRD-K07064094	3.0	10.93096923828125	0.0537933483719825	HERPUD1__COMPOSITE__META	HERPUD1	state																							
DrugReflector	BRD-K62102996	4.0	10.896984100341797	0.0519958920776844	HERPUD1__COMPOSITE__META	HERPUD1	state																							
DrugReflector	BRD-K66866904	5.0	10.282134056091309	0.0281153209507465	HERPUD1__COMPOSITE__META	HERPUD1	state																							
DrugReflector	BRD-K97481123	6.0	10.10250186920166	0.0234925281256437	HERPUD1__COMPOSITE__META	HERPUD1	state																							
DrugReflector	BRD-K79260832	7.0	10.095504760742188	0.0233287252485752	HERPUD1__COMPOSITE__META	HERPUD1	state																							
DrugReflector	BRD-K19642661	8.0	10.040265083312988	0.0220749992877244	HERPUD1__COMPOSITE__META	HERPUD1	state																							
DrugReflector	BRD-K00188019	9.0	9.857279777526855	0.0183836258947849	HERPUD1__COMPOSITE__META	HERPUD1	state																							
DrugReflector	BRD-K97671879	10.0	9.70089054107666	0.015722157433629	HERPUD1__COMPOSITE__META	HERPUD1	state																							
DrugReflector	BRD-K65540587	11.0	9.687702178955078	0.0155161703005433	HERPUD1__COMPOSITE__META	HERPUD1	state																							
DrugReflector	BRD-K11483659	12.0	9.30084228515625	0.0105383703485131	HERPUD1__COMPOSITE__META	HERPUD1	state																							
DrugReflector	BRD-K73674426	13.0	9.291029930114746	0.010435470379889	HERPUD1__COMPOSITE__META	HERPUD1	state																							
DrugReflector	BRD-K89344180	14.0	9.23959255218506	0.0099122682586312	HERPUD1__COMPOSITE__META	HERPUD1	state																							
DrugReflector	BRD-K97233756	15.0	9.21929168701172	0.0097130686044693	HERPUD1__COMPOSITE__META	HERPUD1	state																							
DrugReflector	BRD-K91850687	16.0	9.096638679504396	0.0085918940603733	HERPUD1__COMPOSITE__META	HERPUD1	state																							
DrugReflector	BRD-K72516992	17.0	9.03627109527588	0.0080885682255029	HERPUD1__COMPOSITE__META	HERPUD1	state																							
DrugReflector	BRD-K59248078	18.0	9.003314971923828	0.0078263441100716	HERPUD1__COMPOSITE__META	HERPUD1	state																							
DrugReflector	BRD-K93577185	19.0	8.956546783447266	0.0074687479063868	HERPUD1__COMPOSITE__META	HERPUD1	state																							
DrugReflector	BRD-K18415753	20.0	8.92862606048584	0.0072630997747182	HERPUD1__COMPOSITE__META	HERPUD1	state																							
DrugReflector	BRD-K79326278	21.0	8.924214363098145	0.0072311270050704	HERPUD1__COMPOSITE__META	HERPUD1	state																							
DrugReflector	BRD-K15790516	22.0	8.89574909210205	0.0070281932130455	HERPUD1__COMPOSITE__META	HERPUD1	state																							
DrugReflector	BRD-K79797751	23.0	8.81860065460205	0.006506367586553	HERPUD1__COMPOSITE__META	HERPUD1	state																							
DrugReflector	BRD-K11989708	24.0	8.77136516571045	0.0062061813659965	HERPUD1__COMPOSITE__META	HERPUD1	state																							
DrugReflector	BRD-K76859558	25.0	8.757229804992676	0.0061190715059638	HERPUD1__COMPOSITE__META	HERPUD1	state																							
DrugReflector	BRD-K81461172	26.0	8.658592224121094	0.0055443136952817	HERPUD1__COMPOSITE__META	HERPUD1	state																							
DrugReflector	BRD-K16930636	27.0	8.618199348449707	0.0053248256444931	HERPUD1__COMPOSITE__META	HERPUD1	state																							
DrugReflector	BRD-K80092909	28.0	8.578941345214844	0.0051198336295783	HERPUD1__COMPOSITE__META	HERPUD1	state																							
DrugReflector	BRD-K73297432	29.0	8.49679946899414	0.0047160894609987	HERPUD1__COMPOSITE__META	HERPUD1	state																							
DrugReflector	BRD-K47394228	30.0	8.43856143951416	0.0044492790475487	HERPUD1__COMPOSITE__META	HERPUD1	state																							
DrugReflector	BRD-K90256762	31.0	8.39189624786377	0.0042464225552976	HERPUD1__COMPOSITE__META	HERPUD1	state																							
DrugReflector	BRD-K79732306	32.0	8.363617897033691	0.0041280230507254	HERPUD1__COMPOSITE__META	HERPUD1	state																							
DrugReflector	BRD-K03707297	33.0	8.35738468170166	0.0041023716330528	HERPUD1__COMPOSITE__META	HERPUD1	state																							
DrugReflector	BRD-K57589644	34.0	8.31198501586914	0.0039202901534736	HERPUD1__COMPOSITE__META	HERPUD1	state																							
DrugReflector	BRD-K72913684	35.0	8.29644775390625	0.0038598498795181	HERPUD1__COMPOSITE__META	HERPUD1	state																							
DrugReflector	BRD-K90816807	36.0	8.189538955688477	0.0034684906713664	HERPUD1__COMPOSITE__META	HERPUD1	state																							
DrugReflector	BRD-K70115829	37.0	8.17801570892334	0.0034287518355995	HERPUD1__COMPOSITE__META	HERPUD1	state																							
DrugReflector	BRD-K83448671	38.0	8.177441596984863	0.0034267837181687	HERPUD1__COMPOSITE__META	HERPUD1	state																							
DrugReflector	BRD-K31042955	39.0	8.149251937866211	0.0033315329346805	HERPUD1__COMPOSITE__META	HERPUD1	state																							
DrugReflector	BRD-K28649955	40.0	8.142132759094238	0.0033078992273658	HERPUD1__COMPOSITE__META	HERPUD1	state																							
DrugReflector	BRD-K73434976	41.0	8.13089656829834	0.0032709392253309	HERPUD1__COMPOSITE__META	HERPUD1	state																							
DrugReflector	BRD-K71935941	42.0	8.128183364868164	0.0032620767597109	HERPUD1__COMPOSITE__META	HERPUD1	state																							
DrugReflector	BRD-K17565092	43.0	8.109450340270996	0.0032015368342399	HERPUD1__COMPOSITE__META	HERPUD1	state																							
DrugReflector	BRD-K47936004	44.0	8.085389137268066	0.0031254233326762	HERPUD1__COMPOSITE__META	HERPUD1	state																							
DrugReflector	BRD-K28945051	45.0	8.068795204162598	0.0030739880166947	HERPUD1__COMPOSITE__META	HERPUD1	state																							
DrugReflector	BRD-K12402761	46.0	8.057015419006348	0.0030379898380488	HERPUD1__COMPOSITE__META	HERPUD1	state																							
DrugReflector	BRD-K73388067	47.0	7.995400905609131	0.0028564552776515	HERPUD1__COMPOSITE__META	HERPUD1	state																							
DrugReflector	BRD-K47611269	48.0	7.9949774742126465	0.0028552459552884	HERPUD1__COMPOSITE__META	HERPUD1	state																							
DrugReflector	BRD-K08041211	49.0	7.99425458908081	0.0028531828429549	HERPUD1__COMPOSITE__META	HERPUD1	state																							
DrugReflector	BRD-K10482608	0.0	10.507827758789062	0.0903865024447441	HERPUD1__endothelial__META	HERPUD1	state																							
DrugReflector	BRD-K92455082	1.0	10.308835983276367	0.0740768611431121	HERPUD1__endothelial__META	HERPUD1	state																							
DrugReflector	BRD-K07064094	2.0	10.232542991638184	0.0686355233192443	HERPUD1__endothelial__META	HERPUD1	state																							
DrugReflector	BRD-K62102996	3.0	9.594202995300291	0.0362511165440082	HERPUD1__endothelial__META	HERPUD1	state																							
DrugReflector	BRD-K19642661	4.0	8.927644729614258	0.0186139624565839	HERPUD1__endothelial__META	HERPUD1	state																							
DrugReflector	BRD-K93672499	5.0	8.885235786437988	0.0178410671651363	HERPUD1__endothelial__META	HERPUD1	state																							
DrugReflector	BRD-K76859558	6.0	8.826451301574707	0.0168225187808275	HERPUD1__endothelial__META	HERPUD1	state																							
DrugReflector	BRD-K21389281	7.0	8.821955680847168	0.0167470630258321	HERPUD1__endothelial__META	HERPUD1	state																							
DrugReflector	BRD-K72516992	8.0	8.637748718261719	0.0139295971021056	HERPUD1__endothelial__META	HERPUD1	state																							
DrugReflector	BRD-K66866904	9.0	8.635921478271484	0.0139041682705283	HERPUD1__endothelial__META	HERPUD1	state																							
DrugReflector	BRD-K91850687	10.0	8.559653282165527	0.0128831528127193	HERPUD1__endothelial__META	HERPUD1	state																							
DrugReflector	BRD-K57589644	11.0	8.53452205657959	0.0125634185969829	HERPUD1__endothelial__META	HERPUD1	state																							
DrugReflector	BRD-K97481123	12.0	8.517284393310547	0.0123487105593085	HERPUD1__endothelial__META	HERPUD1	state																							
DrugReflector	BRD-K70115829	13.0	8.49400806427002	0.012064597569406	HERPUD1__endothelial__META	HERPUD1	state																							
DrugReflector	BRD-K73297432	14.0	8.424148559570312	0.0112505350261926	HERPUD1__endothelial__META	HERPUD1	state																							
DrugReflector	BRD-K79260832	15.0	8.38064956665039	0.0107716405764222	HERPUD1__endothelial__META	HERPUD1	state																							
DrugReflector	BRD-K79326278	16.0	8.373218536376953	0.010691893287003	HERPUD1__endothelial__META	HERPUD1	state																							
DrugReflector	BRD-K21421563	17.0	8.348652839660645	0.010432437993586	HERPUD1__endothelial__META	HERPUD1	state																							
DrugReflector	BRD-K28945051	18.0	8.241477012634277	0.0093721654266119	HERPUD1__endothelial__META	HERPUD1	state																							
DrugReflector	BRD-K97671879	19.0	8.237406730651855	0.0093340948224067	HERPUD1__endothelial__META	HERPUD1	state																							
DrugReflector	BRD-K18415753	20.0	8.042060852050781	0.00767776183784	HERPUD1__endothelial__META	HERPUD1	state																							
DrugReflector	BRD-K11483659	21.0	7.99364709854126	0.0073149073868989	HERPUD1__endothelial__META	HERPUD1	state																							
DrugReflector	BRD-K35169477	22.0	7.982930660247803	0.0072369361296296	HERPUD1__endothelial__META	HERPUD1	state																							
DrugReflector	BRD-K65540587	23.0	7.896082401275635	0.0066349394619464	HERPUD1__endothelial__META	HERPUD1	state																							
DrugReflector	BRD-K31042955	24.0	7.775489807128906	0.0058811772614717	HERPUD1__endothelial__META	HERPUD1	state																							
DrugReflector	BRD-K38571337	25.0	7.720357418060303	0.0055657108314335	HERPUD1__endothelial__META	HERPUD1	state																							
DrugReflector	BRD-K16930636	26.0	7.594647884368896	0.0049082380719482	HERPUD1__endothelial__META	HERPUD1	state																							
DrugReflector	BRD-K28649955	27.0	7.572169780731201	0.0047991410829126	HERPUD1__endothelial__META	HERPUD1	state																							
DrugReflector	BRD-K30371494	28.0	7.550671100616455	0.0046970671974122	HERPUD1__endothelial__META	HERPUD1	state																							
DrugReflector	BRD-K84653575	29.0	7.526676177978516	0.0045857024379074	HERPUD1__endothelial__META	HERPUD1	state																							
DrugReflector	BRD-K38373457	30.0	7.524916172027588	0.0045776390470564	HERPUD1__endothelial__META	HERPUD1	state																							
DrugReflector	BRD-K93577185	31.0	7.518444061279297	0.0045481072738766	HERPUD1__endothelial__META	HERPUD1	state																							
DrugReflector	BRD-K43609604	32.0	7.436763286590576	0.0041913818567991	HERPUD1__endothelial__META	HERPUD1	state																							
DrugReflector	BRD-K66185150	33.0	7.430674076080322	0.004165937192738	HERPUD1__endothelial__META	HERPUD1	state																							
DrugReflector	BRD-K47394228	34.0	7.289512634277344	0.003617487847805	HERPUD1__endothelial__META	HERPUD1	state																							
DrugReflector	BRD-K73674426	35.0	7.25642204284668	0.0034997418988496	HERPUD1__endothelial__META	HERPUD1	state																							
DrugReflector	BRD-K52856667	36.0	7.241488933563232	0.0034478683955967	HERPUD1__endothelial__META	HERPUD1	state																							
DrugReflector	BRD-K90256762	37.0	7.221898555755615	0.0033809805754572	HERPUD1__endothelial__META	HERPUD1	state																							
DrugReflector	BRD-K07063907	38.0	7.175421237945557	0.0032274373807013	HERPUD1__endothelial__META	HERPUD1	state																							
DrugReflector	BRD-K75669394	39.0	7.153438568115234	0.0031572636216878	HERPUD1__endothelial__META	HERPUD1	state																							
DrugReflector	BRD-K93445052	40.0	7.07465124130249	0.0029180587735027	HERPUD1__endothelial__META	HERPUD1	state																							
DrugReflector	BRD-A03216249	41.0	7.065158843994141	0.0028904899954795	HERPUD1__endothelial__META	HERPUD1	state																							
DrugReflector	BRD-K12402761	42.0	7.043477535247803	0.0028284948784857	HERPUD1__endothelial__META	HERPUD1	state																							
DrugReflector	BRD-K83873778	43.0	7.042076587677002	0.0028245351277291	HERPUD1__endothelial__META	HERPUD1	state																							
DrugReflector	BRD-K88616704	44.0	7.040599822998047	0.0028203669935464	HERPUD1__endothelial__META	HERPUD1	state																							
DrugReflector	BRD-K15790516	45.0	7.017712116241455	0.0027565483469516	HERPUD1__endothelial__META	HERPUD1	state																							
DrugReflector	BRD-K73275626	46.0	7.017368793487549	0.0027556018903851	HERPUD1__endothelial__META	HERPUD1	state																							
DrugReflector	BRD-K81461172	47.0	6.977073192596436	0.0026467710267752	HERPUD1__endothelial__META	HERPUD1	state																							
DrugReflector	BRD-K80092909	48.0	6.941946506500244	0.0025554127059876	HERPUD1__endothelial__META	HERPUD1	state																							
DrugReflector	BRD-K25997353	49.0	6.940667629241943	0.0025521465577185	HERPUD1__endothelial__META	HERPUD1	state																							
DrugReflector	BRD-K93672499	0.0	8.920007705688477	0.0573332905769348	HERPUD1__myeloid__META	HERPUD1	state																							
DrugReflector	BRD-K10482608	1.0	7.8389129638671875	0.0194488260895013	HERPUD1__myeloid__META	HERPUD1	state																							
DrugReflector	BRD-K79260832	2.0	7.6740403175354	0.0164926387369632	HERPUD1__myeloid__META	HERPUD1	state																							
DrugReflector	BRD-K62102996	3.0	7.628156185150146	0.0157529860734939	HERPUD1__myeloid__META	HERPUD1	state																							
DrugReflector	BRD-K97233756	4.0	7.211349964141846	0.0103835593909025	HERPUD1__myeloid__META	HERPUD1	state																							
DrugReflector	BRD-K21001652	5.0	7.182841777801514	0.0100917220115661	HERPUD1__myeloid__META	HERPUD1	state																							
DrugReflector	BRD-K59248078	6.0	7.089988231658936	0.0091968588531017	HERPUD1__myeloid__META	HERPUD1	state																							
DrugReflector	BRD-K45875383	7.0	7.068447113037109	0.0090008666738867	HERPUD1__myeloid__META	HERPUD1	state																							
DrugReflector	BRD-K97671879	8.0	7.056720733642578	0.0088959345594048	HERPUD1__myeloid__META	HERPUD1	state																							
DrugReflector	BRD-K67578145	9.0	6.96425199508667	0.0081102261319756	HERPUD1__myeloid__META	HERPUD1	state																							
DrugReflector	BRD-K10008415	10.0	6.941426753997803	0.0079272044822573	HERPUD1__myeloid__META	HERPUD1	state																							
DrugReflector	BRD-K07064094	11.0	6.910327911376953	0.0076844724826514	HERPUD1__myeloid__META	HERPUD1	state																							
DrugReflector	BRD-K82767007	12.0	6.8927321434021	0.0075504393316805	HERPUD1__myeloid__META	HERPUD1	state																							
DrugReflector	BRD-K97481123	13.0	6.866448879241943	0.0073545752093195	HERPUD1__myeloid__META	HERPUD1	state																							
DrugReflector	BRD-K66866904	14.0	6.675514221191406	0.0060762511566281	HERPUD1__myeloid__META	HERPUD1	state																							
DrugReflector	BRD-K05967016	15.0	6.613563537597656	0.0057112462818622	HERPUD1__myeloid__META	HERPUD1	state																							
DrugReflector	BRD-K16803204	16.0	6.607005596160889	0.00567391468212	HERPUD1__myeloid__META	HERPUD1	state																							
DrugReflector	BRD-K12117859	17.0	6.578973293304443	0.0055170701816678	HERPUD1__myeloid__META	HERPUD1	state																							
DrugReflector	BRD-K64990520	18.0	6.564968109130859	0.0054403417743742	HERPUD1__myeloid__META	HERPUD1	state																							
DrugReflector	BRD-K07857022	19.0	6.545124053955078	0.0053334473632276	HERPUD1__myeloid__META	HERPUD1	state																							
DrugReflector	BRD-K76859558	20.0	6.530649662017822	0.0052568046376109	HERPUD1__myeloid__META	HERPUD1	state																							
DrugReflector	BRD-K16508793	21.0	6.508470058441162	0.0051414943300187	HERPUD1__myeloid__META	HERPUD1	state																							
DrugReflector	BRD-K77625799	22.0	6.4931488037109375	0.0050633209757506	HERPUD1__myeloid__META	HERPUD1	state																							
DrugReflector	BRD-K65540587	23.0	6.449288845062256	0.0048460434190928	HERPUD1__myeloid__META	HERPUD1	state																							
DrugReflector	BRD-K93577185	24.0	6.438116550445557	0.0047922036610543	HERPUD1__myeloid__META	HERPUD1	state																							
DrugReflector	BRD-K92041145	25.0	6.422906875610352	0.0047198669053614	HERPUD1__myeloid__META	HERPUD1	state																							
DrugReflector	BRD-K72913684	26.0	6.413968563079834	0.0046778675168752	HERPUD1__myeloid__META	HERPUD1	state																							
DrugReflector	BRD-K92455082	27.0	6.271219730377197	0.0040555791929364	HERPUD1__myeloid__META	HERPUD1	state																							
DrugReflector	BRD-K20745393	28.0	6.203283786773682	0.0037892097607254	HERPUD1__myeloid__META	HERPUD1	state																							
DrugReflector	BRD-K00188019	29.0	6.179675579071045	0.0037008009385317	HERPUD1__myeloid__META	HERPUD1	state																							
DrugReflector	BRD-K91850687	30.0	6.163537979125977	0.0036415581125766	HERPUD1__myeloid__META	HERPUD1	state																							
DrugReflector	BRD-K83694683	31.0	6.149023056030273	0.0035890829749405	HERPUD1__myeloid__META	HERPUD1	state																							
DrugReflector	BRD-K69747917	32.0	6.128514766693115	0.0035162267740815	HERPUD1__myeloid__META	HERPUD1	state																							
DrugReflector	BRD-K47936004	33.0	6.117366790771484	0.0034772455692291	HERPUD1__myeloid__META	HERPUD1	state																							
DrugReflector	BRD-K81461172	34.0	6.115931987762451	0.0034722601994872	HERPUD1__myeloid__META	HERPUD1	state																							
DrugReflector	BRD-K65170927	35.0	6.113216400146484	0.0034628433641046	HERPUD1__myeloid__META	HERPUD1	state																							
DrugReflector	BRD-K93645900	36.0	6.087259769439697	0.0033741164952516	HERPUD1__myeloid__META	HERPUD1	state																							
DrugReflector	BRD-K71935941	37.0	6.065032958984375	0.003299948060885	HERPUD1__myeloid__META	HERPUD1	state																							
DrugReflector	BRD-K03641750	38.0	6.032510280609131	0.0031943512149155	HERPUD1__myeloid__META	HERPUD1	state																							
DrugReflector	BRD-A03216249	39.0	6.024688243865967	0.0031694625504314	HERPUD1__myeloid__META	HERPUD1	state																							
DrugReflector	BRD-K09132007	40.0	6.000071048736572	0.0030923914164304	HERPUD1__myeloid__META	HERPUD1	state																							
DrugReflector	BRD-K11989708	41.0	5.992697238922119	0.0030696727335453	HERPUD1__myeloid__META	HERPUD1	state																							
DrugReflector	BRD-K28282432	42.0	5.985957622528076	0.0030490541830658	HERPUD1__myeloid__META	HERPUD1	state																							
DrugReflector	BRD-K23961390	43.0	5.982921123504639	0.0030398096423596	HERPUD1__myeloid__META	HERPUD1	state																							
DrugReflector	BRD-K04972057	44.0	5.955012798309326	0.0029561463743448	HERPUD1__myeloid__META	HERPUD1	state																							
DrugReflector	BRD-K13926615	45.0	5.933687686920166	0.002893773606047	HERPUD1__myeloid__META	HERPUD1	state																							
DrugReflector	BRD-K77786391	46.0	5.915977478027344	0.0028429755475372	HERPUD1__myeloid__META	HERPUD1	state																							
DrugReflector	BRD-A49622760	47.0	5.915517807006836	0.002841668901965	HERPUD1__myeloid__META	HERPUD1	state																							
DrugReflector	BRD-A22684332	48.0	5.911570072174072	0.0028304730076342	HERPUD1__myeloid__META	HERPUD1	state																							
DrugReflector	BRD-K36048022	49.0	5.894140720367432	0.0027815671637654	HERPUD1__myeloid__META	HERPUD1	state																							
DrugReflector	BRD-K10482608	0.0	12.781542778015137	0.130140796303749	MARCKS__COMPOSITE__META	MARCKS	state																							
DrugReflector	BRD-K65540587	1.0	12.529593467712402	0.1011563837528228	MARCKS__COMPOSITE__META	MARCKS	state																							
DrugReflector	BRD-K62102996	2.0	12.387458801269531	0.0877536088228225	MARCKS__COMPOSITE__META	MARCKS	state																							
DrugReflector	BRD-K07064094	3.0	11.919672966003418	0.0549677796661853	MARCKS__COMPOSITE__META	MARCKS	state																							
DrugReflector	BRD-K66866904	4.0	11.620620727539062	0.0407597459852695	MARCKS__COMPOSITE__META	MARCKS	state																							
DrugReflector	BRD-K92455082	5.0	11.587307929992676	0.039424292743206	MARCKS__COMPOSITE__META	MARCKS	state																							
DrugReflector	BRD-K93672499	6.0	11.438117027282717	0.0339602641761302	MARCKS__COMPOSITE__META	MARCKS	state																							
DrugReflector	BRD-K19642661	7.0	11.31009578704834	0.0298794191330671	MARCKS__COMPOSITE__META	MARCKS	state																							
DrugReflector	BRD-K71935941	8.0	10.867491722106934	0.0191933903843164	MARCKS__COMPOSITE__META	MARCKS	state																							
DrugReflector	BRD-K97481123	9.0	10.73877239227295	0.0168752260506153	MARCKS__COMPOSITE__META	MARCKS	state																							
DrugReflector	BRD-K79260832	10.0	10.683154106140137	0.0159622766077518	MARCKS__COMPOSITE__META	MARCKS	state																							
DrugReflector	BRD-K97671879	11.0	10.632845878601074	0.0151791088283061	MARCKS__COMPOSITE__META	MARCKS	state																							
DrugReflector	BRD-K76859558	12.0	10.30726432800293	0.0109609449282288	MARCKS__COMPOSITE__META	MARCKS	state																							
DrugReflector	BRD-K61158263	13.0	10.221688270568848	0.010061964392662	MARCKS__COMPOSITE__META	MARCKS	state																							
DrugReflector	BRD-K53315742	14.0	10.219278335571287	0.0100377462804317	MARCKS__COMPOSITE__META	MARCKS	state																							
DrugReflector	BRD-K28649955	15.0	10.154293060302734	0.0094061829149723	MARCKS__COMPOSITE__META	MARCKS	state																							
DrugReflector	BRD-K11483659	16.0	10.116278648376465	0.0090553248301148	MARCKS__COMPOSITE__META	MARCKS	state																							
DrugReflector	BRD-K72516992	17.0	10.088444709777832	0.0088067539036273	MARCKS__COMPOSITE__META	MARCKS	state																							
DrugReflector	BRD-K08041211	18.0	9.932662963867188	0.0075363437645137	MARCKS__COMPOSITE__META	MARCKS	state																							
DrugReflector	BRD-K93577185	19.0	9.868544578552246	0.0070682908408343	MARCKS__COMPOSITE__META	MARCKS	state																							
DrugReflector	BRD-K03707297	20.0	9.78525447845459	0.0065034232102334	MARCKS__COMPOSITE__META	MARCKS	state																							
DrugReflector	BRD-K90816807	21.0	9.737544059753418	0.0062004276551306	MARCKS__COMPOSITE__META	MARCKS	state																							
DrugReflector	BRD-K89344180	22.0	9.729634284973145	0.0061515769921243	MARCKS__COMPOSITE__META	MARCKS	state																							
DrugReflector	BRD-K36048022	23.0	9.64345645904541	0.0056436476297676	MARCKS__COMPOSITE__META	MARCKS	state																							
DrugReflector	BRD-K57589644	24.0	9.5910062789917	0.0053552663885056	MARCKS__COMPOSITE__META	MARCKS	state																							
DrugReflector	BRD-K18415753	25.0	9.562784194946287	0.0052062422037124	MARCKS__COMPOSITE__META	MARCKS	state																							
DrugReflector	BRD-K79732306	26.0	9.553345680236816	0.0051573337987065	MARCKS__COMPOSITE__META	MARCKS	state																							
DrugReflector	BRD-K91850687	27.0	9.524222373962402	0.0050093014724552	MARCKS__COMPOSITE__META	MARCKS	state																							
DrugReflector	BRD-K30371494	28.0	9.522045135498049	0.0049984073266386	MARCKS__COMPOSITE__META	MARCKS	state																							
DrugReflector	BRD-K25997353	29.0	9.415261268615724	0.0044921683147549	MARCKS__COMPOSITE__META	MARCKS	state																							
DrugReflector	BRD-K35169477	30.0	9.398747444152832	0.0044185942970216	MARCKS__COMPOSITE__META	MARCKS	state																							
DrugReflector	BRD-K69747917	31.0	9.384867668151855	0.0043576890602707	MARCKS__COMPOSITE__META	MARCKS	state																							
DrugReflector	BRD-K73388067	32.0	9.311908721923828	0.004051077645272	MARCKS__COMPOSITE__META	MARCKS	state																							
DrugReflector	BRD-K00643888	33.0	9.206896781921388	0.0036472408100962	MARCKS__COMPOSITE__META	MARCKS	state																							
DrugReflector	BRD-K07060092	34.0	9.168651580810549	0.0035103852860629	MARCKS__COMPOSITE__META	MARCKS	state																							
DrugReflector	BRD-K47394228	35.0	9.093883514404297	0.0032574920915067	MARCKS__COMPOSITE__META	MARCKS	state																							
DrugReflector	BRD-K73297432	36.0	9.09137725830078	0.0032493383623659	MARCKS__COMPOSITE__META	MARCKS	state																							
DrugReflector	BRD-K01739339	37.0	9.075601577758787	0.0031984800007194	MARCKS__COMPOSITE__META	MARCKS	state																							
DrugReflector	BRD-K84653575	38.0	9.063179969787598	0.0031589954160153	MARCKS__COMPOSITE__META	MARCKS	state																							
DrugReflector	BRD-K57204377	39.0	9.055930137634276	0.0031361761502921	MARCKS__COMPOSITE__META	MARCKS	state																							
DrugReflector	BRD-K07063907	40.0	8.926680564880371	0.0027559297159314	MARCKS__COMPOSITE__META	MARCKS	state																							
DrugReflector	BRD-K12117859	41.0	8.878621101379395	0.0026266132481396	MARCKS__COMPOSITE__META	MARCKS	state																							
DrugReflector	BRD-K43966364	42.0	8.873259544372559	0.0026125682052224	MARCKS__COMPOSITE__META	MARCKS	state																							
DrugReflector	BRD-K40064462	43.0	8.865372657775879	0.0025920441839843	MARCKS__COMPOSITE__META	MARCKS	state																							
DrugReflector	BRD-K00185670	44.0	8.820479393005371	0.0024782521650195	MARCKS__COMPOSITE__META	MARCKS	state																							
DrugReflector	BRD-K31042955	45.0	8.796208381652832	0.002418826567009	MARCKS__COMPOSITE__META	MARCKS	state																							
DrugReflector	BRD-K16803204	46.0	8.750456809997559	0.0023106548469513	MARCKS__COMPOSITE__META	MARCKS	state																							
DrugReflector	BRD-K23961390	47.0	8.672086715698242	0.0021364828571677	MARCKS__COMPOSITE__META	MARCKS	state																							
DrugReflector	BRD-K70115829	48.0	8.645440101623535	0.0020803045481443	MARCKS__COMPOSITE__META	MARCKS	state																							
DrugReflector	BRD-K81461172	49.0	8.61471939086914	0.0020173676311969	MARCKS__COMPOSITE__META	MARCKS	state																							
DrugReflector	BRD-K07064094	0.0	9.741430282592772	0.0363924577832222	MARCKS__endothelial__META	MARCKS	state																							
DrugReflector	BRD-K35169477	1.0	9.3270902633667	0.0240472722798585	MARCKS__endothelial__META	MARCKS	state																							
DrugReflector	BRD-K10482608	2.0	9.283604621887209	0.023023972287774	MARCKS__endothelial__META	MARCKS	state																							
DrugReflector	BRD-K19642661	3.0	8.949904441833496	0.0164913460612297	MARCKS__endothelial__META	MARCKS	state																							
DrugReflector	BRD-K65540587	4.0	8.886917114257812	0.0154846375808119	MARCKS__endothelial__META	MARCKS	state																							
DrugReflector	BRD-A03216249	5.0	8.823436737060547	0.0145322177559137	MARCKS__endothelial__META	MARCKS	state																							
DrugReflector	BRD-K43966364	6.0	8.809529304504395	0.0143315084278583	MARCKS__endothelial__META	MARCKS	state																							
DrugReflector	BRD-K81700534	7.0	8.693462371826172	0.0127609996125102	MARCKS__endothelial__META	MARCKS	state																							
DrugReflector	BRD-K16803204	8.0	8.625076293945312	0.011917496100068	MARCKS__endothelial__META	MARCKS	state																							
DrugReflector	BRD-K21906513	9.0	8.527092933654785	0.0108051653951406	MARCKS__endothelial__META	MARCKS	state																							
DrugReflector	BRD-A07395371	10.0	8.517024993896484	0.0106969242915511	MARCKS__endothelial__META	MARCKS	state																							
DrugReflector	BRD-K92455082	11.0	8.490607261657715	0.0104180369526147	MARCKS__endothelial__META	MARCKS	state																							
DrugReflector	BRD-K28649955	12.0	8.428287506103516	0.0097886035218834	MARCKS__endothelial__META	MARCKS	state																							
DrugReflector	BRD-K40064462	13.0	8.399947166442871	0.0095150843262672	MARCKS__endothelial__META	MARCKS	state																							
DrugReflector	BRD-K62102996	14.0	8.395474433898926	0.0094726225361227	MARCKS__endothelial__META	MARCKS	state																							
DrugReflector	BRD-K45303727	15.0	8.380146026611328	0.0093285283073782	MARCKS__endothelial__META	MARCKS	state																							
DrugReflector	BRD-K79260832	16.0	8.245575904846191	0.0081539889797568	MARCKS__endothelial__META	MARCKS	state																							
DrugReflector	BRD-K66814954	17.0	8.241111755371094	0.0081176692619919	MARCKS__endothelial__META	MARCKS	state																							
DrugReflector	BRD-K71935941	18.0	8.1412353515625	0.0073460787534713	MARCKS__endothelial__META	MARCKS	state																							
DrugReflector	BRD-K83873778	19.0	8.132987976074219	0.0072857425548136	MARCKS__endothelial__META	MARCKS	state																							
DrugReflector	BRD-K92041145	20.0	8.102001190185547	0.0070634423755109	MARCKS__endothelial__META	MARCKS	state																							
DrugReflector	BRD-K97481123	21.0	8.086986541748047	0.0069581787101924	MARCKS__endothelial__META	MARCKS	state																							
DrugReflector	BRD-K97671879	22.0	8.022120475769043	0.0065211565233767	MARCKS__endothelial__META	MARCKS	state																							
DrugReflector	BRD-K93645900	23.0	7.978987216949463	0.0062458580359816	MARCKS__endothelial__META	MARCKS	state																							
DrugReflector	BRD-K93577185	24.0	7.9471116065979	0.0060499068349599	MARCKS__endothelial__META	MARCKS	state																							
DrugReflector	BRD-K89344180	25.0	7.907381534576416	0.0058142561465501	MARCKS__endothelial__META	MARCKS	state																							
DrugReflector	BRD-K47936004	26.0	7.87775182723999	0.0056445086374878	MARCKS__endothelial__META	MARCKS	state																							
DrugReflector	BRD-K67174965	27.0	7.875983715057373	0.0056345374323427	MARCKS__endothelial__META	MARCKS	state																							
DrugReflector	BRD-K58299615	28.0	7.845785617828369	0.0054669282399117	MARCKS__endothelial__META	MARCKS	state																							
DrugReflector	BRD-K44699604	29.0	7.778069972991943	0.0051089874468743	MARCKS__endothelial__META	MARCKS	state																							
DrugReflector	BRD-K84653575	30.0	7.770947933197021	0.0050727305933833	MARCKS__endothelial__META	MARCKS	state																							
DrugReflector	BRD-K45117373	31.0	7.766274929046631	0.0050490810535848	MARCKS__endothelial__META	MARCKS	state																							
DrugReflector	BRD-K70446295	32.0	7.74469518661499	0.0049412902444601	MARCKS__endothelial__META	MARCKS	state																							
DrugReflector	BRD-K81335284	33.0	7.744174957275391	0.0049387202598154	MARCKS__endothelial__META	MARCKS	state																							
DrugReflector	BRD-K56261447	34.0	7.702833652496338	0.0047387103550136	MARCKS__endothelial__META	MARCKS	state																							
DrugReflector	BRD-K73297432	35.0	7.681046009063721	0.0046365815214812	MARCKS__endothelial__META	MARCKS	state																							
DrugReflector	BRD-K04623885	36.0	7.677775859832764	0.0046214438043534	MARCKS__endothelial__META	MARCKS	state																							
DrugReflector	BRD-K64931368	37.0	7.673297882080078	0.0046007954515516	MARCKS__endothelial__META	MARCKS	state																							
DrugReflector	BRD-K52172416	38.0	7.6646857261657715	0.0045613427646458	MARCKS__endothelial__META	MARCKS	state																							
DrugReflector	BRD-A47364545	39.0	7.633420467376709	0.0044209375046193	MARCKS__endothelial__META	MARCKS	state																							
DrugReflector	BRD-K49456274	40.0	7.628140926361084	0.0043976586312055	MARCKS__endothelial__META	MARCKS	state																							
DrugReflector	BRD-K70115829	41.0	7.616061687469482	0.004344857763499	MARCKS__endothelial__META	MARCKS	state																							
DrugReflector	BRD-A21858158	42.0	7.585819244384766	0.0042154253460466	MARCKS__endothelial__META	MARCKS	state																							
DrugReflector	BRD-K49504902	43.0	7.566591739654541	0.0041351476684212	MARCKS__endothelial__META	MARCKS	state																							
DrugReflector	BRD-K25997353	44.0	7.559047698974609	0.0041040694341063	MARCKS__endothelial__META	MARCKS	state																							
DrugReflector	BRD-K82494568	45.0	7.543869018554687	0.0040422449819743	MARCKS__endothelial__META	MARCKS	state																							
DrugReflector	BRD-K76859558	46.0	7.5080132484436035	0.0038998753298074	MARCKS__endothelial__META	MARCKS	state																							
DrugReflector	BRD-K19416115	47.0	7.474379062652588	0.0037708873860538	MARCKS__endothelial__META	MARCKS	state																							
DrugReflector	BRD-K93672499	48.0	7.465203762054443	0.0037364466115832	MARCKS__endothelial__META	MARCKS	state																							
DrugReflector	BRD-A49622760	49.0	7.448408603668213	0.00367421656847	MARCKS__endothelial__META	MARCKS	state																							
DrugReflector	BRD-K66866904	0.0	12.492057800292969	0.0974768474698066	MARCKS__fibroblast_CAF__META	MARCKS	state																							
DrugReflector	BRD-K65540587	1.0	12.217170715332031	0.074049063026905	MARCKS__fibroblast_CAF__META	MARCKS	state																							
DrugReflector	BRD-K93672499	2.0	11.946964263916016	0.0565158613026142	MARCKS__fibroblast_CAF__META	MARCKS	state																							
DrugReflector	BRD-K62102996	3.0	11.8685884475708	0.0522555150091648	MARCKS__fibroblast_CAF__META	MARCKS	state																							
DrugReflector	BRD-K92455082	4.0	11.71845531463623	0.0449707545340061	MARCKS__fibroblast_CAF__META	MARCKS	state																							
DrugReflector	BRD-K19642661	5.0	11.304255485534668	0.0297197755426168	MARCKS__fibroblast_CAF__META	MARCKS	state																							
DrugReflector	BRD-K03707297	6.0	11.052388191223145	0.0231026019901037	MARCKS__fibroblast_CAF__META	MARCKS	state																							
DrugReflector	BRD-K79260832	7.0	11.03902530670166	0.0227959379553794	MARCKS__fibroblast_CAF__META	MARCKS	state																							
DrugReflector	BRD-K07060092	8.0	10.925182342529297	0.0203430522233247	MARCKS__fibroblast_CAF__META	MARCKS	state																							
DrugReflector	BRD-K57589644	9.0	10.824503898620604	0.0183946713805198	MARCKS__fibroblast_CAF__META	MARCKS	state																							
DrugReflector	BRD-K10482608	10.0	10.736671447753906	0.0168479420244693	MARCKS__fibroblast_CAF__META	MARCKS	state																							
DrugReflector	BRD-K07064094	11.0	10.617152214050291	0.0149499699473381	MARCKS__fibroblast_CAF__META	MARCKS	state																							
DrugReflector	BRD-K97481123	12.0	10.567564964294434	0.0142267234623432	MARCKS__fibroblast_CAF__META	MARCKS	state																							
DrugReflector	BRD-K97671879	13.0	10.548890113830566	0.0139635046944022	MARCKS__fibroblast_CAF__META	MARCKS	state																							
DrugReflector	BRD-K93577185	14.0	10.527060508728027	0.0136619918048381	MARCKS__fibroblast_CAF__META	MARCKS	state																							
DrugReflector	BRD-K28649955	15.0	10.503374099731444	0.0133421905338764	MARCKS__fibroblast_CAF__META	MARCKS	state																							
DrugReflector	BRD-K11483659	16.0	10.481751441955566	0.0130567941814661	MARCKS__fibroblast_CAF__META	MARCKS	state																							
DrugReflector	BRD-K52856667	17.0	10.201956748962402	0.0098701380193233	MARCKS__fibroblast_CAF__META	MARCKS	state																							
DrugReflector	BRD-K53315742	18.0	10.103079795837402	0.0089409053325653	MARCKS__fibroblast_CAF__META	MARCKS	state																							
DrugReflector	BRD-K47394228	19.0	10.058656692504885	0.0085524152964353	MARCKS__fibroblast_CAF__META	MARCKS	state																							
DrugReflector	BRD-K69747917	20.0	10.043841361999512	0.0084266439080238	MARCKS__fibroblast_CAF__META	MARCKS	state																							
DrugReflector	BRD-K76859558	21.0	10.027493476867676	0.0082900049164891	MARCKS__fibroblast_CAF__META	MARCKS	state																							
DrugReflector	BRD-K01739339	22.0	10.018670082092283	0.0082171810790896	MARCKS__fibroblast_CAF__META	MARCKS	state																							
DrugReflector	BRD-K84653575	23.0	9.9773530960083	0.0078845899552106	MARCKS__fibroblast_CAF__META	MARCKS	state																							
DrugReflector	BRD-K73388067	24.0	9.911255836486816	0.0073802899569272	MARCKS__fibroblast_CAF__META	MARCKS	state																							
DrugReflector	BRD-K36048022	25.0	9.89221477508545	0.0072410907596349	MARCKS__fibroblast_CAF__META	MARCKS	state																							
DrugReflector	BRD-K64755930	26.0	9.852837562561035	0.0069614979438483	MARCKS__fibroblast_CAF__META	MARCKS	state																							
DrugReflector	BRD-K30371494	27.0	9.78252410888672	0.0064888228662312	MARCKS__fibroblast_CAF__META	MARCKS	state																							
DrugReflector	BRD-K79797751	28.0	9.77408504486084	0.0064342939294874	MARCKS__fibroblast_CAF__META	MARCKS	state																							
DrugReflector	BRD-K21389281	29.0	9.743788719177246	0.0062422822229564	MARCKS__fibroblast_CAF__META	MARCKS	state																							
DrugReflector	BRD-K72516992	30.0	9.742140769958496	0.0062320032157003	MARCKS__fibroblast_CAF__META	MARCKS	state																							
DrugReflector	BRD-K31042955	31.0	9.533626556396484	0.0050590746104717	MARCKS__fibroblast_CAF__META	MARCKS	state																							
DrugReflector	BRD-K79732306	32.0	9.48763370513916	0.0048316633328795	MARCKS__fibroblast_CAF__META	MARCKS	state																							
DrugReflector	BRD-K47611269	33.0	9.474839210510254	0.004770238418132	MARCKS__fibroblast_CAF__META	MARCKS	state																							
DrugReflector	BRD-K28945051	34.0	9.4453125	0.0046314480714499	MARCKS__fibroblast_CAF__META	MARCKS	state																							
DrugReflector	BRD-K83694683	35.0	9.44273853302002	0.0046195420436561	MARCKS__fibroblast_CAF__META	MARCKS	state																							
DrugReflector	BRD-K26258603	36.0	9.425497055053713	0.0045405775308609	MARCKS__fibroblast_CAF__META	MARCKS	state																							
DrugReflector	BRD-K71935941	37.0	9.376399993896484	0.0043230317533016	MARCKS__fibroblast_CAF__META	MARCKS	state																							
DrugReflector	BRD-K90816807	38.0	9.351225852966309	0.0042155622504651	MARCKS__fibroblast_CAF__META	MARCKS	state																							
DrugReflector	BRD-K12189280	39.0	9.326298713684082	0.004111778922379	MARCKS__fibroblast_CAF__META	MARCKS	state																							
DrugReflector	BRD-K61158263	40.0	9.266345024108888	0.0038725072517991	MARCKS__fibroblast_CAF__META	MARCKS	state																							
DrugReflector	BRD-K46512834	41.0	9.226780891418455	0.0037222860846668	MARCKS__fibroblast_CAF__META	MARCKS	state																							
DrugReflector	BRD-K35169477	42.0	9.107215881347656	0.003302807919681	MARCKS__fibroblast_CAF__META	MARCKS	state																							
DrugReflector	BRD-K89344180	43.0	9.106894493103027	0.0033017464447766	MARCKS__fibroblast_CAF__META	MARCKS	state																							
DrugReflector	BRD-K43014865	44.0	9.09779453277588	0.0032718372531235	MARCKS__fibroblast_CAF__META	MARCKS	state																							
DrugReflector	BRD-K17565092	45.0	9.046813011169434	0.003109214361757	MARCKS__fibroblast_CAF__META	MARCKS	state																							
DrugReflector	BRD-K18415753	46.0	9.03138828277588	0.0030616237781941	MARCKS__fibroblast_CAF__META	MARCKS	state																							
DrugReflector	BRD-K25997353	47.0	9.011401176452637	0.0030010379850864	MARCKS__fibroblast_CAF__META	MARCKS	state																							
DrugReflector	BRD-K95913445	48.0	8.980622291564941	0.0029100766405463	MARCKS__fibroblast_CAF__META	MARCKS	state																							
DrugReflector	BRD-K12402761	49.0	8.925725936889648	0.0027546295896172	MARCKS__fibroblast_CAF__META	MARCKS	state																							
DrugReflector	BRD-K56301217	0.0	11.098739624023438	0.0645995736122131	EPAS1__COMPOSITE__META__REVERSE	EPAS1	reverse																							
DrugReflector	BRD-K56751279	1.0	10.666722297668455	0.0419379249215126	EPAS1__COMPOSITE__META__REVERSE	EPAS1	reverse																							
DrugReflector	BRD-K81916719	2.0	10.5037260055542	0.0356302224099636	EPAS1__COMPOSITE__META__REVERSE	EPAS1	reverse																							
DrugReflector	BRD-K76841105	3.0	10.47990894317627	0.0347916446626186	EPAS1__COMPOSITE__META__REVERSE	EPAS1	reverse																							
DrugReflector	BRD-K74065929	4.0	10.466882705688477	0.0343413762748241	EPAS1__COMPOSITE__META__REVERSE	EPAS1	reverse																							
DrugReflector	BRD-K24050847	5.0	10.336518287658691	0.0301440190523862	EPAS1__COMPOSITE__META__REVERSE	EPAS1	reverse																							
DrugReflector	BRD-K09132007	6.0	10.277453422546388	0.0284151285886764	EPAS1__COMPOSITE__META__REVERSE	EPAS1	reverse																							
DrugReflector	BRD-K35629949	7.0	10.114261627197266	0.024136608466506	EPAS1__COMPOSITE__META__REVERSE	EPAS1	reverse																							
DrugReflector	BRD-K98945308	8.0	9.79844856262207	0.0176003165543079	EPAS1__COMPOSITE__META__REVERSE	EPAS1	reverse																							
DrugReflector	BRD-K53581288	9.0	9.788429260253906	0.01742485165596	EPAS1__COMPOSITE__META__REVERSE	EPAS1	reverse																							
DrugReflector	BRD-A58280226	10.0	9.741666793823242	0.0166287813335657	EPAS1__COMPOSITE__META__REVERSE	EPAS1	reverse																							
DrugReflector	BRD-A79768653	11.0	9.668681144714355	0.0154583500698208	EPAS1__COMPOSITE__META__REVERSE	EPAS1	reverse																							
DrugReflector	BRD-K42495768	12.0	9.567842483520508	0.0139755681157112	EPAS1__COMPOSITE__META__REVERSE	EPAS1	reverse																							
DrugReflector	BRD-K04853698	13.0	9.563005447387695	0.0139081301167607	EPAS1__COMPOSITE__META__REVERSE	EPAS1	reverse																							
DrugReflector	BRD-K02113016	14.0	9.483438491821287	0.0128443846479058	EPAS1__COMPOSITE__META__REVERSE	EPAS1	reverse																							
DrugReflector	BRD-K47503321	15.0	9.317681312561035	0.0108824288472533	EPAS1__COMPOSITE__META__REVERSE	EPAS1	reverse																							
DrugReflector	BRD-K74514084	16.0	9.315544128417969	0.0108591970056295	EPAS1__COMPOSITE__META__REVERSE	EPAS1	reverse																							
DrugReflector	BRD-K71221037	17.0	9.262808799743652	0.0103013711050152	EPAS1__COMPOSITE__META__REVERSE	EPAS1	reverse																							
DrugReflector	BRD-K81528515	18.0	9.23947048187256	0.0100637385621666	EPAS1__COMPOSITE__META__REVERSE	EPAS1	reverse																							
DrugReflector	BRD-A56371469	19.0	9.236245155334473	0.0100313322618603	EPAS1__COMPOSITE__META__REVERSE	EPAS1	reverse																							
DrugReflector	BRD-K26818574	20.0	9.21923828125	0.0098621724173426	EPAS1__COMPOSITE__META__REVERSE	EPAS1	reverse																							
DrugReflector	BRD-K19601669	21.0	8.976509094238281	0.0077367164194583	EPAS1__COMPOSITE__META__REVERSE	EPAS1	reverse																							
DrugReflector	BRD-K67298865	22.0	8.975785255432129	0.007731117773801	EPAS1__COMPOSITE__META__REVERSE	EPAS1	reverse																							
DrugReflector	BRD-K33882852	23.0	8.956719398498535	0.007585113402456	EPAS1__COMPOSITE__META__REVERSE	EPAS1	reverse																							
DrugReflector	BRD-K33379087	24.0	8.910411834716797	0.0072418740019202	EPAS1__COMPOSITE__META__REVERSE	EPAS1	reverse																							
DrugReflector	BRD-K25712227	25.0	8.892728805541992	0.0071149412542581	EPAS1__COMPOSITE__META__REVERSE	EPAS1	reverse																							
DrugReflector	BRD-K04923131	26.0	8.879964828491211	0.007024704478681	EPAS1__COMPOSITE__META__REVERSE	EPAS1	reverse																							
DrugReflector	BRD-K76617868	27.0	8.615218162536621	0.0053907604888081	EPAS1__COMPOSITE__META__REVERSE	EPAS1	reverse																							
DrugReflector	BRD-K56851771	28.0	8.5795316696167	0.0052017751149833	EPAS1__COMPOSITE__META__REVERSE	EPAS1	reverse																							
DrugReflector	BRD-K01815685	29.0	8.53652286529541	0.0049827951006591	EPAS1__COMPOSITE__META__REVERSE	EPAS1	reverse																							
DrugReflector	BRD-K59222562	30.0	8.522603988647461	0.0049139205366373	EPAS1__COMPOSITE__META__REVERSE	EPAS1	reverse																							
DrugReflector	BRD-K16542329	31.0	8.506136894226074	0.0048336656764149	EPAS1__COMPOSITE__META__REVERSE	EPAS1	reverse																							
DrugReflector	BRD-K24576554	32.0	8.484424591064453	0.0047298469580709	EPAS1__COMPOSITE__META__REVERSE	EPAS1	reverse																							
DrugReflector	BRD-K73999723	33.0	8.446739196777344	0.0045549171045422	EPAS1__COMPOSITE__META__REVERSE	EPAS1	reverse																							
DrugReflector	BRD-K75649340	34.0	8.431437492370605	0.004485750105232	EPAS1__COMPOSITE__META__REVERSE	EPAS1	reverse																							
DrugReflector	BRD-K16761703	35.0	8.428492546081543	0.0044725593179464	EPAS1__COMPOSITE__META__REVERSE	EPAS1	reverse																							
DrugReflector	BRD-K35781423	36.0	8.38991928100586	0.0043033231049776	EPAS1__COMPOSITE__META__REVERSE	EPAS1	reverse																							
DrugReflector	BRD-K66615216	37.0	8.361992835998535	0.0041848090477287	EPAS1__COMPOSITE__META__REVERSE	EPAS1	reverse																							
DrugReflector	BRD-K15891719	38.0	8.33690357208252	0.0040811216458678	EPAS1__COMPOSITE__META__REVERSE	EPAS1	reverse																							
DrugReflector	BRD-K93918653	39.0	8.251655578613281	0.0037476306315511	EPAS1__COMPOSITE__META__REVERSE	EPAS1	reverse																							
DrugReflector	BRD-K81491172	40.0	8.24893569946289	0.0037374515086412	EPAS1__COMPOSITE__META__REVERSE	EPAS1	reverse																							
DrugReflector	BRD-K88278225	41.0	8.233237266540527	0.0036792373284697	EPAS1__COMPOSITE__META__REVERSE	EPAS1	reverse																							
DrugReflector	BRD-K52751261	42.0	8.199488639831543	0.003557140007615	EPAS1__COMPOSITE__META__REVERSE	EPAS1	reverse																							
DrugReflector	BRD-K49111258	43.0	8.196457862854004	0.0035463753156363	EPAS1__COMPOSITE__META__REVERSE	EPAS1	reverse																							
DrugReflector	BRD-K17894950	44.0	8.193557739257812	0.0035361053887754	EPAS1__COMPOSITE__META__REVERSE	EPAS1	reverse																							
DrugReflector	BRD-K57926513	45.0	8.161856651306152	0.003425765549764	EPAS1__COMPOSITE__META__REVERSE	EPAS1	reverse																							
DrugReflector	BRD-A52650764	46.0	8.094539642333984	0.003202743595466	EPAS1__COMPOSITE__META__REVERSE	EPAS1	reverse																							
DrugReflector	BRD-K82594686	47.0	8.084794044494629	0.0031716828234493	EPAS1__COMPOSITE__META__REVERSE	EPAS1	reverse																							
DrugReflector	BRD-K77396579	48.0	8.080199241638184	0.0031571425497531	EPAS1__COMPOSITE__META__REVERSE	EPAS1	reverse																							
DrugReflector	BRD-K49448285	49.0	8.068458557128906	0.003120292443782	EPAS1__COMPOSITE__META__REVERSE	EPAS1	reverse																							
DrugReflector	BRD-K56301217	0.0	11.098739624023438	0.0645995810627937	EPAS1__endothelial__META__REVERSE	EPAS1	reverse																							
DrugReflector	BRD-K56751279	1.0	10.666722297668455	0.0419379249215126	EPAS1__endothelial__META__REVERSE	EPAS1	reverse																							
DrugReflector	BRD-K81916719	2.0	10.5037260055542	0.0356302224099636	EPAS1__endothelial__META__REVERSE	EPAS1	reverse																							
DrugReflector	BRD-K76841105	3.0	10.47990894317627	0.0347916446626186	EPAS1__endothelial__META__REVERSE	EPAS1	reverse																							
DrugReflector	BRD-K74065929	4.0	10.46688175201416	0.034341350197792	EPAS1__endothelial__META__REVERSE	EPAS1	reverse																							
DrugReflector	BRD-K24050847	5.0	10.336518287658691	0.0301440209150314	EPAS1__endothelial__META__REVERSE	EPAS1	reverse																							
DrugReflector	BRD-K09132007	6.0	10.277451515197754	0.0284150727093219	EPAS1__endothelial__META__REVERSE	EPAS1	reverse																							
DrugReflector	BRD-K35629949	7.0	10.114261627197266	0.0241366103291511	EPAS1__endothelial__META__REVERSE	EPAS1	reverse																							
DrugReflector	BRD-K98945308	8.0	9.79844856262207	0.0176003165543079	EPAS1__endothelial__META__REVERSE	EPAS1	reverse																							
DrugReflector	BRD-K53581288	9.0	9.788429260253906	0.0174248535186052	EPAS1__endothelial__META__REVERSE	EPAS1	reverse																							
DrugReflector	BRD-A58280226	10.0	9.741666793823242	0.0166287813335657	EPAS1__endothelial__META__REVERSE	EPAS1	reverse																							
DrugReflector	BRD-A79768653	11.0	9.668681144714355	0.0154583510011434	EPAS1__endothelial__META__REVERSE	EPAS1	reverse																							
DrugReflector	BRD-K42495768	12.0	9.567842483520508	0.0139755690470337	EPAS1__endothelial__META__REVERSE	EPAS1	reverse																							
DrugReflector	BRD-K04853698	13.0	9.563006401062012	0.0139081459492445	EPAS1__endothelial__META__REVERSE	EPAS1	reverse																							
DrugReflector	BRD-K02113016	14.0	9.483438491821287	0.0128443855792284	EPAS1__endothelial__META__REVERSE	EPAS1	reverse																							
DrugReflector	BRD-K47503321	15.0	9.31768035888672	0.0108824204653501	EPAS1__endothelial__META__REVERSE	EPAS1	reverse																							
DrugReflector	BRD-K74514084	16.0	9.315544128417969	0.0108591979369521	EPAS1__endothelial__META__REVERSE	EPAS1	reverse																							
DrugReflector	BRD-K71221037	17.0	9.262808799743652	0.0103013720363378	EPAS1__endothelial__META__REVERSE	EPAS1	reverse																							
DrugReflector	BRD-K81528515	18.0	9.23947048187256	0.0100637394934892	EPAS1__endothelial__META__REVERSE	EPAS1	reverse																							
DrugReflector	BRD-A56371469	19.0	9.236245155334473	0.0100313322618603	EPAS1__endothelial__META__REVERSE	EPAS1	reverse																							
DrugReflector	BRD-K26818574	20.0	9.21923828125	0.0098621733486652	EPAS1__endothelial__META__REVERSE	EPAS1	reverse																							
DrugReflector	BRD-K19601669	21.0	8.976509094238281	0.0077367168851196	EPAS1__endothelial__META__REVERSE	EPAS1	reverse																							
DrugReflector	BRD-K67298865	22.0	8.975785255432129	0.0077311182394623	EPAS1__endothelial__META__REVERSE	EPAS1	reverse																							
DrugReflector	BRD-K33882852	23.0	8.956719398498535	0.0075851138681173	EPAS1__endothelial__META__REVERSE	EPAS1	reverse																							
DrugReflector	BRD-K33379087	24.0	8.910411834716797	0.0072418744675815	EPAS1__endothelial__META__REVERSE	EPAS1	reverse																							
DrugReflector	BRD-K25712227	25.0	8.892728805541992	0.0071149417199194	EPAS1__endothelial__META__REVERSE	EPAS1	reverse																							
DrugReflector	BRD-K04923131	26.0	8.879964828491211	0.0070247049443423	EPAS1__endothelial__META__REVERSE	EPAS1	reverse																							
DrugReflector	BRD-K76617868	27.0	8.615218162536621	0.0053907604888081	EPAS1__endothelial__META__REVERSE	EPAS1	reverse																							
DrugReflector	BRD-K56851771	28.0	8.5795316696167	0.0052017755806446	EPAS1__endothelial__META__REVERSE	EPAS1	reverse																							
DrugReflector	BRD-K01815685	29.0	8.53652286529541	0.0049827955663204	EPAS1__endothelial__META__REVERSE	EPAS1	reverse																							
DrugReflector	BRD-K59222562	30.0	8.522603034973145	0.004913916811347	EPAS1__endothelial__META__REVERSE	EPAS1	reverse																							
DrugReflector	BRD-K16542329	31.0	8.506136894226074	0.0048336656764149	EPAS1__endothelial__META__REVERSE	EPAS1	reverse																							
DrugReflector	BRD-K24576554	32.0	8.484424591064453	0.0047298474237322	EPAS1__endothelial__META__REVERSE	EPAS1	reverse																							
DrugReflector	BRD-K73999723	33.0	8.446738243103027	0.0045549133792519	EPAS1__endothelial__META__REVERSE	EPAS1	reverse																							
DrugReflector	BRD-K75649340	34.0	8.431437492370605	0.0044857505708932	EPAS1__endothelial__META__REVERSE	EPAS1	reverse																							
DrugReflector	BRD-K16761703	35.0	8.428492546081543	0.0044725593179464	EPAS1__endothelial__META__REVERSE	EPAS1	reverse																							
DrugReflector	BRD-K35781423	36.0	8.38991928100586	0.0043033231049776	EPAS1__endothelial__META__REVERSE	EPAS1	reverse																							
DrugReflector	BRD-K66615216	37.0	8.361992835998535	0.0041848090477287	EPAS1__endothelial__META__REVERSE	EPAS1	reverse																							
DrugReflector	BRD-K15891719	38.0	8.33690357208252	0.0040811216458678	EPAS1__endothelial__META__REVERSE	EPAS1	reverse																							
DrugReflector	BRD-K93918653	39.0	8.251654624938965	0.0037476273719221	EPAS1__endothelial__META__REVERSE	EPAS1	reverse																							
DrugReflector	BRD-K81491172	40.0	8.248936653137207	0.0037374550011008	EPAS1__endothelial__META__REVERSE	EPAS1	reverse																							
DrugReflector	BRD-K88278225	41.0	8.233237266540527	0.0036792375613003	EPAS1__endothelial__META__REVERSE	EPAS1	reverse																							
DrugReflector	BRD-K52751261	42.0	8.199488639831543	0.0035571402404457	EPAS1__endothelial__META__REVERSE	EPAS1	reverse																							
DrugReflector	BRD-K49111258	43.0	8.196457862854004	0.003546375548467	EPAS1__endothelial__META__REVERSE	EPAS1	reverse																							
DrugReflector	BRD-K17894950	44.0	8.193557739257812	0.0035361056216061	EPAS1__endothelial__META__REVERSE	EPAS1	reverse																							
DrugReflector	BRD-K57926513	45.0	8.161856651306152	0.0034257657825946	EPAS1__endothelial__META__REVERSE	EPAS1	reverse																							
DrugReflector	BRD-A52650764	46.0	8.094539642333984	0.0032027438282966	EPAS1__endothelial__META__REVERSE	EPAS1	reverse																							
DrugReflector	BRD-K82594686	47.0	8.084794044494629	0.00317168305628	EPAS1__endothelial__META__REVERSE	EPAS1	reverse																							
DrugReflector	BRD-K77396579	48.0	8.080199241638184	0.0031571427825838	EPAS1__endothelial__META__REVERSE	EPAS1	reverse																							
DrugReflector	BRD-K49448285	49.0	8.068458557128906	0.0031202926766127	EPAS1__endothelial__META__REVERSE	EPAS1	reverse																							
DrugReflector	BRD-K15891719	0.0	11.702448844909668	0.0683735162019729	HERPUD1__COMPOSITE__META__REVERSE	HERPUD1	reverse																							
DrugReflector	BRD-K33882852	1.0	11.503836631774902	0.0560572408139705	HERPUD1__COMPOSITE__META__REVERSE	HERPUD1	reverse																							
DrugReflector	BRD-K66359319	2.0	11.210322380065918	0.0417984463274478	HERPUD1__COMPOSITE__META__REVERSE	HERPUD1	reverse																							
DrugReflector	BRD-A79768653	3.0	10.973708152770996	0.0329913310706615	HERPUD1__COMPOSITE__META__REVERSE	HERPUD1	reverse																							
DrugReflector	BRD-K13566078	4.0	10.928349494934082	0.0315283201634883	HERPUD1__COMPOSITE__META__REVERSE	HERPUD1	reverse																							
DrugReflector	BRD-K58499478	5.0	10.788193702697754	0.0274051371961832	HERPUD1__COMPOSITE__META__REVERSE	HERPUD1	reverse																							
DrugReflector	BRD-K88278225	6.0	10.676406860351562	0.0245066247880458	HERPUD1__COMPOSITE__META__REVERSE	HERPUD1	reverse																							
DrugReflector	BRD-K95779464	7.0	10.66199779510498	0.0241560451686382	HERPUD1__COMPOSITE__META__REVERSE	HERPUD1	reverse																							
DrugReflector	BRD-K22096725	8.0	10.450091361999512	0.0195432137697935	HERPUD1__COMPOSITE__META__REVERSE	HERPUD1	reverse																							
DrugReflector	BRD-K06198550	9.0	10.311702728271484	0.0170174520462751	HERPUD1__COMPOSITE__META__REVERSE	HERPUD1	reverse																							
DrugReflector	BRD-A52650764	10.0	10.310063362121582	0.0169895775616168	HERPUD1__COMPOSITE__META__REVERSE	HERPUD1	reverse																							
DrugReflector	BRD-K23282736	11.0	10.201388359069824	0.0152400247752666	HERPUD1__COMPOSITE__META__REVERSE	HERPUD1	reverse																							
DrugReflector	BRD-K89784888	12.0	9.966971397399902	0.0120553458109498	HERPUD1__COMPOSITE__META__REVERSE	HERPUD1	reverse																							
DrugReflector	BRD-K75023015	13.0	9.957643508911133	0.0119434176012873	HERPUD1__COMPOSITE__META__REVERSE	HERPUD1	reverse																							
DrugReflector	BRD-K16227029	14.0	9.779915809631348	0.0099986735731363	HERPUD1__COMPOSITE__META__REVERSE	HERPUD1	reverse																							
DrugReflector	BRD-K56751279	15.0	9.744479179382324	0.0096505600959062	HERPUD1__COMPOSITE__META__REVERSE	HERPUD1	reverse																							
DrugReflector	BRD-A75726477	16.0	9.713923454284668	0.0093601392582058	HERPUD1__COMPOSITE__META__REVERSE	HERPUD1	reverse																							
DrugReflector	BRD-K11399644	17.0	9.682369232177734	0.0090693989768624	HERPUD1__COMPOSITE__META__REVERSE	HERPUD1	reverse																							
DrugReflector	BRD-A80960055	18.0	9.647461891174316	0.0087582720443606	HERPUD1__COMPOSITE__META__REVERSE	HERPUD1	reverse																							
DrugReflector	BRD-K82594686	19.0	9.63621997833252	0.0086603630334138	HERPUD1__COMPOSITE__META__REVERSE	HERPUD1	reverse																							
DrugReflector	BRD-K65315692	20.0	9.615001678466797	0.0084785409271717	HERPUD1__COMPOSITE__META__REVERSE	HERPUD1	reverse																							
DrugReflector	BRD-K74998149	21.0	9.61314868927002	0.0084628453478217	HERPUD1__COMPOSITE__META__REVERSE	HERPUD1	reverse																							
DrugReflector	BRD-K67860401	22.0	9.60836124420166	0.0084224268794059	HERPUD1__COMPOSITE__META__REVERSE	HERPUD1	reverse																							
DrugReflector	BRD-K53913732	23.0	9.606083869934082	0.0084032677114009	HERPUD1__COMPOSITE__META__REVERSE	HERPUD1	reverse																							
DrugReflector	BRD-K61627029	24.0	9.594640731811523	0.0083076562732458	HERPUD1__COMPOSITE__META__REVERSE	HERPUD1	reverse																							
DrugReflector	BRD-K08252256	25.0	9.59195613861084	0.0082853827625513	HERPUD1__COMPOSITE__META__REVERSE	HERPUD1	reverse																							
DrugReflector	BRD-K96263742	26.0	9.583343505859377	0.0082143312320113	HERPUD1__COMPOSITE__META__REVERSE	HERPUD1	reverse																							
DrugReflector	BRD-K13664374	27.0	9.502507209777832	0.0075764441862702	HERPUD1__COMPOSITE__META__REVERSE	HERPUD1	reverse																							
DrugReflector	BRD-K29582115	28.0	9.41211223602295	0.0069216140545904	HERPUD1__COMPOSITE__META__REVERSE	HERPUD1	reverse																							
DrugReflector	BRD-K73999723	29.0	9.378214836120604	0.0066909207962453	HERPUD1__COMPOSITE__META__REVERSE	HERPUD1	reverse																							
DrugReflector	BRD-K04877770	30.0	9.259954452514648	0.005944647360593	HERPUD1__COMPOSITE__META__REVERSE	HERPUD1	reverse																							
DrugReflector	BRD-K43579410	31.0	9.239949226379396	0.0058269049040973	HERPUD1__COMPOSITE__META__REVERSE	HERPUD1	reverse																							
DrugReflector	BRD-K07568447	32.0	9.225085258483888	0.0057409345172345	HERPUD1__COMPOSITE__META__REVERSE	HERPUD1	reverse																							
DrugReflector	BRD-K72462751	33.0	9.201157569885254	0.0056051975116133	HERPUD1__COMPOSITE__META__REVERSE	HERPUD1	reverse																							
DrugReflector	BRD-K21667562	34.0	9.19544506072998	0.0055732689797878	HERPUD1__COMPOSITE__META__REVERSE	HERPUD1	reverse																							
DrugReflector	BRD-K04412738	35.0	9.120522499084473	0.0051709646359086	HERPUD1__COMPOSITE__META__REVERSE	HERPUD1	reverse																							
DrugReflector	BRD-K53523901	36.0	9.07310962677002	0.0049315155483782	HERPUD1__COMPOSITE__META__REVERSE	HERPUD1	reverse																							
DrugReflector	BRD-K19796430	37.0	9.062164306640623	0.0048778331838548	HERPUD1__COMPOSITE__META__REVERSE	HERPUD1	reverse																							
DrugReflector	BRD-A80017228	38.0	8.983171463012695	0.0045073446817696	HERPUD1__COMPOSITE__META__REVERSE	HERPUD1	reverse																							
DrugReflector	BRD-K09602097	39.0	8.90965461730957	0.0041878665797412	HERPUD1__COMPOSITE__META__REVERSE	HERPUD1	reverse																							
DrugReflector	BRD-K00925050	40.0	8.839020729064941	0.003902266267687	HERPUD1__COMPOSITE__META__REVERSE	HERPUD1	reverse																							
DrugReflector	BRD-K32644160	41.0	8.838584899902344	0.0039005661383271	HERPUD1__COMPOSITE__META__REVERSE	HERPUD1	reverse																							
DrugReflector	BRD-K01815685	42.0	8.79335880279541	0.0037280882243067	HERPUD1__COMPOSITE__META__REVERSE	HERPUD1	reverse																							
DrugReflector	BRD-K73109821	43.0	8.789212226867676	0.0037126613315194	HERPUD1__COMPOSITE__META__REVERSE	HERPUD1	reverse																							
DrugReflector	BRD-K36638198	44.0	8.774970054626465	0.00366015965119	HERPUD1__COMPOSITE__META__REVERSE	HERPUD1	reverse																							
DrugReflector	BRD-K28307902	45.0	8.71392822265625	0.0034434194676578	HERPUD1__COMPOSITE__META__REVERSE	HERPUD1	reverse																							
DrugReflector	BRD-K86301799	46.0	8.652583122253418	0.0032385310623794	HERPUD1__COMPOSITE__META__REVERSE	HERPUD1	reverse																							
DrugReflector	BRD-K99749624	47.0	8.615336418151855	0.0031201250385493	HERPUD1__COMPOSITE__META__REVERSE	HERPUD1	reverse																							
DrugReflector	BRD-A92670106	48.0	8.588493347167969	0.0030374855268746	HERPUD1__COMPOSITE__META__REVERSE	HERPUD1	reverse																							
DrugReflector	BRD-A06131576	49.0	8.541239738464355	0.0028972919099032	HERPUD1__COMPOSITE__META__REVERSE	HERPUD1	reverse																							
DrugReflector	BRD-K56751279	0.0	12.75322723388672	0.2585412561893463	HERPUD1__endothelial__META__REVERSE	HERPUD1	reverse																							
DrugReflector	BRD-K33882852	1.0	11.036669731140137	0.0464556366205215	HERPUD1__endothelial__META__REVERSE	HERPUD1	reverse																							
DrugReflector	BRD-K94176593	2.0	10.490478515625	0.0269048493355512	HERPUD1__endothelial__META__REVERSE	HERPUD1	reverse																							
DrugReflector	BRD-A58280226	3.0	10.401485443115234	0.0246139522641897	HERPUD1__endothelial__META__REVERSE	HERPUD1	reverse																							
DrugReflector	BRD-K22096725	4.0	10.374388694763184	0.0239559523761272	HERPUD1__endothelial__META__REVERSE	HERPUD1	reverse																							
DrugReflector	BRD-K15891719	5.0	10.212164878845217	0.020368568599224	HERPUD1__endothelial__META__REVERSE	HERPUD1	reverse																							
DrugReflector	BRD-K73999723	6.0	9.948525428771973	0.0156481619924306	HERPUD1__endothelial__META__REVERSE	HERPUD1	reverse																							
DrugReflector	BRD-K11399644	7.0	9.94571590423584	0.0156042594462633	HERPUD1__endothelial__META__REVERSE	HERPUD1	reverse																							
DrugReflector	BRD-K74514084	8.0	9.635876655578612	0.0114467358216643	HERPUD1__endothelial__META__REVERSE	HERPUD1	reverse																							
DrugReflector	BRD-K52751261	9.0	9.591614723205566	0.0109511315822601	HERPUD1__endothelial__META__REVERSE	HERPUD1	reverse																							
DrugReflector	BRD-K75023015	10.0	9.53684902191162	0.0103675127029418	HERPUD1__endothelial__META__REVERSE	HERPUD1	reverse																							
DrugReflector	BRD-K67860401	11.0	9.477761268615724	0.0097726667299866	HERPUD1__endothelial__META__REVERSE	HERPUD1	reverse																							
DrugReflector	BRD-K21667562	12.0	9.44740867614746	0.0094804968684911	HERPUD1__endothelial__META__REVERSE	HERPUD1	reverse																							
DrugReflector	BRD-K08252256	13.0	9.418177604675291	0.0092073827981948	HERPUD1__endothelial__META__REVERSE	HERPUD1	reverse																							
DrugReflector	BRD-K67298865	14.0	9.346264839172363	0.0085685020312666	HERPUD1__endothelial__META__REVERSE	HERPUD1	reverse																							
DrugReflector	BRD-K06234293	15.0	9.30929946899414	0.0082575464621186	HERPUD1__endothelial__META__REVERSE	HERPUD1	reverse																							
DrugReflector	BRD-K09132007	16.0	9.273515701293944	0.0079672848805785	HERPUD1__endothelial__META__REVERSE	HERPUD1	reverse																							
DrugReflector	BRD-K49448285	17.0	9.264351844787598	0.0078946072608232	HERPUD1__endothelial__META__REVERSE	HERPUD1	reverse																							
DrugReflector	BRD-K19796430	18.0	9.190138816833496	0.0073299370706081	HERPUD1__endothelial__META__REVERSE	HERPUD1	reverse																							
DrugReflector	BRD-K64451768	19.0	9.14675521850586	0.0070187360979616	HERPUD1__endothelial__META__REVERSE	HERPUD1	reverse																							
DrugReflector	BRD-K78716413	20.0	9.069099426269531	0.0064943167380988	HERPUD1__endothelial__META__REVERSE	HERPUD1	reverse																							
DrugReflector	BRD-K65315692	21.0	9.013323783874512	0.006142009049654	HERPUD1__endothelial__META__REVERSE	HERPUD1	reverse																							
DrugReflector	BRD-K53913732	22.0	8.971884727478027	0.0058926912024617	HERPUD1__endothelial__META__REVERSE	HERPUD1	reverse																							
DrugReflector	BRD-K58499478	23.0	8.945591926574707	0.0057397745549678	HERPUD1__endothelial__META__REVERSE	HERPUD1	reverse																							
DrugReflector	BRD-A75726477	24.0	8.934075355529785	0.0056740520521998	HERPUD1__endothelial__META__REVERSE	HERPUD1	reverse																							
DrugReflector	BRD-K88278225	25.0	8.912320137023926	0.0055519449524581	HERPUD1__endothelial__META__REVERSE	HERPUD1	reverse																							
DrugReflector	BRD-K74065929	26.0	8.836953163146973	0.0051488899625837	HERPUD1__endothelial__META__REVERSE	HERPUD1	reverse																							
DrugReflector	BRD-K89464729	27.0	8.77013874053955	0.004816111177206	HERPUD1__endothelial__META__REVERSE	HERPUD1	reverse																							
DrugReflector	BRD-K02113016	28.0	8.74703598022461	0.0047061210498213	HERPUD1__endothelial__META__REVERSE	HERPUD1	reverse																							
DrugReflector	BRD-K31841256	29.0	8.73055362701416	0.0046291886828839	HERPUD1__endothelial__META__REVERSE	HERPUD1	reverse																							
DrugReflector	BRD-A79768653	30.0	8.678581237792969	0.004394743591547	HERPUD1__endothelial__META__REVERSE	HERPUD1	reverse																							
DrugReflector	BRD-K21283037	31.0	8.672451972961426	0.0043678898364305	HERPUD1__endothelial__META__REVERSE	HERPUD1	reverse																							
DrugReflector	BRD-K06198550	32.0	8.651966094970703	0.004279320128262	HERPUD1__endothelial__META__REVERSE	HERPUD1	reverse																							
DrugReflector	BRD-A56371469	33.0	8.590818405151367	0.0040254890918731	HERPUD1__endothelial__META__REVERSE	HERPUD1	reverse																							
DrugReflector	BRD-K81528515	34.0	8.555817604064941	0.0038870312273502	HERPUD1__endothelial__META__REVERSE	HERPUD1	reverse																							
DrugReflector	BRD-K37312348	35.0	8.547418594360352	0.0038545208517462	HERPUD1__endothelial__META__REVERSE	HERPUD1	reverse																							
DrugReflector	BRD-K96263742	36.0	8.527462005615234	0.0037783600855618	HERPUD1__endothelial__META__REVERSE	HERPUD1	reverse																							
DrugReflector	BRD-A06131576	37.0	8.451194763183594	0.0035009097773581	HERPUD1__endothelial__META__REVERSE	HERPUD1	reverse																							
DrugReflector	BRD-K76617868	38.0	8.411519050598145	0.0033647278323769	HERPUD1__endothelial__META__REVERSE	HERPUD1	reverse																							
DrugReflector	BRD-K72462751	39.0	8.319273948669434	0.0030682333745062	HERPUD1__endothelial__META__REVERSE	HERPUD1	reverse																							
DrugReflector	BRD-K16227029	40.0	8.317511558532715	0.0030628307722508	HERPUD1__endothelial__META__REVERSE	HERPUD1	reverse																							
DrugReflector	BRD-K01815685	41.0	8.271510124206543	0.002925127511844	HERPUD1__endothelial__META__REVERSE	HERPUD1	reverse																							
DrugReflector	BRD-K29582115	42.0	8.239453315734863	0.0028328443877398	HERPUD1__endothelial__META__REVERSE	HERPUD1	reverse																							
DrugReflector	BRD-K79404599	43.0	8.23579216003418	0.0028224922716617	HERPUD1__endothelial__META__REVERSE	HERPUD1	reverse																							
DrugReflector	BRD-K66359319	44.0	8.201813697814941	0.0027281991206109	HERPUD1__endothelial__META__REVERSE	HERPUD1	reverse																							
DrugReflector	BRD-K67578145	45.0	8.196965217590332	0.0027150036767125	HERPUD1__endothelial__META__REVERSE	HERPUD1	reverse																							
DrugReflector	BRD-K76841105	46.0	8.190545082092285	0.0026976291555911	HERPUD1__endothelial__META__REVERSE	HERPUD1	reverse																							
DrugReflector	BRD-K44084986	47.0	8.169075965881348	0.0026403304655104	HERPUD1__endothelial__META__REVERSE	HERPUD1	reverse																							
DrugReflector	BRD-K56851771	48.0	8.158441543579102	0.0026124007999897	HERPUD1__endothelial__META__REVERSE	HERPUD1	reverse																							
DrugReflector	BRD-K49907578	49.0	8.142539978027344	0.0025711879134178	HERPUD1__endothelial__META__REVERSE	HERPUD1	reverse																							
DrugReflector	BRD-K66359319	0.0	13.52434253692627	0.1630196273326873	HERPUD1__myeloid__META__REVERSE	HERPUD1	reverse																							
DrugReflector	BRD-A52650764	1.0	13.165596961975098	0.1138776987791061	HERPUD1__myeloid__META__REVERSE	HERPUD1	reverse																							
DrugReflector	BRD-K15891719	2.0	12.940203666687012	0.0908974260091781	HERPUD1__myeloid__META__REVERSE	HERPUD1	reverse																							
DrugReflector	BRD-K82594686	3.0	12.495455741882324	0.0582639575004577	HERPUD1__myeloid__META__REVERSE	HERPUD1	reverse																							
DrugReflector	BRD-K31841256	4.0	11.537635803222656	0.0223575457930564	HERPUD1__myeloid__META__REVERSE	HERPUD1	reverse																							
DrugReflector	BRD-K33882852	5.0	11.07500457763672	0.0140768652781844	HERPUD1__myeloid__META__REVERSE	HERPUD1	reverse																							
DrugReflector	BRD-K89784888	6.0	11.032885551452637	0.0134962741285562	HERPUD1__myeloid__META__REVERSE	HERPUD1	reverse																							
DrugReflector	BRD-A79768653	7.0	11.015711784362791	0.013266472145915	HERPUD1__myeloid__META__REVERSE	HERPUD1	reverse																							
DrugReflector	BRD-K58499478	8.0	10.963231086730955	0.0125881908461451	HERPUD1__myeloid__META__REVERSE	HERPUD1	reverse																							
DrugReflector	BRD-K29582115	9.0	10.93387222290039	0.0122239887714385	HERPUD1__myeloid__META__REVERSE	HERPUD1	reverse																							
DrugReflector	BRD-K32927008	10.0	10.773941040039062	0.0104173123836517	HERPUD1__myeloid__META__REVERSE	HERPUD1	reverse																							
DrugReflector	BRD-K40990712	11.0	10.69031810760498	0.00958161521703	HERPUD1__myeloid__META__REVERSE	HERPUD1	reverse																							
DrugReflector	BRD-K08714182	12.0	10.635478019714355	0.0090703070163726	HERPUD1__myeloid__META__REVERSE	HERPUD1	reverse																							
DrugReflector	BRD-K31491153	13.0	10.604979515075684	0.0087978513911366	HERPUD1__myeloid__META__REVERSE	HERPUD1	reverse																							
DrugReflector	BRD-K00925050	14.0	10.535237312316896	0.0082051781937479	HERPUD1__myeloid__META__REVERSE	HERPUD1	reverse																							
DrugReflector	BRD-K88278225	15.0	10.474494934082031	0.0077216117642819	HERPUD1__myeloid__META__REVERSE	HERPUD1	reverse																							
DrugReflector	BRD-K22096725	16.0	10.457741737365724	0.0075933262705802	HERPUD1__myeloid__META__REVERSE	HERPUD1	reverse																							
DrugReflector	BRD-K58547240	17.0	10.41850471496582	0.0073011564090847	HERPUD1__myeloid__META__REVERSE	HERPUD1	reverse																							
DrugReflector	BRD-K25906698	18.0	10.408441543579102	0.007228051777929	HERPUD1__myeloid__META__REVERSE	HERPUD1	reverse																							
DrugReflector	BRD-K53523901	19.0	10.361554145812988	0.0068969703279435	HERPUD1__myeloid__META__REVERSE	HERPUD1	reverse																							
DrugReflector	BRD-A80017228	20.0	10.346946716308594	0.0067969555966556	HERPUD1__myeloid__META__REVERSE	HERPUD1	reverse																							
DrugReflector	BRD-K06198550	21.0	10.305190086364746	0.0065189814195036	HERPUD1__myeloid__META__REVERSE	HERPUD1	reverse																							
DrugReflector	BRD-K74998149	22.0	10.300246238708496	0.0064868321642279	HERPUD1__myeloid__META__REVERSE	HERPUD1	reverse																							
DrugReflector	BRD-K69569876	23.0	10.27132511138916	0.0063019124791026	HERPUD1__myeloid__META__REVERSE	HERPUD1	reverse																							
DrugReflector	BRD-K23282736	24.0	10.182557106018066	0.0057666143402457	HERPUD1__myeloid__META__REVERSE	HERPUD1	reverse																							
DrugReflector	BRD-K19796430	25.0	10.157435417175291	0.0056235520169138	HERPUD1__myeloid__META__REVERSE	HERPUD1	reverse																							
DrugReflector	BRD-K91145395	26.0	10.153616905212402	0.0056021190248429	HERPUD1__myeloid__META__REVERSE	HERPUD1	reverse																							
DrugReflector	BRD-K68191783	27.0	10.141555786132812	0.0055349576286971	HERPUD1__myeloid__META__REVERSE	HERPUD1	reverse																							
DrugReflector	BRD-K38324426	28.0	10.129215240478516	0.0054670725949108	HERPUD1__myeloid__META__REVERSE	HERPUD1	reverse																							
DrugReflector	BRD-K04412738	29.0	10.040151596069336	0.0050012092106044	HERPUD1__myeloid__META__REVERSE	HERPUD1	reverse																							
DrugReflector	BRD-K70771662	30.0	10.020716667175291	0.004904949106276	HERPUD1__myeloid__META__REVERSE	HERPUD1	reverse																							
DrugReflector	BRD-A80960055	31.0	9.982441902160645	0.004720760975033	HERPUD1__myeloid__META__REVERSE	HERPUD1	reverse																							
DrugReflector	BRD-K87113270	32.0	9.931034088134766	0.0044842092320322	HERPUD1__myeloid__META__REVERSE	HERPUD1	reverse																							
DrugReflector	BRD-K31699485	33.0	9.897356986999512	0.0043357084505259	HERPUD1__myeloid__META__REVERSE	HERPUD1	reverse																							
DrugReflector	BRD-K32644160	34.0	9.895236015319824	0.0043265223503112	HERPUD1__myeloid__META__REVERSE	HERPUD1	reverse																							
DrugReflector	BRD-K03176945	35.0	9.873050689697266	0.0042315940372645	HERPUD1__myeloid__META__REVERSE	HERPUD1	reverse																							
DrugReflector	BRD-K93918653	36.0	9.85825252532959	0.0041694352403283	HERPUD1__myeloid__META__REVERSE	HERPUD1	reverse																							
DrugReflector	BRD-K95779464	37.0	9.85023593902588	0.0041361441835761	HERPUD1__myeloid__META__REVERSE	HERPUD1	reverse																							
DrugReflector	BRD-K61627029	38.0	9.84229564666748	0.004103431943804	HERPUD1__myeloid__META__REVERSE	HERPUD1	reverse																							
DrugReflector	BRD-K28428262	39.0	9.799571990966797	0.0039318110793828	HERPUD1__myeloid__META__REVERSE	HERPUD1	reverse																							
DrugReflector	BRD-K04877770	40.0	9.790067672729492	0.0038946184795349	HERPUD1__myeloid__META__REVERSE	HERPUD1	reverse																							
DrugReflector	BRD-K20032655	41.0	9.693294525146484	0.0035353864077478	HERPUD1__myeloid__META__REVERSE	HERPUD1	reverse																							
DrugReflector	BRD-K62196610	42.0	9.64179515838623	0.0033579249866306	HERPUD1__myeloid__META__REVERSE	HERPUD1	reverse																							
DrugReflector	BRD-K98731749	43.0	9.619342803955078	0.0032833719160407	HERPUD1__myeloid__META__REVERSE	HERPUD1	reverse																							
DrugReflector	BRD-K99749624	44.0	9.605090141296388	0.0032369068358093	HERPUD1__myeloid__META__REVERSE	HERPUD1	reverse																							
DrugReflector	BRD-K28307902	45.0	9.548358917236328	0.0030583848711103	HERPUD1__myeloid__META__REVERSE	HERPUD1	reverse																							
DrugReflector	BRD-K36638198	46.0	9.54773235321045	0.0030564693734049	HERPUD1__myeloid__META__REVERSE	HERPUD1	reverse																							
DrugReflector	BRD-K56301217	47.0	9.527107238769531	0.0029940749518573	HERPUD1__myeloid__META__REVERSE	HERPUD1	reverse																							
DrugReflector	BRD-K45114207	48.0	9.468860626220703	0.0028246617875993	HERPUD1__myeloid__META__REVERSE	HERPUD1	reverse																							
DrugReflector	BRD-K13566078	49.0	9.418134689331056	0.0026849515270441	HERPUD1__myeloid__META__REVERSE	HERPUD1	reverse																							
DrugReflector	BRD-K15891719	0.0	10.60140323638916	0.094834879040718	MARCKS__COMPOSITE__META__REVERSE	MARCKS	reverse																							
DrugReflector	BRD-K66359319	1.0	10.212291717529297	0.0642656832933425	MARCKS__COMPOSITE__META__REVERSE	MARCKS	reverse																							
DrugReflector	BRD-K61627029	2.0	9.134322166442873	0.0218686964362859	MARCKS__COMPOSITE__META__REVERSE	MARCKS	reverse																							
DrugReflector	BRD-K33882852	3.0	9.071562767028809	0.0205384101718664	MARCKS__COMPOSITE__META__REVERSE	MARCKS	reverse																							
DrugReflector	BRD-K88278225	4.0	8.894935607910156	0.0172130800783634	MARCKS__COMPOSITE__META__REVERSE	MARCKS	reverse																							
DrugReflector	BRD-A79768653	5.0	8.737347602844238	0.0147034423425793	MARCKS__COMPOSITE__META__REVERSE	MARCKS	reverse																							
DrugReflector	BRD-K58499478	6.0	8.581599235534668	0.0125828301534056	MARCKS__COMPOSITE__META__REVERSE	MARCKS	reverse																							
DrugReflector	BRD-K07568447	7.0	8.521210670471191	0.0118454610928893	MARCKS__COMPOSITE__META__REVERSE	MARCKS	reverse																							
DrugReflector	BRD-K31491153	8.0	8.17843246459961	0.0084078554064035	MARCKS__COMPOSITE__META__REVERSE	MARCKS	reverse																							
DrugReflector	BRD-K23282736	9.0	8.176962852478027	0.0083955079317092	MARCKS__COMPOSITE__META__REVERSE	MARCKS	reverse																							
DrugReflector	BRD-K29582115	10.0	8.1685209274292	0.0083249332383275	MARCKS__COMPOSITE__META__REVERSE	MARCKS	reverse																							
DrugReflector	BRD-A75726477	11.0	8.0970458984375	0.0077506746165454	MARCKS__COMPOSITE__META__REVERSE	MARCKS	reverse																							
DrugReflector	BRD-K11399644	12.0	8.065712928771973	0.0075115882791578	MARCKS__COMPOSITE__META__REVERSE	MARCKS	reverse																							
DrugReflector	BRD-K81528515	13.0	8.04397964477539	0.0073500983417034	MARCKS__COMPOSITE__META__REVERSE	MARCKS	reverse																							
DrugReflector	BRD-K04412738	14.0	8.027692794799805	0.0072313575074076	MARCKS__COMPOSITE__META__REVERSE	MARCKS	reverse																							
DrugReflector	BRD-A80017228	15.0	7.951520919799805	0.0067009879276156	MARCKS__COMPOSITE__META__REVERSE	MARCKS	reverse																							
DrugReflector	BRD-K82594686	16.0	7.951112270355225	0.0066982503049075	MARCKS__COMPOSITE__META__REVERSE	MARCKS	reverse																							
DrugReflector	BRD-K04877770	17.0	7.931246280670166	0.0065664951689541	MARCKS__COMPOSITE__META__REVERSE	MARCKS	reverse																							
DrugReflector	BRD-A33168282	18.0	7.835916996002197	0.0059694275259971	MARCKS__COMPOSITE__META__REVERSE	MARCKS	reverse																							
DrugReflector	BRD-K95779464	19.0	7.805723667144775	0.0057918839156627	MARCKS__COMPOSITE__META__REVERSE	MARCKS	reverse																							
DrugReflector	BRD-K21667562	20.0	7.701966762542725	0.005221061874181	MARCKS__COMPOSITE__META__REVERSE	MARCKS	reverse																							
DrugReflector	BRD-K32584078	21.0	7.697553634643555	0.005198071245104	MARCKS__COMPOSITE__META__REVERSE	MARCKS	reverse																							
DrugReflector	BRD-K28428262	22.0	7.671267986297607	0.0050632171332836	MARCKS__COMPOSITE__META__REVERSE	MARCKS	reverse																							
DrugReflector	BRD-A92670106	23.0	7.644254207611084	0.0049282712861895	MARCKS__COMPOSITE__META__REVERSE	MARCKS	reverse																							
DrugReflector	BRD-K22096725	24.0	7.619922161102295	0.0048098033294081	MARCKS__COMPOSITE__META__REVERSE	MARCKS	reverse																							
DrugReflector	BRD-K89784888	25.0	7.607679843902588	0.0047512794844806	MARCKS__COMPOSITE__META__REVERSE	MARCKS	reverse																							
DrugReflector	BRD-K25906698	26.0	7.528701305389404	0.0043904660269618	MARCKS__COMPOSITE__META__REVERSE	MARCKS	reverse																							
DrugReflector	BRD-K20141153	27.0	7.5136284828186035	0.0043247854337096	MARCKS__COMPOSITE__META__REVERSE	MARCKS	reverse																							
DrugReflector	BRD-A44008656	28.0	7.50421142578125	0.0042842496186494	MARCKS__COMPOSITE__META__REVERSE	MARCKS	reverse																							
DrugReflector	BRD-K96263742	29.0	7.498372554779053	0.0042593069374561	MARCKS__COMPOSITE__META__REVERSE	MARCKS	reverse																							
DrugReflector	BRD-K08714182	30.0	7.497857570648193	0.0042571141384541	MARCKS__COMPOSITE__META__REVERSE	MARCKS	reverse																							
DrugReflector	BRD-A06131576	31.0	7.416351318359375	0.0039238976314663	MARCKS__COMPOSITE__META__REVERSE	MARCKS	reverse																							
DrugReflector	BRD-K36638198	32.0	7.388159275054932	0.0038148195017129	MARCKS__COMPOSITE__META__REVERSE	MARCKS	reverse																							
DrugReflector	BRD-K37618799	33.0	7.372875213623047	0.0037569566629827	MARCKS__COMPOSITE__META__REVERSE	MARCKS	reverse																							
DrugReflector	BRD-K06198550	34.0	7.358624935150146	0.0037037988658994	MARCKS__COMPOSITE__META__REVERSE	MARCKS	reverse																							
DrugReflector	BRD-K13664374	35.0	7.35352087020874	0.0036849426105618	MARCKS__COMPOSITE__META__REVERSE	MARCKS	reverse																							
DrugReflector	BRD-K16227029	36.0	7.351053237915039	0.0036758605856448	MARCKS__COMPOSITE__META__REVERSE	MARCKS	reverse																							
DrugReflector	BRD-K65315692	37.0	7.241706848144531	0.0032951147295534	MARCKS__COMPOSITE__META__REVERSE	MARCKS	reverse																							
DrugReflector	BRD-K13514097	38.0	7.2394118309021	0.0032875605393201	MARCKS__COMPOSITE__META__REVERSE	MARCKS	reverse																							
DrugReflector	BRD-K99113996	39.0	7.237940311431885	0.0032827269751578	MARCKS__COMPOSITE__META__REVERSE	MARCKS	reverse																							
DrugReflector	BRD-K71799949	40.0	7.230433940887451	0.0032581773120909	MARCKS__COMPOSITE__META__REVERSE	MARCKS	reverse																							
DrugReflector	BRD-K86301799	41.0	7.223201751708984	0.0032346989028155	MARCKS__COMPOSITE__META__REVERSE	MARCKS	reverse																							
DrugReflector	BRD-A52650764	42.0	7.217081546783447	0.003214961849153	MARCKS__COMPOSITE__META__REVERSE	MARCKS	reverse																							
DrugReflector	BRD-K90915722	43.0	7.196949005126953	0.0031508840620517	MARCKS__COMPOSITE__META__REVERSE	MARCKS	reverse																							
DrugReflector	BRD-K77695569	44.0	7.17132043838501	0.0030711572617292	MARCKS__COMPOSITE__META__REVERSE	MARCKS	reverse																							
DrugReflector	BRD-K11696279	45.0	7.14776086807251	0.0029996479861438	MARCKS__COMPOSITE__META__REVERSE	MARCKS	reverse																							
DrugReflector	BRD-K73109821	46.0	7.1292724609375	0.0029446987900882	MARCKS__COMPOSITE__META__REVERSE	MARCKS	reverse																							
DrugReflector	BRD-K69569876	47.0	7.1205010414123535	0.0029189826454967	MARCKS__COMPOSITE__META__REVERSE	MARCKS	reverse																							
DrugReflector	BRD-K79759585	48.0	7.116612911224365	0.0029076552018523	MARCKS__COMPOSITE__META__REVERSE	MARCKS	reverse																							
DrugReflector	BRD-K09602097	49.0	7.0894293785095215	0.0028296795208007	MARCKS__COMPOSITE__META__REVERSE	MARCKS	reverse																							
DrugReflector	BRD-K28428262	0.0	8.8414888381958	0.0317739211022853	MARCKS__endothelial__META__REVERSE	MARCKS	reverse																							
DrugReflector	BRD-K33882852	1.0	8.52059268951416	0.0230519343167543	MARCKS__endothelial__META__REVERSE	MARCKS	reverse																							
DrugReflector	BRD-K08714182	2.0	8.314068794250488	0.0187506005167961	MARCKS__endothelial__META__REVERSE	MARCKS	reverse																							
DrugReflector	BRD-K88278225	3.0	8.147122383117676	0.0158676020801067	MARCKS__endothelial__META__REVERSE	MARCKS	reverse																							
DrugReflector	BRD-K74065929	4.0	8.129931449890137	0.0155971534550189	MARCKS__endothelial__META__REVERSE	MARCKS	reverse																							
DrugReflector	BRD-A79768653	5.0	8.099629402160645	0.0151316188275814	MARCKS__endothelial__META__REVERSE	MARCKS	reverse																							
DrugReflector	BRD-K02113016	6.0	8.040461540222168	0.0142622832208871	MARCKS__endothelial__META__REVERSE	MARCKS	reverse																							
DrugReflector	BRD-A80017228	7.0	7.963709354400635	0.013208576478064	MARCKS__endothelial__META__REVERSE	MARCKS	reverse																							
DrugReflector	BRD-K98143437	8.0	7.941417217254639	0.0129173882305622	MARCKS__endothelial__META__REVERSE	MARCKS	reverse																							
DrugReflector	BRD-K11399644	9.0	7.918694972991943	0.0126271843910217	MARCKS__endothelial__META__REVERSE	MARCKS	reverse																							
DrugReflector	BRD-K81528515	10.0	7.693088054656982	0.0100768944248557	MARCKS__endothelial__META__REVERSE	MARCKS	reverse																							
DrugReflector	BRD-K15891719	11.0	7.664103031158447	0.0097890077158808	MARCKS__endothelial__META__REVERSE	MARCKS	reverse																							
DrugReflector	BRD-K21667562	12.0	7.382251739501953	0.0073846885934472	MARCKS__endothelial__META__REVERSE	MARCKS	reverse																							
DrugReflector	BRD-K23282736	13.0	7.296531677246094	0.006778045091778	MARCKS__endothelial__META__REVERSE	MARCKS	reverse																							
DrugReflector	BRD-K13514097	14.0	7.271642208099365	0.0066114249639213	MARCKS__endothelial__META__REVERSE	MARCKS	reverse																							
DrugReflector	BRD-K66359319	15.0	7.239604949951172	0.0064029702916741	MARCKS__endothelial__META__REVERSE	MARCKS	reverse																							
DrugReflector	BRD-K52751261	16.0	7.236270904541016	0.0063816579058766	MARCKS__endothelial__META__REVERSE	MARCKS	reverse																							
DrugReflector	BRD-A74914197	17.0	7.162147998809815	0.0059257363900542	MARCKS__endothelial__META__REVERSE	MARCKS	reverse																							
DrugReflector	BRD-K24844714	18.0	7.064894199371338	0.0053765731863677	MARCKS__endothelial__META__REVERSE	MARCKS	reverse																							
DrugReflector	BRD-K07568447	19.0	7.061604976654053	0.0053589176386594	MARCKS__endothelial__META__REVERSE	MARCKS	reverse																							
DrugReflector	BRD-K76841105	20.0	7.055302143096924	0.0053252470679581	MARCKS__endothelial__META__REVERSE	MARCKS	reverse																							
DrugReflector	BRD-K91900765	21.0	7.023010730743408	0.0051560350693762	MARCKS__endothelial__META__REVERSE	MARCKS	reverse																							
DrugReflector	BRD-K93830491	22.0	7.021949768066406	0.0051505668088793	MARCKS__endothelial__META__REVERSE	MARCKS	reverse																							
DrugReflector	BRD-K22096725	23.0	6.990767002105713	0.0049924366176128	MARCKS__endothelial__META__REVERSE	MARCKS	reverse																							
DrugReflector	BRD-K86301799	24.0	6.9243011474609375	0.0046713971532881	MARCKS__endothelial__META__REVERSE	MARCKS	reverse																							
DrugReflector	BRD-K61627029	25.0	6.913645267486572	0.0046218833886086	MARCKS__endothelial__META__REVERSE	MARCKS	reverse																							
DrugReflector	BRD-K05396879	26.0	6.874937057495117	0.0044463970698416	MARCKS__endothelial__META__REVERSE	MARCKS	reverse																							
DrugReflector	BRD-K78692225	27.0	6.869802951812744	0.0044236271642148	MARCKS__endothelial__META__REVERSE	MARCKS	reverse																							
DrugReflector	BRD-K62196610	28.0	6.865988254547119	0.0044067846611142	MARCKS__endothelial__META__REVERSE	MARCKS	reverse																							
DrugReflector	BRD-A58280226	29.0	6.838623046875	0.0042878268286585	MARCKS__endothelial__META__REVERSE	MARCKS	reverse																							
DrugReflector	BRD-K64451768	30.0	6.814585208892822	0.0041859857738018	MARCKS__endothelial__META__REVERSE	MARCKS	reverse																							
DrugReflector	BRD-K77908580	31.0	6.767428874969482	0.0039931717328727	MARCKS__endothelial__META__REVERSE	MARCKS	reverse																							
DrugReflector	BRD-K57569181	32.0	6.766894817352295	0.0039910394698381	MARCKS__endothelial__META__REVERSE	MARCKS	reverse																							
DrugReflector	BRD-K52313696	33.0	6.744218349456787	0.0039015559013932	MARCKS__endothelial__META__REVERSE	MARCKS	reverse																							
DrugReflector	BRD-K45330754	34.0	6.741727352142334	0.0038918489590287	MARCKS__endothelial__META__REVERSE	MARCKS	reverse																							
DrugReflector	BRD-K77695569	35.0	6.718174457550049	0.0038012557197362	MARCKS__endothelial__META__REVERSE	MARCKS	reverse																							
DrugReflector	BRD-K67043667	36.0	6.685571670532227	0.0036793225444853	MARCKS__endothelial__META__REVERSE	MARCKS	reverse																							
DrugReflector	BRD-K05464208	37.0	6.640406131744385	0.0035168412141501	MARCKS__endothelial__META__REVERSE	MARCKS	reverse																							
DrugReflector	BRD-K92137277	38.0	6.548320293426514	0.0032074532937258	MARCKS__endothelial__META__REVERSE	MARCKS	reverse																							
DrugReflector	BRD-K23984367	39.0	6.5359625816345215	0.0031680609099566	MARCKS__endothelial__META__REVERSE	MARCKS	reverse																							
DrugReflector	BRD-K06198550	40.0	6.535398006439209	0.0031662727706134	MARCKS__endothelial__META__REVERSE	MARCKS	reverse																							
DrugReflector	BRD-K11696279	41.0	6.512777328491211	0.0030954533722251	MARCKS__endothelial__META__REVERSE	MARCKS	reverse																							
DrugReflector	BRD-K82594686	42.0	6.490467071533203	0.0030271578580141	MARCKS__endothelial__META__REVERSE	MARCKS	reverse																							
DrugReflector	BRD-K40797222	43.0	6.48989725112915	0.0030254332814365	MARCKS__endothelial__META__REVERSE	MARCKS	reverse																							
DrugReflector	BRD-K73999723	44.0	6.481672286987305	0.0030006510205566	MARCKS__endothelial__META__REVERSE	MARCKS	reverse																							
DrugReflector	BRD-K79759585	45.0	6.466529846191406	0.0029555561486631	MARCKS__endothelial__META__REVERSE	MARCKS	reverse																							
DrugReflector	BRD-K32405725	46.0	6.452734470367432	0.0029150629416108	MARCKS__endothelial__META__REVERSE	MARCKS	reverse																							
DrugReflector	BRD-K20141153	47.0	6.4484076499938965	0.0029024775139987	MARCKS__endothelial__META__REVERSE	MARCKS	reverse																							
DrugReflector	BRD-K04877770	48.0	6.448036670684815	0.0029014009051024	MARCKS__endothelial__META__REVERSE	MARCKS	reverse																							
DrugReflector	BRD-K28307902	49.0	6.445815563201904	0.0028949636034667	MARCKS__endothelial__META__REVERSE	MARCKS	reverse																							
DrugReflector	BRD-K66359319	0.0	9.69790744781494	0.0315642990171909	MARCKS__fibroblast_CAF__META__REVERSE	MARCKS	reverse																							
DrugReflector	BRD-K15891719	1.0	9.64054012298584	0.0298045016825199	MARCKS__fibroblast_CAF__META__REVERSE	MARCKS	reverse																							
DrugReflector	BRD-K61627029	2.0	9.556571006774902	0.0274040345102548	MARCKS__fibroblast_CAF__META__REVERSE	MARCKS	reverse																							
DrugReflector	BRD-K88278225	3.0	9.516955375671388	0.0263396278023719	MARCKS__fibroblast_CAF__META__REVERSE	MARCKS	reverse																							
DrugReflector	BRD-K22096725	4.0	9.328932762145996	0.021824911236763	MARCKS__fibroblast_CAF__META__REVERSE	MARCKS	reverse																							
DrugReflector	BRD-K58499478	5.0	9.188873291015623	0.0189725365489721	MARCKS__fibroblast_CAF__META__REVERSE	MARCKS	reverse																							
DrugReflector	BRD-K33882852	6.0	8.892329216003418	0.0141038578003644	MARCKS__fibroblast_CAF__META__REVERSE	MARCKS	reverse																							
DrugReflector	BRD-K23282736	7.0	8.872101783752441	0.0138214398175477	MARCKS__fibroblast_CAF__META__REVERSE	MARCKS	reverse																							
DrugReflector	BRD-K37618799	8.0	8.762864112854004	0.012391161173582	MARCKS__fibroblast_CAF__META__REVERSE	MARCKS	reverse																							
DrugReflector	BRD-A79768653	9.0	8.728031158447266	0.0119669698178768	MARCKS__fibroblast_CAF__META__REVERSE	MARCKS	reverse																							
DrugReflector	BRD-K89784888	10.0	8.579140663146973	0.0103115029633045	MARCKS__fibroblast_CAF__META__REVERSE	MARCKS	reverse																							
DrugReflector	BRD-K96263742	11.0	8.544833183288574	0.0099637387320399	MARCKS__fibroblast_CAF__META__REVERSE	MARCKS	reverse																							
DrugReflector	BRD-K82594686	12.0	8.42758846282959	0.0088614262640476	MARCKS__fibroblast_CAF__META__REVERSE	MARCKS	reverse																							
DrugReflector	BRD-K74998149	13.0	8.296921730041504	0.0077759912237524	MARCKS__fibroblast_CAF__META__REVERSE	MARCKS	reverse																							
DrugReflector	BRD-K21283037	14.0	8.2465238571167	0.0073938099667429	MARCKS__fibroblast_CAF__META__REVERSE	MARCKS	reverse																							
DrugReflector	BRD-K01815685	15.0	8.237650871276855	0.0073284949176013	MARCKS__fibroblast_CAF__META__REVERSE	MARCKS	reverse																							
DrugReflector	BRD-K95779464	16.0	8.161202430725098	0.0067891222424805	MARCKS__fibroblast_CAF__META__REVERSE	MARCKS	reverse																							
DrugReflector	BRD-K43579410	17.0	8.154827117919922	0.0067459777928888	MARCKS__fibroblast_CAF__META__REVERSE	MARCKS	reverse																							
DrugReflector	BRD-K04412738	18.0	8.13464641571045	0.0066112033091485	MARCKS__fibroblast_CAF__META__REVERSE	MARCKS	reverse																							
DrugReflector	BRD-A75726477	19.0	8.093218803405762	0.0063429125584661	MARCKS__fibroblast_CAF__META__REVERSE	MARCKS	reverse																							
DrugReflector	BRD-K09602097	20.0	8.041502952575684	0.0060232216492295	MARCKS__fibroblast_CAF__META__REVERSE	MARCKS	reverse																							
DrugReflector	BRD-K31491153	21.0	8.009759902954102	0.0058350288309156	MARCKS__fibroblast_CAF__META__REVERSE	MARCKS	reverse																							
DrugReflector	BRD-A06131576	22.0	7.983787059783935	0.0056854272261261	MARCKS__fibroblast_CAF__META__REVERSE	MARCKS	reverse																							
DrugReflector	BRD-K72264770	23.0	7.961655139923096	0.0055609801784157	MARCKS__fibroblast_CAF__META__REVERSE	MARCKS	reverse																							
DrugReflector	BRD-K56751279	24.0	7.953176498413086	0.0055140298791229	MARCKS__fibroblast_CAF__META__REVERSE	MARCKS	reverse																							
DrugReflector	BRD-A52650764	25.0	7.94763708114624	0.0054835705086588	MARCKS__fibroblast_CAF__META__REVERSE	MARCKS	reverse																							
DrugReflector	BRD-K08252256	26.0	7.932977199554443	0.0054037678055465	MARCKS__fibroblast_CAF__META__REVERSE	MARCKS	reverse																							
DrugReflector	BRD-K86301799	27.0	7.927786350250244	0.0053757904097437	MARCKS__fibroblast_CAF__META__REVERSE	MARCKS	reverse																							
DrugReflector	BRD-K21667562	28.0	7.8754963874816895	0.0051019131205976	MARCKS__fibroblast_CAF__META__REVERSE	MARCKS	reverse																							
DrugReflector	BRD-K04877770	29.0	7.872924327850342	0.0050888080149888	MARCKS__fibroblast_CAF__META__REVERSE	MARCKS	reverse																							
DrugReflector	BRD-K11399644	30.0	7.8591694831848145	0.0050192913040518	MARCKS__fibroblast_CAF__META__REVERSE	MARCKS	reverse																							
DrugReflector	BRD-K53913732	31.0	7.84079122543335	0.0049278880469501	MARCKS__fibroblast_CAF__META__REVERSE	MARCKS	reverse																							
DrugReflector	BRD-K13514097	32.0	7.7376885414123535	0.0044451244175434	MARCKS__fibroblast_CAF__META__REVERSE	MARCKS	reverse																							
DrugReflector	BRD-K45330754	33.0	7.7132086753845215	0.0043376288376748	MARCKS__fibroblast_CAF__META__REVERSE	MARCKS	reverse																							
DrugReflector	BRD-K12762134	34.0	7.692609786987305	0.0042491927742958	MARCKS__fibroblast_CAF__META__REVERSE	MARCKS	reverse																							
DrugReflector	BRD-K13566078	35.0	7.567812442779541	0.0037506595253944	MARCKS__fibroblast_CAF__META__REVERSE	MARCKS	reverse																							
DrugReflector	BRD-K76841105	36.0	7.559893131256103	0.0037210742011666	MARCKS__fibroblast_CAF__META__REVERSE	MARCKS	reverse																							
DrugReflector	BRD-K04466929	37.0	7.548643112182617	0.0036794466432183	MARCKS__fibroblast_CAF__META__REVERSE	MARCKS	reverse																							
DrugReflector	BRD-K56851771	38.0	7.526811599731445	0.0035999892279505	MARCKS__fibroblast_CAF__META__REVERSE	MARCKS	reverse																							
DrugReflector	BRD-K32584078	39.0	7.513432025909424	0.0035521439276635	MARCKS__fibroblast_CAF__META__REVERSE	MARCKS	reverse																							
DrugReflector	BRD-K13664374	40.0	7.509302616119385	0.003537505865097	MARCKS__fibroblast_CAF__META__REVERSE	MARCKS	reverse																							
DrugReflector	BRD-K49111258	41.0	7.50705099105835	0.0035295495763421	MARCKS__fibroblast_CAF__META__REVERSE	MARCKS	reverse																							
DrugReflector	BRD-A92670106	42.0	7.48638916015625	0.0034573709126561	MARCKS__fibroblast_CAF__META__REVERSE	MARCKS	reverse																							
DrugReflector	BRD-K19388745	43.0	7.483141422271728	0.0034461603499948	MARCKS__fibroblast_CAF__META__REVERSE	MARCKS	reverse																							
DrugReflector	BRD-K47503321	44.0	7.478041172027588	0.003428628668189	MARCKS__fibroblast_CAF__META__REVERSE	MARCKS	reverse																							
DrugReflector	BRD-A80960055	45.0	7.465145111083984	0.0033846970181912	MARCKS__fibroblast_CAF__META__REVERSE	MARCKS	reverse																							
DrugReflector	BRD-K20141153	46.0	7.459181308746338	0.003364571603015	MARCKS__fibroblast_CAF__META__REVERSE	MARCKS	reverse																							
DrugReflector	BRD-K09132007	47.0	7.436630249023437	0.0032895461190491	MARCKS__fibroblast_CAF__META__REVERSE	MARCKS	reverse																							
DrugReflector	BRD-K31699485	48.0	7.432363986968994	0.003275541588664	MARCKS__fibroblast_CAF__META__REVERSE	MARCKS	reverse																							
DrugReflector	BRD-K07568447	49.0	7.410775661468506	0.0032055859919637	MARCKS__fibroblast_CAF__META__REVERSE	MARCKS	reverse																							
PRISM						DNMT1		BRD-K81916719-001-13-9::2.5::HTS	BRD-K81916719-001-13-9	triclabendazole	microtubule inhibitor	HTS	33.0	-0.856462467267	-0.868044571104458	0.787878787878788														
PRISM						ROCK1, ROCK2		BRD-K56751279-300-01-4::2.5::HTS	BRD-K56751279-300-01-4	Y-39983	rho associated kinase inhibitor	HTS	36.0	-0.09478560513595	-0.0897086176175536	0.166666666666667														
docking_summary	BRD-K56751279																5TBM	-6.276	-6.276;-6.107;-6.052;-5.938;-5.409;-5.253;-4.431;-3.802;-1.607	9.0	16.0	9.0	10.0	8.0	0.0	completed				
docking_summary	BRD-K81916719																5TBM	-5.545	-5.545;-4.797;-4.579;-4.331;-1.895;-1.856;-1.610;-0.669;0.621	9.0	16.0	9.0	10.0	8.0	0.0	completed				
docking_summary	BRD-K56751279																6CZW	-6.402	-6.402;-6.268;-5.805;-5.330;-4.301;-3.403;-1.993;-1.293	8.0	16.0	9.0	10.0	8.0	0.0	completed				
docking_summary	BRD-K81916719																6CZW	-6.967	-6.967;-5.918;-5.554;-5.357;-5.343;-4.592;-4.510;-3.082;-1.574	9.0	16.0	9.0	10.0	8.0	0.0	completed				
docking_summary	BRD-K56751279																6D09	-6.174	-6.174;-5.861;-5.814;-5.657;-5.483;-5.155	6.0	16.0	9.0	10.0	8.0	0.0	completed				
docking_summary	BRD-K81916719																6D09	-5.445	-5.445;-4.343;-3.975;-3.252;-2.778;-2.681;-1.476;0.446;0.521	9.0	16.0	9.0	10.0	8.0	0.0	completed				
docking_summary	BRD-K56751279																6D0B	-7.729	-7.729;-6.114;-5.921;-4.941;-3.114;-2.637	6.0	16.0	9.0	10.0	8.0	0.0	completed				
docking_summary	BRD-K81916719																6D0B	-6.491	-6.491;-5.070;-4.723;-4.692;-2.973;-1.786;-1.778;0.351;0.717	9.0	16.0	9.0	10.0	8.0	0.0	completed				
docking_summary	BRD-K56751279																6X21	-6.182	-6.182;-5.349;-4.967;-4.676;-1.156;-0.045;0.556;2.422;3.410	9.0	16.0	9.0	10.0	8.0	0.0	completed				
docking_summary	BRD-K81916719																6X21	-6.126	-6.126;-5.221;-3.599;-3.360;-2.167;-1.006;-0.876;-0.054;0.488	9.0	16.0	9.0	10.0	8.0	0.0	completed				
docking_contacts	BRD-K56751279																5TBM										Y-39983	-6.276	18.0	A:ALA277;A:ASN341;A:CYS339;A:HIS248;A:HIS293;A:ILE261;A:LEU319;A:MET289;A:MET309;A:PHE244;A:PHE254;A:SER246;A:SER292;A:SER304;A:THR321;A:TYR281;A:TYR307;A:VAL302
docking_contacts	BRD-K56751279																6CZW										Y-39983	-6.402	19.0	A:ALA277;A:ASN341;A:CYS339;A:HIS248;A:HIS293;A:ILE261;A:LEU296;A:LEU319;A:MET252;A:MET289;A:MET309;A:PHE244;A:PHE254;A:SER246;A:SER292;A:SER304;A:TYR281;A:TYR307;A:VAL302
docking_contacts	BRD-K56751279																6D09										Y-39983	-6.174	19.0	A:ALA277;A:ASN341;A:CYS339;A:GLY323;A:HIS248;A:HIS293;A:ILE261;A:LEU296;A:LEU319;A:MET289;A:MET309;A:PHE244;A:PHE254;A:SER246;A:SER292;A:THR321;A:TYR281;A:TYR307;A:VAL302
docking_contacts	BRD-K56751279																6D0B										Y-39983	-7.729	21.0	A:ALA277;A:ASN341;A:CYS339;A:GLN322;A:GLY323;A:HIS248;A:LEU296;A:LEU319;A:MET289;A:MET309;A:PHE244;A:PHE254;A:PHE280;A:SER246;A:SER292;A:SER304;A:THR321;A:TYR281;A:TYR307;A:VAL302;A:VAL303
docking_contacts	BRD-K56751279																6X21										Y-39983	-6.182	17.0	A:ALA277;A:ASN341;A:CYS339;A:GLY323;A:HIS248;A:LEU296;A:MET252;A:MET309;A:PHE244;A:PHE254;A:PHE280;A:SER246;A:SER292;A:THR321;A:TYR281;A:TYR307;A:VAL302
docking_contacts	BRD-K81916719																5TBM										triclabendazole	-5.545	18.0	A:ALA277;A:ASN341;A:CYS339;A:GLY323;A:HIS248;A:LEU319;A:MET252;A:MET289;A:MET309;A:PHE244;A:PHE254;A:SER246;A:SER292;A:SER304;A:THR321;A:TYR281;A:TYR307;A:VAL302
docking_contacts	BRD-K81916719																6CZW										triclabendazole	-6.967	18.0	A:ALA277;A:ASN341;A:CYS339;A:GLY323;A:HIS248;A:LEU319;A:MET252;A:MET289;A:MET309;A:PHE244;A:PHE254;A:SER246;A:SER292;A:SER304;A:THR321;A:TYR281;A:TYR307;A:VAL302
docking_contacts	BRD-K81916719																6D09										triclabendazole	-5.445	19.0	A:ALA277;A:ASN341;A:CYS339;A:GLY323;A:HIS248;A:LEU319;A:MET252;A:MET289;A:MET309;A:PHE244;A:PHE254;A:SER246;A:SER292;A:SER304;A:THR321;A:TYR281;A:TYR307;A:VAL302;A:VAL303
docking_contacts	BRD-K81916719																6D0B										triclabendazole	-6.491	18.0	A:ALA277;A:ASN341;A:CYS339;A:GLY323;A:HIS248;A:LEU296;A:LEU319;A:MET252;A:MET309;A:PHE244;A:PHE254;A:SER246;A:SER292;A:SER304;A:THR321;A:TYR281;A:TYR307;A:VAL302
docking_contacts	BRD-K81916719																6X21										triclabendazole	-6.126	19.0	A:ALA277;A:ASN341;A:GLN322;A:GLY323;A:HIS248;A:LEU319;A:MET252;A:MET289;A:MET309;A:PHE244;A:PHE254;A:SER246;A:SER292;A:SER304;A:THR321;A:TYR281;A:TYR307;A:VAL302;A:VAL303
docking_contacts	BRD-K49448285_negative																5TBM										negative_control	-3.659	17.0	A:ALA277;A:ASN341;A:CYS339;A:GLY323;A:HIS248;A:HIS293;A:LEU296;A:MET252;A:MET289;A:MET309;A:PHE254;A:SER246;A:SER304;A:THR321;A:TYR281;A:TYR307;A:VAL302
docking_contacts	BRD-K49448285_negative																6CZW										negative_control	-5.384	17.0	A:ALA277;A:ASN341;A:CYS339;A:GLY323;A:HIS248;A:HIS293;A:LEU296;A:LEU319;A:MET252;A:MET289;A:MET309;A:SER246;A:SER304;A:THR321;A:TYR281;A:TYR307;A:VAL302
docking_contacts	BRD-K49448285_negative																6D09										negative_control	-3.302	15.0	A:ALA277;A:ASN341;A:CYS339;A:GLY323;A:HIS248;A:HIS293;A:MET252;A:MET289;A:MET309;A:SER246;A:SER304;A:THR321;A:TYR281;A:TYR307;A:VAL302
docking_contacts	BRD-K49448285_negative																6D0B										negative_control	-3.203	19.0	A:ALA277;A:ASN341;A:CYS339;A:GLY323;A:HIS248;A:ILE337;A:LEU296;A:LEU319;A:MET252;A:MET289;A:MET309;A:PHE244;A:PHE254;A:SER246;A:SER304;A:THR321;A:TYR281;A:TYR307;A:VAL302
docking_contacts	BRD-K49448285_negative																6X21										negative_control	-3.398	16.0	A:ALA277;A:ASN341;A:CYS339;A:GLY323;A:HIS248;A:LEU296;A:LEU319;A:MET252;A:MET289;A:MET309;A:PHE280;A:SER304;A:THR321;A:TYR281;A:TYR307;A:VAL302
