source_table	program	before	after	delta	proxy	dataset	cell_type	target	n_cells	n_genes	perturbation	n_sig_fdr	n_program_genes	mean_abs_Z	mean_FC	network_score
signed_program_responses	endothelial	0.106316442506047	0.112568481794247	0.0062520392881993	KO	GSE154778_primary	endothelial	EPAS1	89.0	58.0	KO	1				
signed_program_responses	CAF_ECM	-0.0711448609118179	-0.0711656393526434	-2.07784408254169e-05	KO	GSE154778_primary	endothelial	EPAS1	89.0	58.0	KO	0				
signed_program_responses	myeloid_inflammation	-0.115591536680793	-0.114643982073465	0.0009475546073272	KO	GSE154778_primary	endothelial	EPAS1	89.0	58.0	KO	0				
signed_program_responses	cytotoxic_TNK	-0.185338248630658	-0.185419341525832	-8.10928951737178e-05	KO	GSE154778_primary	endothelial	EPAS1	89.0	58.0	KO	0				
signed_program_responses	T_exhaustion	0.028222708932135	0.0273320748370942	-0.0008906340950407	KO	GSE154778_primary	endothelial	EPAS1	89.0	58.0	KO	0				
signed_program_responses	TNF_NFkB	-0.035293511848342	-0.0359317982608811	-0.000638286412539	KO	GSE154778_primary	endothelial	EPAS1	89.0	58.0	KO	0				
signed_program_responses	angiogenesis	0.0342817174868675	0.0285451056082904	-0.005736611878577	KO	GSE154778_primary	endothelial	EPAS1	89.0	58.0	KO	1				
signed_program_responses	TGFb_fibrosis	-0.0478468274913496	-0.0511151526585784	-0.0032683251672288	KO	GSE154778_primary	endothelial	EPAS1	89.0	58.0	KO	0				
signed_program_responses	endothelial	0.106316442506047	0.0769017752639749	-0.0294146672420724	OE	GSE154778_primary	endothelial	EPAS1	89.0	58.0	OE	0				
signed_program_responses	CAF_ECM	-0.0711448609118179	-0.0706497816380186	0.0004950792737993	OE	GSE154778_primary	endothelial	EPAS1	89.0	58.0	OE	0				
signed_program_responses	myeloid_inflammation	-0.115591536680793	-0.120327617034917	-0.0047360803541246	OE	GSE154778_primary	endothelial	EPAS1	89.0	58.0	OE	0				
signed_program_responses	cytotoxic_TNK	-0.185338248630658	-0.185993363056467	-0.0006551144258091	OE	GSE154778_primary	endothelial	EPAS1	89.0	58.0	OE	0				
signed_program_responses	T_exhaustion	0.028222708932135	0.0341794352064978	0.0059567262743628	OE	GSE154778_primary	endothelial	EPAS1	89.0	58.0	OE	0				
signed_program_responses	TNF_NFkB	-0.035293511848342	-0.0329859762967773	0.0023075355515647	OE	GSE154778_primary	endothelial	EPAS1	89.0	58.0	OE	0				
signed_program_responses	angiogenesis	0.0342817174868675	0.0169642754132766	-0.0173174420735909	OE	GSE154778_primary	endothelial	EPAS1	89.0	58.0	OE	0				
signed_program_responses	TGFb_fibrosis	-0.0478468274913496	-0.0517502633574833	-0.0039034358661337	OE	GSE154778_primary	endothelial	EPAS1	89.0	58.0	OE	0				
signed_program_responses	endothelial	0.26153971251432	0.253161327780906	-0.0083783847334135	KO	GSE155698_primary	endothelial	EPAS1	315.0	56.0	KO	1				
signed_program_responses	CAF_ECM	-0.0680444917267135	-0.0692738915777254	-0.0012293998510119	KO	GSE155698_primary	endothelial	EPAS1	315.0	56.0	KO	0				
signed_program_responses	myeloid_inflammation	-0.0911815390108453	-0.089980083274306	0.0012014557365392	KO	GSE155698_primary	endothelial	EPAS1	315.0	56.0	KO	0				
signed_program_responses	cytotoxic_TNK	-0.132085067773416	-0.132225136750251	-0.0001400689768348	KO	GSE155698_primary	endothelial	EPAS1	315.0	56.0	KO	0				
signed_program_responses	T_exhaustion	-0.0141472030974626	-0.0147258068244863	-0.0005786037270237	KO	GSE155698_primary	endothelial	EPAS1	315.0	56.0	KO	0				
signed_program_responses	TNF_NFkB	0.0250852635241345	0.0268984353767459	0.0018131718526114	KO	GSE155698_primary	endothelial	EPAS1	315.0	56.0	KO	0				
signed_program_responses	angiogenesis	0.199566040084842	0.178257768793028	-0.0213082712918142	KO	GSE155698_primary	endothelial	EPAS1	315.0	56.0	KO	1				
signed_program_responses	TGFb_fibrosis	0.0255173871569433	0.0252362219285018	-0.0002811652284414	KO	GSE155698_primary	endothelial	EPAS1	315.0	56.0	KO	0				
signed_program_responses	endothelial	0.26153971251432	0.254562668068707	-0.0069770444456128	OE	GSE155698_primary	endothelial	EPAS1	315.0	56.0	OE	1				
signed_program_responses	CAF_ECM	-0.0680444917267135	-0.102805426466808	-0.034760934740095	OE	GSE155698_primary	endothelial	EPAS1	315.0	56.0	OE	0				
signed_program_responses	myeloid_inflammation	-0.0911815390108453	-0.10669462570332	-0.0155130866924749	OE	GSE155698_primary	endothelial	EPAS1	315.0	56.0	OE	0				
signed_program_responses	cytotoxic_TNK	-0.132085067773416	-0.13466008808573	-0.0025750203123134	OE	GSE155698_primary	endothelial	EPAS1	315.0	56.0	OE	0				
signed_program_responses	T_exhaustion	-0.0141472030974626	-0.0164720938703555	-0.0023248907728928	OE	GSE155698_primary	endothelial	EPAS1	315.0	56.0	OE	0				
signed_program_responses	TNF_NFkB	0.0250852635241345	0.0003277978710961	-0.0247574656530383	OE	GSE155698_primary	endothelial	EPAS1	315.0	56.0	OE	0				
signed_program_responses	angiogenesis	0.199566040084842	0.120788501515251	-0.0787775385695915	OE	GSE155698_primary	endothelial	EPAS1	315.0	56.0	OE	1				
signed_program_responses	TGFb_fibrosis	0.0255173871569433	0.0189981762276615	-0.0065192109292818	OE	GSE155698_primary	endothelial	EPAS1	315.0	56.0	OE	0				
signed_program_responses	endothelial	0.168379948130235	0.158086799370338	-0.0102931487598976	KO	GSE212966_primary	endothelial	EPAS1	974.0	58.0	KO	1				
signed_program_responses	CAF_ECM	-0.0722523114923661	-0.0750315102832141	-0.002779198790848	KO	GSE212966_primary	endothelial	EPAS1	974.0	58.0	KO	0				
signed_program_responses	myeloid_inflammation	-0.0859662713092188	-0.0865384675472132	-0.0005721962379944	KO	GSE212966_primary	endothelial	EPAS1	974.0	58.0	KO	0				
signed_program_responses	cytotoxic_TNK	-0.122256636424023	-0.122397629208789	-0.0001409927847659	KO	GSE212966_primary	endothelial	EPAS1	974.0	58.0	KO	1				
signed_program_responses	T_exhaustion	-0.0341629519654646	-0.0333791321149912	0.0007838198504734	KO	GSE212966_primary	endothelial	EPAS1	974.0	58.0	KO	0				
signed_program_responses	TNF_NFkB	-0.0536585279251062	-0.0541212929952957	-0.0004627650701895	KO	GSE212966_primary	endothelial	EPAS1	974.0	58.0	KO	1				
signed_program_responses	angiogenesis	0.0968097978900795	0.0776061272007213	-0.0192036706893583	KO	GSE212966_primary	endothelial	EPAS1	974.0	58.0	KO	1				
signed_program_responses	TGFb_fibrosis	-0.0236087170695346	-0.0278868082934597	-0.004278091223925	KO	GSE212966_primary	endothelial	EPAS1	974.0	58.0	KO	0				
signed_program_responses	endothelial	0.168379948130235	0.162121981564158	-0.0062579665660775	OE	GSE212966_primary	endothelial	EPAS1	974.0	58.0	OE	0				
signed_program_responses	CAF_ECM	-0.0722523114923661	-0.109819671777454	-0.0375673602850878	OE	GSE212966_primary	endothelial	EPAS1	974.0	58.0	OE	0				
signed_program_responses	myeloid_inflammation	-0.0859662713092188	-0.103409680367354	-0.0174434090581355	OE	GSE212966_primary	endothelial	EPAS1	974.0	58.0	OE	0				
signed_program_responses	cytotoxic_TNK	-0.122256636424023	-0.123693084112128	-0.0014364476881055	OE	GSE212966_primary	endothelial	EPAS1	974.0	58.0	OE	0				
signed_program_responses	T_exhaustion	-0.0341629519654646	-0.0361236527718123	-0.0019607008063477	OE	GSE212966_primary	endothelial	EPAS1	974.0	58.0	OE	0				
signed_program_responses	TNF_NFkB	-0.0536585279251062	-0.0735369349719937	-0.0198784070468875	OE	GSE212966_primary	endothelial	EPAS1	974.0	58.0	OE	0				
signed_program_responses	angiogenesis	0.0968097978900795	0.0724236206038011	-0.0243861772862784	OE	GSE212966_primary	endothelial	EPAS1	974.0	58.0	OE	0				
signed_program_responses	TGFb_fibrosis	-0.0236087170695346	-0.0603905381459371	-0.0367818210764025	OE	GSE212966_primary	endothelial	EPAS1	974.0	58.0	OE	0				
network_summary	endothelial					GSE154778_primary	endothelial	EPAS1			KO	1	10.0	0.884538457960696	89.3384317518993	16.2494046853119
network_summary	CAF_ECM					GSE154778_primary	endothelial	EPAS1			KO	0	8.0	0.475077072073092	0.0478118193042846	6.43283566388962e-12
network_summary	myeloid_inflammation					GSE154778_primary	endothelial	EPAS1			KO	0	10.0	1.53459140961319	0.0084433341297174	8.04104457986203e-12
network_summary	cytotoxic_TNK					GSE154778_primary	endothelial	EPAS1			KO	0	7.0	1.63272060655709	4.20123068195266e-20	5.6287312059034195e-12
network_summary	T_exhaustion					GSE154778_primary	endothelial	EPAS1			KO	0	7.0	1.41784471469836	0.1227394150397	5.6287312059034195e-12
network_summary	TNF_NFkB					GSE154778_primary	endothelial	EPAS1			KO	0	8.0	1.18688826246144	0.0335441575686041	6.43283566388962e-12
network_summary	angiogenesis					GSE154778_primary	endothelial	EPAS1			KO	1	7.0	0.811680147577754	126.918344393737	16.0000000000048
network_summary	TGFb_fibrosis					GSE154778_primary	endothelial	EPAS1			KO	0	10.0	0.620695331753959	0.153594666985644	8.04104457986203e-12
network_summary	endothelial					GSE154778_primary	endothelial	EPAS1			OE	0	10.0	0.619965784253666	1.63191764077729	0.71133631561114
network_summary	CAF_ECM					GSE154778_primary	endothelial	EPAS1			OE	0	8.0	0.916624260942794	0.197188888117208	1.23048184732202e-13
network_summary	myeloid_inflammation					GSE154778_primary	endothelial	EPAS1			OE	0	10.0	1.16062887705585	0.147859299460882	1.53810230915252e-13
network_summary	cytotoxic_TNK					GSE154778_primary	endothelial	EPAS1			OE	0	7.0	1.42928117460926	4.79434181305676e-27	1.07667161640676e-13
network_summary	T_exhaustion					GSE154778_primary	endothelial	EPAS1			OE	0	7.0	1.33912824244738	0.101858036171581	1.07667161640676e-13
network_summary	TNF_NFkB					GSE154778_primary	endothelial	EPAS1			OE	0	8.0	1.28956998155107	0.426016169965682	1.23048184732202e-13
network_summary	angiogenesis					GSE154778_primary	endothelial	EPAS1			OE	0	7.0	0.800235112708523	1.69624997016406	0.644366766613252
network_summary	TGFb_fibrosis					GSE154778_primary	endothelial	EPAS1			OE	0	10.0	1.05305646309395	0.34074733871463	1.53810230915252e-13
network_summary	endothelial					GSE154778_primary	endothelial	HERPUD1			KO	0	10.0	0.569477604110696	1.0238286787671	0.959044211359289
network_summary	CAF_ECM					GSE154778_primary	endothelial	HERPUD1			KO	0	8.0	1.08894520288435	0.825045474956637	0.79471424281853
network_summary	myeloid_inflammation					GSE154778_primary	endothelial	HERPUD1			KO	0	10.0	1.3236598602188	3.92418954831269e-05	3.13068912016638e-12
network_summary	cytotoxic_TNK					GSE154778_primary	endothelial	HERPUD1			KO	0	7.0	1.39348647677471	4.56137435942084e-07	2.1914823841164597e-12
network_summary	T_exhaustion					GSE154778_primary	endothelial	HERPUD1			KO	0	7.0	1.38694430387736	1.07374188654308e-05	2.1914823841164597e-12
network_summary	TNF_NFkB					GSE154778_primary	endothelial	HERPUD1			KO	0	8.0	1.16222958180964	0.0034184510941917	2.5045512961330997e-12
network_summary	angiogenesis					GSE154778_primary	endothelial	HERPUD1			KO	0	7.0	0.404426746904712	1.20884196971149	0.95904421135835
network_summary	TGFb_fibrosis					GSE154778_primary	endothelial	HERPUD1			KO	0	10.0	0.712129603559937	0.0028859714281082	3.13068912016638e-12
network_summary	endothelial					GSE154778_primary	endothelial	HERPUD1			OE	0	10.0	0.911480192668208	0.981862353639154	0.338000973923456
network_summary	CAF_ECM					GSE154778_primary	endothelial	HERPUD1			OE	0	8.0	0.893643675236871	0.192279211605606	5.21894024898678e-13
network_summary	myeloid_inflammation					GSE154778_primary	endothelial	HERPUD1			OE	0	10.0	1.1433972916106	0.194079016509074	6.52367531123348e-13
network_summary	cytotoxic_TNK					GSE154778_primary	endothelial	HERPUD1			OE	0	7.0	1.41068462306391	1.46447309480184e-22	4.56657271786343e-13
network_summary	T_exhaustion					GSE154778_primary	endothelial	HERPUD1			OE	0	7.0	1.30587128915084	0.0366949235407327	4.56657271786343e-13
network_summary	TNF_NFkB					GSE154778_primary	endothelial	HERPUD1			OE	0	8.0	1.2925720640395	0.486803586338427	5.21894024898678e-13
network_summary	angiogenesis					GSE154778_primary	endothelial	HERPUD1			OE	0	7.0	0.957039714377922	0.506004476355529	4.56657271786343e-13
network_summary	TGFb_fibrosis					GSE154778_primary	endothelial	HERPUD1			OE	0	10.0	1.07147481322484	0.506133764208636	6.52367531123348e-13
network_summary	endothelial					GSE154778_primary	endothelial	MARCKS			KO	0	10.0	0.594371776472002	0.4996205534063	4.69868558078343e-12
network_summary	CAF_ECM					GSE154778_primary	endothelial	MARCKS			KO	0	8.0	0.983956823528883	0.0265202547453147	3.75894846462675e-12
network_summary	myeloid_inflammation					GSE154778_primary	endothelial	MARCKS			KO	0	10.0	1.36616775976925	0.0100538253515141	4.69868558078343e-12
network_summary	cytotoxic_TNK					GSE154778_primary	endothelial	MARCKS			KO	0	7.0	1.4975328211825	0.0660876264912696	3.2890799065484e-12
network_summary	T_exhaustion					GSE154778_primary	endothelial	MARCKS			KO	0	7.0	1.45765239150209	0.0065643704269585	3.2890799065484e-12
network_summary	TNF_NFkB					GSE154778_primary	endothelial	MARCKS			KO	0	8.0	1.32091653760108	0.727710356689862	0.366490201310837
network_summary	angiogenesis					GSE154778_primary	endothelial	MARCKS			KO	0	7.0	0.480364367917886	0.151678694959396	3.2890799065484e-12
network_summary	TGFb_fibrosis					GSE154778_primary	endothelial	MARCKS			KO	0	10.0	0.739492198845223	0.0088672870696438	4.69868558078343e-12
network_summary	endothelial					GSE154778_primary	endothelial	MARCKS			OE	0	10.0	0.875395122753995	0.773173884953652	0.019127716665779
network_summary	CAF_ECM					GSE154778_primary	endothelial	MARCKS			OE	0	8.0	0.904920644531024	0.168444966755337	2.54582451170069e-14
network_summary	myeloid_inflammation					GSE154778_primary	endothelial	MARCKS			OE	0	10.0	1.13164803086408	0.169904245944365	3.18228063962586e-14
network_summary	cytotoxic_TNK					GSE154778_primary	endothelial	MARCKS			OE	0	7.0	1.40254844610442	1.02890320327299e-26	2.2275964477381e-14
network_summary	T_exhaustion					GSE154778_primary	endothelial	MARCKS			OE	0	7.0	1.31091476145446	0.0926343809984341	2.2275964477381e-14
network_summary	TNF_NFkB					GSE154778_primary	endothelial	MARCKS			OE	0	8.0	1.26617449682594	0.480971469417009	2.54582451170069e-14
network_summary	angiogenesis					GSE154778_primary	endothelial	MARCKS			OE	0	7.0	0.922651948788229	0.37347908451993	2.2275964477381e-14
network_summary	TGFb_fibrosis					GSE154778_primary	endothelial	MARCKS			OE	0	10.0	1.05202204273803	0.346325293642516	3.18228063962586e-14
network_summary	endothelial					GSE154778_primary	endothelial	TACC1			KO	0	10.0	0.527010038519682	0.424906482377363	0.0588087835918279
network_summary	CAF_ECM					GSE154778_primary	endothelial	TACC1			KO	0	8.0	1.07387478325078	0.369154445924944	0.0147343177822371
network_summary	myeloid_inflammation					GSE154778_primary	endothelial	TACC1			KO	0	10.0	1.36973524420835	0.0052324330671781	8.782612401642939e-12
network_summary	cytotoxic_TNK					GSE154778_primary	endothelial	TACC1			KO	0	7.0	1.494078961103	0.0310071741698131	6.14782868115006e-12
network_summary	T_exhaustion					GSE154778_primary	endothelial	TACC1			KO	0	7.0	1.45164066768411	0.0028110685344546	6.14782868115006e-12
network_summary	TNF_NFkB					GSE154778_primary	endothelial	TACC1			KO	0	8.0	1.31374326780818	0.371921287339909	0.0139345487046364
network_summary	angiogenesis					GSE154778_primary	endothelial	TACC1			KO	0	7.0	0.457820528982771	0.508594839486386	0.0588087835891931
network_summary	TGFb_fibrosis					GSE154778_primary	endothelial	TACC1			KO	0	10.0	0.690326158163127	0.006103766832706	8.782612401642939e-12
network_summary	endothelial					GSE154778_primary	endothelial	TACC1			OE	0	10.0	0.915994079311722	0.975850094450951	0.26912893585507
network_summary	CAF_ECM					GSE154778_primary	endothelial	TACC1			OE	0	8.0	0.911998024376868	0.276738786852125	2.32518638735406e-12
network_summary	myeloid_inflammation					GSE154778_primary	endothelial	TACC1			OE	0	10.0	1.11196516632824	0.201023935864427	2.9064829841925798e-12
network_summary	cytotoxic_TNK					GSE154778_primary	endothelial	TACC1			OE	0	7.0	1.37713477989008	4.91144476546406e-21	2.03453808893481e-12
network_summary	T_exhaustion					GSE154778_primary	endothelial	TACC1			OE	0	7.0	1.27977973711908	0.0397444925280017	2.03453808893481e-12
network_summary	TNF_NFkB					GSE154778_primary	endothelial	TACC1			OE	0	8.0	1.28035320072205	0.676483745657322	0.0397853048229594
network_summary	angiogenesis					GSE154778_primary	endothelial	TACC1			OE	0	7.0	0.944471469701939	0.43051587322496	2.03453808893481e-12
network_summary	TGFb_fibrosis					GSE154778_primary	endothelial	TACC1			OE	0	10.0	1.02857281645397	0.505809144315043	0.109116044190798
network_summary	endothelial					GSE154778_primary	fibroblast_CAF	EPAS1			KO	8	10.0	1.54642584335744	407.195904619401	36.5764013782163
network_summary	CAF_ECM					GSE154778_primary	fibroblast_CAF	EPAS1			KO	0	8.0	0.360052331206669	0.460085028976892	4.60948529012502e-13
network_summary	myeloid_inflammation					GSE154778_primary	fibroblast_CAF	EPAS1			KO	0	10.0	1.22491512208742	0.740383422708413	0.662554644345667
network_summary	cytotoxic_TNK					GSE154778_primary	fibroblast_CAF	EPAS1			KO	0	7.0	1.57629810203472	0.649405728507535	0.245973019490999
network_summary	T_exhaustion					GSE154778_primary	fibroblast_CAF	EPAS1			KO	0	7.0	1.53049255236237	0.0855654576150474	4.03329962885939e-13
network_summary	TNF_NFkB					GSE154778_primary	fibroblast_CAF	EPAS1			KO	0	8.0	1.01944856362254	0.623442860314242	4.60948529012502e-13
network_summary	angiogenesis					GSE154778_primary	fibroblast_CAF	EPAS1			KO	4	7.0	1.5235951008374	571.841713691617	24.5425707692981
network_summary	TGFb_fibrosis					GSE154778_primary	fibroblast_CAF	EPAS1			KO	0	10.0	0.534460243207367	0.475571819794573	5.76185661265627e-13
network_summary	endothelial					GSE154778_primary	fibroblast_CAF	EPAS1			OE	0	10.0	0.794301563846351	0.319100413426282	0.0236192740231166
network_summary	CAF_ECM					GSE154778_primary	fibroblast_CAF	EPAS1			OE	0	8.0	0.727535598419056	0.488529645739831	0.0236192740231038
network_summary	myeloid_inflammation					GSE154778_primary	fibroblast_CAF	EPAS1			OE	0	10.0	1.23731602481143	0.0066633225204745	6.41277765257941e-14
network_summary	cytotoxic_TNK					GSE154778_primary	fibroblast_CAF	EPAS1			OE	0	7.0	1.20832367062997	0.0073553802607889	4.48894435680558e-14
network_summary	T_exhaustion					GSE154778_primary	fibroblast_CAF	EPAS1			OE	0	7.0	1.29841527230187	3.02280295363089e-27	4.48894435680558e-14
network_summary	TNF_NFkB					GSE154778_primary	fibroblast_CAF	EPAS1			OE	0	8.0	1.24343020465602	0.172908078546425	0.0236192740231038
network_summary	angiogenesis					GSE154778_primary	fibroblast_CAF	EPAS1			OE	0	7.0	0.951753037392	0.325641487913498	0.0236192740230974
network_summary	TGFb_fibrosis					GSE154778_primary	fibroblast_CAF	EPAS1			OE	0	10.0	1.00484949185296	0.178309322229216	6.41277765257941e-14
network_summary	endothelial					GSE154778_primary	fibroblast_CAF	HERPUD1			KO	0	10.0	0.721358228258948	0.146763568505656	6.45183291497956e-12
network_summary	CAF_ECM					GSE154778_primary	fibroblast_CAF	HERPUD1			KO	1	8.0	0.505810400702334	1.60162077158351	1.39863210476182
network_summary	myeloid_inflammation					GSE154778_primary	fibroblast_CAF	HERPUD1			KO	0	10.0	1.00884513434086	0.0454478402046381	6.45183291497956e-12
network_summary	cytotoxic_TNK					GSE154778_primary	fibroblast_CAF	HERPUD1			KO	0	7.0	1.42010785133174	0.0024545264148521	4.516283040485689e-12
network_summary	T_exhaustion					GSE154778_primary	fibroblast_CAF	HERPUD1			KO	0	7.0	1.35663810674519	3.39790538077745e-05	4.516283040485689e-12
network_summary	TNF_NFkB					GSE154778_primary	fibroblast_CAF	HERPUD1			KO	0	8.0	0.769905943973818	0.0622263958204865	5.16146633198365e-12
network_summary	angiogenesis					GSE154778_primary	fibroblast_CAF	HERPUD1			KO	0	7.0	0.663030497444524	0.0857371121976448	4.516283040485689e-12
network_summary	TGFb_fibrosis					GSE154778_primary	fibroblast_CAF	HERPUD1			KO	0	10.0	0.513625382535962	0.0798544265336267	6.45183291497956e-12
network_summary	endothelial					GSE154778_primary	fibroblast_CAF	HERPUD1			OE	0	10.0	0.836973611876859	0.384142633977567	2.3626022930555602e-14
network_summary	CAF_ECM					GSE154778_primary	fibroblast_CAF	HERPUD1			OE	0	8.0	0.732364803947068	0.528156994586826	1.89008183444445e-14
network_summary	myeloid_inflammation					GSE154778_primary	fibroblast_CAF	HERPUD1			OE	0	10.0	1.26877474045713	0.0398555206649083	2.3626022930555602e-14
network_summary	cytotoxic_TNK					GSE154778_primary	fibroblast_CAF	HERPUD1			OE	0	7.0	1.21532742190131	0.0076044638085296	1.65382160513889e-14
network_summary	T_exhaustion					GSE154778_primary	fibroblast_CAF	HERPUD1			OE	0	7.0	1.31739673314444	2.20689680214043e-27	1.65382160513889e-14
network_summary	TNF_NFkB					GSE154778_primary	fibroblast_CAF	HERPUD1			OE	0	8.0	1.24810663976801	0.0686527670585083	1.89008183444445e-14
network_summary	angiogenesis					GSE154778_primary	fibroblast_CAF	HERPUD1			OE	0	7.0	0.991842612567971	0.431873053213015	1.65382160513889e-14
network_summary	TGFb_fibrosis					GSE154778_primary	fibroblast_CAF	HERPUD1			OE	0	10.0	1.0253843535009	0.451556056670887	0.136715655275363
network_summary	endothelial					GSE154778_primary	fibroblast_CAF	MARCKS			KO	0	10.0	0.323106966899372	0.0011686320045196	5.94507883130142e-13
network_summary	CAF_ECM					GSE154778_primary	fibroblast_CAF	MARCKS			KO	3	8.0	1.16155406937464	6.45759911663769	6.72817651446641
network_summary	myeloid_inflammation					GSE154778_primary	fibroblast_CAF	MARCKS			KO	0	10.0	0.984629920626339	0.0848963921481502	5.94507883130142e-13
network_summary	cytotoxic_TNK					GSE154778_primary	fibroblast_CAF	MARCKS			KO	0	7.0	1.37498688429682	0.0010112851889585	4.1615551819109995e-13
network_summary	T_exhaustion					GSE154778_primary	fibroblast_CAF	MARCKS			KO	0	7.0	1.3966337985099	0.0001653047451267	4.1615551819109995e-13
network_summary	TNF_NFkB					GSE154778_primary	fibroblast_CAF	MARCKS			KO	0	8.0	0.573634183461258	0.0009880336118716	4.75606306504114e-13
network_summary	angiogenesis					GSE154778_primary	fibroblast_CAF	MARCKS			KO	0	7.0	0.387033974488327	0.0015009810618111	4.1615551819109995e-13
network_summary	TGFb_fibrosis					GSE154778_primary	fibroblast_CAF	MARCKS			KO	2	10.0	0.738753157582027	2.67734021875216	3.51429645455326
network_summary	endothelial					GSE154778_primary	fibroblast_CAF	MARCKS			OE	0	10.0	0.825321282588973	0.391521473751632	0.0437545500676057
network_summary	CAF_ECM					GSE154778_primary	fibroblast_CAF	MARCKS			OE	0	8.0	0.725132218518403	0.394241619384535	4.7444911354422e-14
network_summary	myeloid_inflammation					GSE154778_primary	fibroblast_CAF	MARCKS			OE	0	10.0	1.24627397038195	0.0070247468720691	5.930613919302761e-14
network_summary	cytotoxic_TNK					GSE154778_primary	fibroblast_CAF	MARCKS			OE	0	7.0	1.21449007360529	0.0044234317763557	4.15142974351193e-14
network_summary	T_exhaustion					GSE154778_primary	fibroblast_CAF	MARCKS			OE	0	7.0	1.31367412067045	5.37385776264034e-27	4.15142974351193e-14
network_summary	TNF_NFkB					GSE154778_primary	fibroblast_CAF	MARCKS			OE	0	8.0	1.25168314818666	0.114484488350875	4.7444911354422e-14
network_summary	angiogenesis					GSE154778_primary	fibroblast_CAF	MARCKS			OE	0	7.0	0.99184812929921	0.440845164808714	0.043754550067588
network_summary	TGFb_fibrosis					GSE154778_primary	fibroblast_CAF	MARCKS			OE	0	10.0	1.01467231298121	0.364484841465251	0.0598084377215916
network_summary	endothelial					GSE154778_primary	fibroblast_CAF	TACC1			KO	7	10.0	1.38579504814089	12.1917767985349	19.9882975140589
network_summary	CAF_ECM					GSE154778_primary	fibroblast_CAF	TACC1			KO	0	8.0	0.409288785153585	0.346215922306858	1.67792979180276e-13
network_summary	myeloid_inflammation					GSE154778_primary	fibroblast_CAF	TACC1			KO	0	10.0	1.2230384237943	0.699179954592344	0.571788093714481
network_summary	cytotoxic_TNK					GSE154778_primary	fibroblast_CAF	TACC1			KO	0	7.0	1.53098292512834	0.645068121798625	0.238256772089824
network_summary	T_exhaustion					GSE154778_primary	fibroblast_CAF	TACC1			KO	0	7.0	1.54148424764491	0.0879143305543715	1.46818856782741e-13
network_summary	TNF_NFkB					GSE154778_primary	fibroblast_CAF	TACC1			KO	0	8.0	1.00011515279693	0.634129920600835	1.67792979180276e-13
network_summary	angiogenesis					GSE154778_primary	fibroblast_CAF	TACC1			KO	3	7.0	1.2888968925297	7.79890379962702	8.40063821921621
network_summary	TGFb_fibrosis					GSE154778_primary	fibroblast_CAF	TACC1			KO	0	10.0	0.587141997710774	0.485714670529698	2.09741223975345e-13
network_summary	endothelial					GSE154778_primary	fibroblast_CAF	TACC1			OE	0	10.0	0.856208309545358	0.679538680460481	0.179504213034102
network_summary	CAF_ECM					GSE154778_primary	fibroblast_CAF	TACC1			OE	0	8.0	0.754889571069006	0.943628689357337	0.250396703014101
network_summary	myeloid_inflammation					GSE154778_primary	fibroblast_CAF	TACC1			OE	0	10.0	1.26881572295498	0.067650152474851	9.35397642556699e-14
network_summary	cytotoxic_TNK					GSE154778_primary	fibroblast_CAF	TACC1			OE	0	7.0	1.21805690090103	0.0075258307094809	6.54778349789689e-14
network_summary	T_exhaustion					GSE154778_primary	fibroblast_CAF	TACC1			OE	0	7.0	1.31432222255514	1.67279699001003e-26	6.54778349789689e-14
network_summary	TNF_NFkB					GSE154778_primary	fibroblast_CAF	TACC1			OE	0	8.0	1.23983148782384	0.0254679563894403	7.48318114045359e-14
network_summary	angiogenesis					GSE154778_primary	fibroblast_CAF	TACC1			OE	0	7.0	0.994257498392126	0.728956394741457	0.179504213034074
network_summary	TGFb_fibrosis					GSE154778_primary	fibroblast_CAF	TACC1			OE	0	10.0	1.01899562870576	0.455489526887156	0.185016246888034
network_summary	endothelial					GSE154778_primary	myeloid	EPAS1			KO	1	10.0	1.55994651667804	2.4194645117234	3.52549709083085
network_summary	CAF_ECM					GSE154778_primary	myeloid	EPAS1			KO	0	8.0	0.518958285114038	0.428697649145055	0.113000099184096
network_summary	myeloid_inflammation					GSE154778_primary	myeloid	EPAS1			KO	0	10.0	0.817594535086199	0.595272063768933	0.113061211338283
network_summary	cytotoxic_TNK					GSE154778_primary	myeloid	EPAS1			KO	0	7.0	1.09379372821559	0.0309379684716999	0.0002138925396537
network_summary	T_exhaustion					GSE154778_primary	myeloid	EPAS1			KO	0	7.0	1.23443296106419	0.0002257215348079	0.0002138925396537
network_summary	TNF_NFkB					GSE154778_primary	myeloid	EPAS1			KO	1	8.0	0.769720005740345	1.32436234294798	1.48836715258005
network_summary	angiogenesis					GSE154778_primary	myeloid	EPAS1			KO	1	7.0	1.48307510563376	3.07863428851999	3.4600515831197
network_summary	TGFb_fibrosis					GSE154778_primary	myeloid	EPAS1			KO	0	10.0	0.912138948856648	0.0038012379001031	0.0003055607709338
network_summary	endothelial					GSE154778_primary	myeloid	EPAS1			OE	1	10.0	1.21850295450091	6.06465697870856	11.9325896727284
network_summary	CAF_ECM					GSE154778_primary	myeloid	EPAS1			OE	0	8.0	1.17022680967109	0.393612215489928	1.80907832725401e-13
network_summary	myeloid_inflammation					GSE154778_primary	myeloid	EPAS1			OE	0	10.0	0.995566880090633	0.28099085752157	2.26134790906752e-13
network_summary	cytotoxic_TNK					GSE154778_primary	myeloid	EPAS1			OE	0	7.0	1.13443461700773	0.0002271097425981	1.58294353634726e-13
network_summary	T_exhaustion					GSE154778_primary	myeloid	EPAS1			OE	0	7.0	1.22782874094494	2.29839249905565e-26	1.58294353634726e-13
network_summary	TNF_NFkB					GSE154778_primary	myeloid	EPAS1			OE	0	8.0	0.97579046797643	0.0354759243152013	1.80907832725401e-13
network_summary	angiogenesis					GSE154778_primary	myeloid	EPAS1			OE	1	7.0	1.16232174724931	8.6693385816596	11.9325896727283
network_summary	TGFb_fibrosis					GSE154778_primary	myeloid	EPAS1			OE	0	10.0	1.13151544911629	0.218409421233847	2.26134790906752e-13
network_summary	endothelial					GSE154778_primary	myeloid	HERPUD1			KO	0	10.0	1.42308024448554	0.002927454562828	2.93718234918865e-10
network_summary	CAF_ECM					GSE154778_primary	myeloid	HERPUD1			KO	0	8.0	0.492729605752043	0.0026535583263115	2.34974587935092e-10
network_summary	myeloid_inflammation					GSE154778_primary	myeloid	HERPUD1			KO	0	10.0	0.645005096781921	1.16440673691904	1.3316734925813
network_summary	cytotoxic_TNK					GSE154778_primary	myeloid	HERPUD1			KO	0	7.0	1.19112220492923	0.0708897800817611	2.05602764443206e-10
network_summary	T_exhaustion					GSE154778_primary	myeloid	HERPUD1			KO	0	7.0	1.34523281396598	0.0786706901436069	2.05602764443206e-10
network_summary	TNF_NFkB					GSE154778_primary	myeloid	HERPUD1			KO	0	8.0	1.08505192915038	2.94206006608594	2.60928301881486
network_summary	angiogenesis					GSE154778_primary	myeloid	HERPUD1			KO	0	7.0	1.40688658721408	0.209834198956583	2.05602764443206e-10
network_summary	TGFb_fibrosis					GSE154778_primary	myeloid	HERPUD1			KO	0	10.0	0.914250583927271	0.001322861920018	2.93718234918865e-10
network_summary	endothelial					GSE154778_primary	myeloid	HERPUD1			OE	0	10.0	1.25096732498394	1.7287666884666001e-25	3.90070460220822e-13
network_summary	CAF_ECM					GSE154778_primary	myeloid	HERPUD1			OE	0	8.0	1.10181223693735	0.433610887593639	0.0951800978538725
network_summary	myeloid_inflammation					GSE154778_primary	myeloid	HERPUD1			OE	0	10.0	0.966293379142157	0.557878176883764	0.132592468094226
network_summary	cytotoxic_TNK					GSE154778_primary	myeloid	HERPUD1			OE	0	7.0	1.14067266497989	9.69028637070697e-05	2.73049322154575e-13
network_summary	T_exhaustion					GSE154778_primary	myeloid	HERPUD1			OE	0	7.0	1.24896175734448	1.8707094082577602e-25	2.73049322154575e-13
network_summary	TNF_NFkB					GSE154778_primary	myeloid	HERPUD1			OE	0	8.0	0.998800739740303	0.192667315198305	3.1205636817665797e-13
network_summary	angiogenesis					GSE154778_primary	myeloid	HERPUD1			OE	0	7.0	1.16481266198924	0.0037995675831276	2.73049322154575e-13
network_summary	TGFb_fibrosis					GSE154778_primary	myeloid	HERPUD1			OE	0	10.0	1.14618753092503	0.372695236362251	0.0951800978539505
network_summary	endothelial					GSE154778_primary	myeloid	MARCKS			KO	0	10.0	1.40213207281781	0.0015653637816907	1.61118015653313e-08
network_summary	CAF_ECM					GSE154778_primary	myeloid	MARCKS			KO	0	8.0	0.399882162366165	0.142200304463759	1.2889441252265e-08
network_summary	myeloid_inflammation					GSE154778_primary	myeloid	MARCKS			KO	0	10.0	0.673383930205939	0.865763330867612	0.522506211729646
network_summary	cytotoxic_TNK					GSE154778_primary	myeloid	MARCKS			KO	0	7.0	1.18174326207981	0.04148450852158	1.12782610957319e-08
network_summary	T_exhaustion					GSE154778_primary	myeloid	MARCKS			KO	0	7.0	1.36719996953134	0.0616296737313408	1.12782610957319e-08
network_summary	TNF_NFkB					GSE154778_primary	myeloid	MARCKS			KO	2	8.0	1.27443774900686	4.69426080904332	4.35422953992144
network_summary	angiogenesis					GSE154778_primary	myeloid	MARCKS			KO	0	7.0	1.36424987117598	0.122222497789266	1.12782610957319e-08
network_summary	TGFb_fibrosis					GSE154778_primary	myeloid	MARCKS			KO	0	10.0	0.995577071040767	0.118084460309189	1.61118015653313e-08
network_summary	endothelial					GSE154778_primary	myeloid	MARCKS			OE	0	10.0	1.26057419533175	1.43191325140483e-26	2.12152042641724e-14
network_summary	CAF_ECM					GSE154778_primary	myeloid	MARCKS			OE	0	8.0	1.07156704550042	0.482862935631251	1.69721634113379e-14
network_summary	myeloid_inflammation					GSE154778_primary	myeloid	MARCKS			OE	0	10.0	0.943659973819218	0.38990224306326	2.12152042641724e-14
network_summary	cytotoxic_TNK					GSE154778_primary	myeloid	MARCKS			OE	0	7.0	1.15354384249005	4.00407355090687e-05	1.4850642984920702e-14
network_summary	T_exhaustion					GSE154778_primary	myeloid	MARCKS			OE	0	7.0	1.28116011950234	8.6394080193114e-27	1.4850642984920702e-14
network_summary	TNF_NFkB					GSE154778_primary	myeloid	MARCKS			OE	0	8.0	0.950737185810386	0.0105780526279017	1.69721634113379e-14
network_summary	angiogenesis					GSE154778_primary	myeloid	MARCKS			OE	0	7.0	1.17930090645503	0.0030377078653023	1.4850642984920702e-14
network_summary	TGFb_fibrosis					GSE154778_primary	myeloid	MARCKS			OE	0	10.0	1.14755888998551	0.355393238064291	2.12152042641724e-14
network_summary	endothelial					GSE154778_primary	myeloid	TACC1			KO	0	10.0	1.32471672706489	0.0001839183320413	7.04522700045245e-10
network_summary	CAF_ECM					GSE154778_primary	myeloid	TACC1			KO	0	8.0	0.496203543652824	0.50603153986123	0.191212015716672
network_summary	myeloid_inflammation					GSE154778_primary	myeloid	TACC1			KO	0	10.0	0.719125967342929	0.701045899806409	0.154656572254334
network_summary	cytotoxic_TNK					GSE154778_primary	myeloid	TACC1			KO	0	7.0	1.21830676559294	0.0071019851615997	4.93165890031671e-10
network_summary	T_exhaustion					GSE154778_primary	myeloid	TACC1			KO	0	7.0	1.29323753998179	0.0132097075906814	4.93165890031671e-10
network_summary	TNF_NFkB					GSE154778_primary	myeloid	TACC1			KO	1	8.0	1.38326347006835	5.83514357547081	5.46228368343697
network_summary	angiogenesis					GSE154778_primary	myeloid	TACC1			KO	0	7.0	1.27546147398455	0.020617536689768	4.93165890031671e-10
network_summary	TGFb_fibrosis					GSE154778_primary	myeloid	TACC1			KO	0	10.0	1.06736607949608	0.424306680757565	0.191212015857576
network_summary	endothelial					GSE154778_primary	myeloid	TACC1			OE	0	10.0	1.24070051625836	1.1565996793659001e-26	4.5805554661281405e-14
network_summary	CAF_ECM					GSE154778_primary	myeloid	TACC1			OE	0	8.0	1.11742077173375	0.338200890235698	3.66444437290251e-14
network_summary	myeloid_inflammation					GSE154778_primary	myeloid	TACC1			OE	0	10.0	0.953256943549483	0.712798806643831	0.266432642659851
network_summary	cytotoxic_TNK					GSE154778_primary	myeloid	TACC1			OE	0	7.0	1.14172493160882	0.0001665016353541	3.2063888262897e-14
network_summary	T_exhaustion					GSE154778_primary	myeloid	TACC1			OE	0	7.0	1.24022626326757	1.1137618728351001e-26	3.2063888262897e-14
network_summary	TNF_NFkB					GSE154778_primary	myeloid	TACC1			OE	0	8.0	1.03576136409632	0.201587208477435	3.66444437290251e-14
network_summary	angiogenesis					GSE154778_primary	myeloid	TACC1			OE	0	7.0	1.15519302080672	0.0040141276617074	3.2063888262897e-14
network_summary	TGFb_fibrosis					GSE154778_primary	myeloid	TACC1			OE	0	10.0	1.13139833514086	0.216750098710043	4.5805554661281405e-14
network_summary	endothelial					GSE155698_primary	T_NK	EPAS1			KO	1	9.0	1.8875997565022	444.258995797655	16.0000000000006
network_summary	CAF_ECM					GSE155698_primary	T_NK	EPAS1			KO	0	8.0	1.34836373993663	0.0263496991007551	5.95568643343361e-13
network_summary	myeloid_inflammation					GSE155698_primary	T_NK	EPAS1			KO	0	10.0	1.37995770096938	0.0594829118490635	7.44460804179201e-13
network_summary	cytotoxic_TNK					GSE155698_primary	T_NK	EPAS1			KO	0	7.0	0.564355116518618	1.35383755195629	0.916873934099342
network_summary	T_exhaustion					GSE155698_primary	T_NK	EPAS1			KO	0	7.0	0.403840057127627	0.119998861384434	5.21122562925441e-13
network_summary	TNF_NFkB					GSE155698_primary	T_NK	EPAS1			KO	0	7.0	0.733165397959991	0.188545438814428	5.21122562925441e-13
network_summary	angiogenesis					GSE155698_primary	T_NK	EPAS1			KO	1	6.0	1.93599189655419	666.388493696483	16.0000000000004
network_summary	TGFb_fibrosis					GSE155698_primary	T_NK	EPAS1			KO	0	10.0	1.24511454265672	0.0427202042935528	7.44460804179201e-13
network_summary	endothelial					GSE155698_primary	T_NK	EPAS1			OE	0	9.0	1.32870953909783	1.0249059218260201e-23	6.20544724727045e-14
network_summary	CAF_ECM					GSE155698_primary	T_NK	EPAS1			OE	0	8.0	1.28070325898309	0.128019438471346	5.5159531086848503e-14
network_summary	myeloid_inflammation					GSE155698_primary	T_NK	EPAS1			OE	0	10.0	1.16160956935348	0.34368923793647	0.049278552933755
network_summary	cytotoxic_TNK					GSE155698_primary	T_NK	EPAS1			OE	0	7.0	0.807777984720071	1.78103233313852	0.47179999194278
network_summary	T_exhaustion					GSE155698_primary	T_NK	EPAS1			OE	0	7.0	0.994747822333375	0.0795704867268161	4.8264589700992404e-14
network_summary	TNF_NFkB					GSE155698_primary	T_NK	EPAS1			OE	0	7.0	1.17679165052319	0.287946489536359	0.0492785529337343
network_summary	angiogenesis					GSE155698_primary	T_NK	EPAS1			OE	0	6.0	1.21229133476562	0.0158228096761261	4.1369648315136305e-14
network_summary	TGFb_fibrosis					GSE155698_primary	T_NK	EPAS1			OE	0	10.0	1.19875470019151	0.0403474203677045	6.89494138585606e-14
network_summary	endothelial					GSE155698_primary	T_NK	HERPUD1			KO	0	9.0	1.68102862025059	0.0835988095017282	4.35769938861008e-12
network_summary	CAF_ECM					GSE155698_primary	T_NK	HERPUD1			KO	0	8.0	1.25600345085313	0.0007371931333905	3.8735105676533995e-12
network_summary	myeloid_inflammation					GSE155698_primary	T_NK	HERPUD1			KO	0	10.0	1.32790219269527	0.0151416051582938	4.84188820956675e-12
network_summary	cytotoxic_TNK					GSE155698_primary	T_NK	HERPUD1			KO	0	7.0	0.616780456240865	0.658058774982066	3.38932174669673e-12
network_summary	T_exhaustion					GSE155698_primary	T_NK	HERPUD1			KO	0	7.0	0.377212560100718	0.0746649572193438	3.38932174669673e-12
network_summary	TNF_NFkB					GSE155698_primary	T_NK	HERPUD1			KO	0	7.0	0.708861002108282	0.326874583099108	3.38932174669673e-12
network_summary	angiogenesis					GSE155698_primary	T_NK	HERPUD1			KO	0	6.0	1.61860009141907	0.125398214252592	2.90513292574005e-12
network_summary	TGFb_fibrosis					GSE155698_primary	T_NK	HERPUD1			KO	0	10.0	1.17989850032398	0.0191217214008675	4.84188820956675e-12
network_summary	endothelial					GSE155698_primary	T_NK	HERPUD1			OE	0	9.0	1.39872684842489	5.37755338736895e-25	3.25026572601799e-13
network_summary	CAF_ECM					GSE155698_primary	T_NK	HERPUD1			OE	0	8.0	1.32001515552846	0.0508306540069385	2.88912508979377e-13
network_summary	myeloid_inflammation					GSE155698_primary	T_NK	HERPUD1			OE	0	10.0	1.20731370783122	0.368849256839374	0.144959765026362
network_summary	cytotoxic_TNK					GSE155698_primary	T_NK	HERPUD1			OE	0	7.0	0.738255048254888	1.30211427020101	0.211325816017683
network_summary	T_exhaustion					GSE155698_primary	T_NK	HERPUD1			OE	0	7.0	0.992877796190004	0.0136645287728686	2.52798445356955e-13
network_summary	TNF_NFkB					GSE155698_primary	T_NK	HERPUD1			OE	0	7.0	1.21297248231091	0.334380136886	0.0934784005864947
network_summary	angiogenesis					GSE155698_primary	T_NK	HERPUD1			OE	0	6.0	1.25064923006161	0.0081372134618081	2.16684381734533e-13
network_summary	TGFb_fibrosis					GSE155698_primary	T_NK	HERPUD1			OE	0	10.0	1.24822962937505	0.0272286146751093	3.61140636224221e-13
network_summary	endothelial					GSE155698_primary	T_NK	MARCKS			KO	0	9.0	1.67623986149854	0.159762524324526	3.30494309337282e-12
network_summary	CAF_ECM					GSE155698_primary	T_NK	MARCKS			KO	0	8.0	1.33798833687013	0.0607314896799234	2.9377271941091798e-12
network_summary	myeloid_inflammation					GSE155698_primary	T_NK	MARCKS			KO	0	10.0	1.4166727715745	0.285248961163299	3.67215899263647e-12
network_summary	cytotoxic_TNK					GSE155698_primary	T_NK	MARCKS			KO	0	7.0	0.876405058257715	3.51305590705659	1.85715071789289
network_summary	T_exhaustion					GSE155698_primary	T_NK	MARCKS			KO	0	7.0	0.430374857675322	0.125244573860902	2.57051129484553e-12
network_summary	TNF_NFkB					GSE155698_primary	T_NK	MARCKS			KO	0	7.0	0.720913882710556	0.211253317215244	2.57051129484553e-12
network_summary	angiogenesis					GSE155698_primary	T_NK	MARCKS			KO	0	6.0	1.62278313425416	0.239643786486789	2.20329539558188e-12
network_summary	TGFb_fibrosis					GSE155698_primary	T_NK	MARCKS			KO	0	10.0	1.26107567163165	0.0916603544941218	3.67215899263647e-12
network_summary	endothelial					GSE155698_primary	T_NK	MARCKS			OE	0	9.0	1.38959232726716	1.12923165817843e-23	7.637473535102111e-14
network_summary	CAF_ECM					GSE155698_primary	T_NK	MARCKS			OE	0	8.0	1.31685592310731	0.0527884449026342	6.78886536453521e-14
network_summary	myeloid_inflammation					GSE155698_primary	T_NK	MARCKS			OE	0	10.0	1.20019666017733	0.245958693735841	0.0430573796835407
network_summary	cytotoxic_TNK					GSE155698_primary	T_NK	MARCKS			OE	0	7.0	0.752499751935333	1.14584738535394	0.120509140571722
network_summary	T_exhaustion					GSE155698_primary	T_NK	MARCKS			OE	0	7.0	0.971475533334032	0.0133270734769996	5.94025719396831e-14
network_summary	TNF_NFkB					GSE155698_primary	T_NK	MARCKS			OE	0	7.0	1.21020208065457	0.241927633292872	0.0430573796835152
network_summary	angiogenesis					GSE155698_primary	T_NK	MARCKS			OE	0	6.0	1.24398226634954	0.0079118045177474	5.0916490234014104e-14
network_summary	TGFb_fibrosis					GSE155698_primary	T_NK	MARCKS			OE	0	10.0	1.24097390349913	0.0197050839942236	8.486081705669011e-14
network_summary	endothelial					GSE155698_primary	T_NK	TACC1			KO	0	9.0	0.548710632285604	0.329339017660514	0.264588082328401
network_summary	CAF_ECM					GSE155698_primary	T_NK	TACC1			KO	0	8.0	0.258006110090171	0.322664397441308	0.235189406514135
network_summary	myeloid_inflammation					GSE155698_primary	T_NK	TACC1			KO	0	10.0	0.821534949867571	0.31711716172584	0.293986758142668
network_summary	cytotoxic_TNK					GSE155698_primary	T_NK	TACC1			KO	0	7.0	1.04505287634232	2.04127727396592	0.704439820925816
network_summary	T_exhaustion					GSE155698_primary	T_NK	TACC1			KO	0	7.0	0.535240808984781	0.173176220878085	0.205790730699868
network_summary	TNF_NFkB					GSE155698_primary	T_NK	TACC1			KO	0	7.0	1.19714548048265	0.122205067146416	0.184875401029966
network_summary	angiogenesis					GSE155698_primary	T_NK	TACC1			KO	0	6.0	0.541795403417124	0.374685337026156	0.176392054885601
network_summary	TGFb_fibrosis					GSE155698_primary	T_NK	TACC1			KO	0	10.0	0.506284543911551	0.193706208615111	0.293986758142668
network_summary	endothelial					GSE155698_primary	T_NK	TACC1			OE	0	9.0	1.35348576554383	4.64129632248571e-24	5.98847356729596e-14
network_summary	CAF_ECM					GSE155698_primary	T_NK	TACC1			OE	0	8.0	1.29293868471502	0.0792892359934914	5.32308761537419e-14
network_summary	myeloid_inflammation					GSE155698_primary	T_NK	TACC1			OE	0	10.0	1.18059069526411	0.258532863304659	0.0118301800189181
network_summary	cytotoxic_TNK					GSE155698_primary	T_NK	TACC1			OE	0	7.0	0.772685744215971	1.44967311283377	0.330046458147185
network_summary	T_exhaustion					GSE155698_primary	T_NK	TACC1			OE	0	7.0	1.00611360855335	0.0341847793010372	4.65770166345241e-14
network_summary	TNF_NFkB					GSE155698_primary	T_NK	TACC1			OE	0	7.0	1.19616747811724	0.348339262516595	0.117482111902297
network_summary	angiogenesis					GSE155698_primary	T_NK	TACC1			OE	0	6.0	1.22375944075909	0.0110708226846455	3.99231571153064e-14
network_summary	TGFb_fibrosis					GSE155698_primary	T_NK	TACC1			OE	0	10.0	1.21915091382667	0.0271860636562104	6.65385951921773e-14
network_summary	endothelial					GSE155698_primary	endothelial	EPAS1			KO	1	9.0	1.07697831290838	426.956048891091	16.8628708196127
network_summary	CAF_ECM					GSE155698_primary	endothelial	EPAS1			KO	0	8.0	0.547358036320066	0.089249121591886	7.35666137684951e-12
network_summary	myeloid_inflammation					GSE155698_primary	endothelial	EPAS1			KO	0	10.0	1.08327189438272	1.60028868789936	0.513232093696962
network_summary	cytotoxic_TNK					GSE155698_primary	endothelial	EPAS1			KO	0	7.0	1.48310854877228	0.0001433118620533	6.43707870474332e-12
network_summary	T_exhaustion					GSE155698_primary	endothelial	EPAS1			KO	0	7.0	1.46810050144516	0.323869459293261	0.0413476420447842
network_summary	TNF_NFkB					GSE155698_primary	endothelial	EPAS1			KO	0	7.0	0.971193197046431	0.292758306470688	6.43707870474332e-12
network_summary	angiogenesis					GSE155698_primary	endothelial	EPAS1			KO	1	6.0	1.30470128657375	640.764168031129	16.8889474959677
network_summary	TGFb_fibrosis					GSE155698_primary	endothelial	EPAS1			KO	0	10.0	0.665146584624722	0.215025935451631	9.195826721061879e-12
network_summary	endothelial					GSE155698_primary	endothelial	EPAS1			OE	1	9.0	0.700523631934205	3.4713056001092	5.63625591120697
network_summary	CAF_ECM					GSE155698_primary	endothelial	EPAS1			OE	0	8.0	1.49241592620685	0.0403300304297786	1.27676956571658e-13
network_summary	myeloid_inflammation					GSE155698_primary	endothelial	EPAS1			OE	0	10.0	0.954749004191864	0.0009896928433998	1.59596195714572e-13
network_summary	cytotoxic_TNK					GSE155698_primary	endothelial	EPAS1			OE	0	7.0	1.43403761390335	0.0026904407513478	1.1171733700019999e-13
network_summary	T_exhaustion					GSE155698_primary	endothelial	EPAS1			OE	0	7.0	1.57873838020808	2.59446085913787e-27	1.1171733700019999e-13
network_summary	TNF_NFkB					GSE155698_primary	endothelial	EPAS1			OE	0	7.0	0.84959798306702	0.0012216702576514	1.1171733700019999e-13
network_summary	angiogenesis					GSE155698_primary	endothelial	EPAS1			OE	1	6.0	0.885203285426055	5.18937013787087	5.63625591120692
network_summary	TGFb_fibrosis					GSE155698_primary	endothelial	EPAS1			OE	0	10.0	1.48246105601929	0.0031569192252927	1.59596195714572e-13
network_summary	endothelial					GSE155698_primary	endothelial	HERPUD1			KO	0	9.0	0.83297432770652	0.361957314778181	1.83689917466446e-12
network_summary	CAF_ECM					GSE155698_primary	endothelial	HERPUD1			KO	0	8.0	0.39495668476491	0.0025718632376547	1.63279926636841e-12
network_summary	myeloid_inflammation					GSE155698_primary	endothelial	HERPUD1			KO	0	10.0	1.19127800714422	2.06322255387071	0.628646272381863
network_summary	cytotoxic_TNK					GSE155698_primary	endothelial	HERPUD1			KO	0	7.0	1.48193369751902	0.0002069037306286	1.4286993580723599e-12
network_summary	T_exhaustion					GSE155698_primary	endothelial	HERPUD1			KO	0	7.0	1.43815788039521	0.346319890953222	1.4286993580723599e-12
network_summary	TNF_NFkB					GSE155698_primary	endothelial	HERPUD1			KO	0	7.0	0.66355507429477	0.0032401252868552	1.4286993580723599e-12
network_summary	angiogenesis					GSE155698_primary	endothelial	HERPUD1			KO	0	6.0	0.940903302427994	0.910956042004982	1.22459944977631e-12
network_summary	TGFb_fibrosis					GSE155698_primary	endothelial	HERPUD1			KO	0	10.0	0.618924946951102	0.231599708628053	2.0409990829605097e-12
network_summary	endothelial					GSE155698_primary	endothelial	HERPUD1			OE	0	9.0	0.730208044232105	0.0853178286649296	1.15777155634405e-12
network_summary	CAF_ECM					GSE155698_primary	endothelial	HERPUD1			OE	0	8.0	1.42526802433999	0.0372861102395743	1.0291302723058199e-12
network_summary	myeloid_inflammation					GSE155698_primary	endothelial	HERPUD1			OE	0	10.0	0.962473665876359	0.0018280720810544	1.28641284038228e-12
network_summary	cytotoxic_TNK					GSE155698_primary	endothelial	HERPUD1			OE	0	7.0	1.36712552531788	0.0021726710587947	9.00488988267593e-13
network_summary	T_exhaustion					GSE155698_primary	endothelial	HERPUD1			OE	0	7.0	1.49906538482088	1.67960560608833e-25	9.00488988267593e-13
network_summary	TNF_NFkB					GSE155698_primary	endothelial	HERPUD1			OE	0	7.0	0.789775901581328	0.0009622931194632	9.00488988267593e-13
network_summary	angiogenesis					GSE155698_primary	endothelial	HERPUD1			OE	0	6.0	0.685733059484186	0.0894174056971414	7.71847704229365e-13
network_summary	TGFb_fibrosis					GSE155698_primary	endothelial	HERPUD1			OE	0	10.0	1.41938315221543	0.0048832691062167	1.28641284038228e-12
network_summary	endothelial					GSE155698_primary	endothelial	MARCKS			KO	0	9.0	0.785467977122996	0.347253998304002	3.64199000786077e-11
network_summary	CAF_ECM					GSE155698_primary	endothelial	MARCKS			KO	0	8.0	0.658552992631376	0.0560984491978706	3.23732445143179e-11
network_summary	myeloid_inflammation					GSE155698_primary	endothelial	MARCKS			KO	0	10.0	0.589165912213541	0.104373178995046	4.04665556428974e-11
network_summary	cytotoxic_TNK					GSE155698_primary	endothelial	MARCKS			KO	0	7.0	1.53887569720714	0.0109630706898017	2.8326588950028196e-11
network_summary	T_exhaustion					GSE155698_primary	endothelial	MARCKS			KO	0	7.0	1.29930737180727	0.0027441543520343	2.8326588950028196e-11
network_summary	TNF_NFkB					GSE155698_primary	endothelial	MARCKS			KO	0	7.0	1.071384543326	0.463445103983394	2.8326588950028196e-11
network_summary	angiogenesis					GSE155698_primary	endothelial	MARCKS			KO	0	6.0	0.790821965877161	0.497920524025835	2.4279933385738398e-11
network_summary	TGFb_fibrosis					GSE155698_primary	endothelial	MARCKS			KO	0	10.0	0.606141183584889	0.117399035714316	4.04665556428974e-11
network_summary	endothelial					GSE155698_primary	endothelial	MARCKS			OE	0	9.0	0.626645247332872	0.0544063955886414	3.03763151964287e-14
network_summary	CAF_ECM					GSE155698_primary	endothelial	MARCKS			OE	0	8.0	1.47556849942292	0.0283053653511377	2.70011690634921e-14
network_summary	myeloid_inflammation					GSE155698_primary	endothelial	MARCKS			OE	0	10.0	0.960001516817085	0.0010372391739446	3.37514613293652e-14
network_summary	cytotoxic_TNK					GSE155698_primary	endothelial	MARCKS			OE	0	7.0	1.42528904597599	0.0029806027444674	2.3626022930555602e-14
network_summary	T_exhaustion					GSE155698_primary	endothelial	MARCKS			OE	0	7.0	1.56410975062952	2.9085941028228e-28	2.3626022930555602e-14
network_summary	TNF_NFkB					GSE155698_primary	endothelial	MARCKS			OE	0	7.0	0.851806200885627	0.0011988167904771	2.3626022930555602e-14
network_summary	angiogenesis					GSE155698_primary	endothelial	MARCKS			OE	0	6.0	0.719156225421599	0.0584506954350974	2.02508767976191e-14
network_summary	TGFb_fibrosis					GSE155698_primary	endothelial	MARCKS			OE	0	10.0	1.46946115602938	0.0024124214101316	3.37514613293652e-14
network_summary	endothelial					GSE155698_primary	endothelial	TACC1			KO	0	9.0	0.834163670087377	0.104925892172214	4.12987702463662e-12
network_summary	CAF_ECM					GSE155698_primary	endothelial	TACC1			KO	0	8.0	0.574367664877311	0.163667188083939	3.6710017996769894e-12
network_summary	myeloid_inflammation					GSE155698_primary	endothelial	TACC1			KO	0	10.0	0.941112511580454	0.433707986730608	0.107745599498483
network_summary	cytotoxic_TNK					GSE155698_primary	endothelial	TACC1			KO	0	7.0	1.46314369591065	4.34255645814666e-06	3.21212657471737e-12
network_summary	T_exhaustion					GSE155698_primary	endothelial	TACC1			KO	0	7.0	1.34514898130912	0.0243153881498277	3.21212657471737e-12
network_summary	TNF_NFkB					GSE155698_primary	endothelial	TACC1			KO	0	7.0	1.11104864099758	0.64933367058337	0.0627086293157557
network_summary	angiogenesis					GSE155698_primary	endothelial	TACC1			KO	0	6.0	0.85459960797977	0.158370852480307	2.75325134975774e-12
network_summary	TGFb_fibrosis					GSE155698_primary	endothelial	TACC1			KO	0	10.0	0.704897898670587	0.068983104326231	4.58875224959624e-12
network_summary	endothelial					GSE155698_primary	endothelial	TACC1			OE	0	9.0	0.482419530007435	0.0082219956767002	8.266783996587459e-11
network_summary	CAF_ECM					GSE155698_primary	endothelial	TACC1			OE	0	8.0	1.4334745194168	0.0349798343536987	7.34825244141108e-11
network_summary	myeloid_inflammation					GSE155698_primary	endothelial	TACC1			OE	0	10.0	1.25013127099636	0.0818810911053248	9.185315551763849e-11
network_summary	cytotoxic_TNK					GSE155698_primary	endothelial	TACC1			OE	0	7.0	1.37203824303393	0.0025471680421333	6.4297208862347e-11
network_summary	T_exhaustion					GSE155698_primary	endothelial	TACC1			OE	0	7.0	1.3563299973467	0.0010038399574796	6.4297208862347e-11
network_summary	TNF_NFkB					GSE155698_primary	endothelial	TACC1			OE	0	7.0	0.897604069820925	0.0334400423594262	6.4297208862347e-11
network_summary	angiogenesis					GSE155698_primary	endothelial	TACC1			OE	0	6.0	0.696529452150436	0.0405416283670096	5.511189331058309e-11
network_summary	TGFb_fibrosis					GSE155698_primary	endothelial	TACC1			OE	0	10.0	1.44148634253514	0.016431999089552	9.185315551763849e-11
network_summary	endothelial					GSE155698_primary	fibroblast_CAF	EPAS1			KO	2	9.0	1.18823461197481	494.916949004188	18.2371712283141
network_summary	CAF_ECM					GSE155698_primary	fibroblast_CAF	EPAS1			KO	0	8.0	0.36679476632579	0.394472584896941	1.8515087357828e-12
network_summary	myeloid_inflammation					GSE155698_primary	fibroblast_CAF	EPAS1			KO	0	10.0	1.16477080338542	0.0327664274199122	2.31438591972851e-12
network_summary	cytotoxic_TNK					GSE155698_primary	fibroblast_CAF	EPAS1			KO	0	7.0	0.928330369490264	0.713011566403318	1.6200701438099499e-12
network_summary	T_exhaustion					GSE155698_primary	fibroblast_CAF	EPAS1			KO	0	7.0	1.56962581198685	0.171163635359727	1.6200701438099499e-12
network_summary	TNF_NFkB					GSE155698_primary	fibroblast_CAF	EPAS1			KO	0	7.0	1.01350067761296	0.0438741284824575	1.6200701438099499e-12
network_summary	angiogenesis					GSE155698_primary	fibroblast_CAF	EPAS1			KO	1	6.0	1.29417253098139	739.833060838845	16.0000000000012
network_summary	TGFb_fibrosis					GSE155698_primary	fibroblast_CAF	EPAS1			KO	0	10.0	0.595610259364915	0.457991976619985	2.31438591972851e-12
network_summary	endothelial					GSE155698_primary	fibroblast_CAF	EPAS1			OE	0	9.0	1.1052319873074	0.0615534663584407	1.8659736477806102e-14
network_summary	CAF_ECM					GSE155698_primary	fibroblast_CAF	EPAS1			OE	1	8.0	0.957303848925013	4.83099991387154	3.66012779813313
network_summary	myeloid_inflammation					GSE155698_primary	fibroblast_CAF	EPAS1			OE	0	10.0	1.02067636465225	4.38378248866711e-06	2.07330405308957e-14
network_summary	cytotoxic_TNK					GSE155698_primary	fibroblast_CAF	EPAS1			OE	0	7.0	1.08833483436512	6.7876574131054e-05	1.4513128371627e-14
network_summary	T_exhaustion					GSE155698_primary	fibroblast_CAF	EPAS1			OE	0	7.0	1.17717540900121	3.8974180388959597e-28	1.4513128371627e-14
network_summary	TNF_NFkB					GSE155698_primary	fibroblast_CAF	EPAS1			OE	0	7.0	1.10368050895682	0.0010616650943563	1.4513128371627e-14
network_summary	angiogenesis					GSE155698_primary	fibroblast_CAF	EPAS1			OE	0	6.0	1.18796239051239	2.25528974027174e-28	1.24398243185374e-14
network_summary	TGFb_fibrosis					GSE155698_primary	fibroblast_CAF	EPAS1			OE	1	10.0	1.11671679863844	2.43680766711241	2.9218249905417
network_summary	endothelial					GSE155698_primary	fibroblast_CAF	HERPUD1			KO	0	9.0	0.367494670267029	0.0500212338641181	1.2784089224099e-12
network_summary	CAF_ECM					GSE155698_primary	fibroblast_CAF	HERPUD1			KO	1	8.0	0.961217705137838	3.81605125341022	3.56924131655751
network_summary	myeloid_inflammation					GSE155698_primary	fibroblast_CAF	HERPUD1			KO	0	10.0	1.16430803233492	0.0399394261244984	1.42045435823322e-12
network_summary	cytotoxic_TNK					GSE155698_primary	fibroblast_CAF	HERPUD1			KO	0	7.0	0.718769692611945	0.0828381144088897	9.94318050763257e-13
network_summary	T_exhaustion					GSE155698_primary	fibroblast_CAF	HERPUD1			KO	0	7.0	1.41564059815559	0.007725866805489	9.94318050763257e-13
network_summary	TNF_NFkB					GSE155698_primary	fibroblast_CAF	HERPUD1			KO	0	7.0	0.924495545512307	0.0053425406162149	9.94318050763257e-13
network_summary	angiogenesis					GSE155698_primary	fibroblast_CAF	HERPUD1			KO	0	6.0	0.400098041260985	0.0043326505122693	8.52272614939934e-13
network_summary	TGFb_fibrosis					GSE155698_primary	fibroblast_CAF	HERPUD1			KO	1	10.0	0.918523617482263	2.53868749387375	3.0031614665531
network_summary	endothelial					GSE155698_primary	fibroblast_CAF	HERPUD1			OE	0	9.0	1.09555915404976	0.041014671911602	1.46674207662758e-13
network_summary	CAF_ECM					GSE155698_primary	fibroblast_CAF	HERPUD1			OE	1	8.0	0.962598973237576	4.69812510805728	4.05045289833922
network_summary	myeloid_inflammation					GSE155698_primary	fibroblast_CAF	HERPUD1			OE	0	10.0	1.01670311389931	4.40104165348063e-06	1.62971341847509e-13
network_summary	cytotoxic_TNK					GSE155698_primary	fibroblast_CAF	HERPUD1			OE	0	7.0	1.07732449389372	6.6127740211098e-05	1.14079939293256e-13
network_summary	T_exhaustion					GSE155698_primary	fibroblast_CAF	HERPUD1			OE	0	7.0	1.17764822162047	5.35112529915909e-27	1.14079939293256e-13
network_summary	TNF_NFkB					GSE155698_primary	fibroblast_CAF	HERPUD1			OE	0	7.0	1.10021321965723	0.0010313109704697	1.14079939293256e-13
network_summary	angiogenesis					GSE155698_primary	fibroblast_CAF	HERPUD1			OE	0	6.0	1.17844191625688	5.03636350131581e-27	9.77828051085051e-14
network_summary	TGFb_fibrosis					GSE155698_primary	fibroblast_CAF	HERPUD1			OE	1	10.0	1.12824744508753	2.51136929824759	3.24750925119255
network_summary	endothelial					GSE155698_primary	fibroblast_CAF	MARCKS			KO	0	9.0	0.428409240431018	0.0085151719950523	2.45180258371181e-13
network_summary	CAF_ECM					GSE155698_primary	fibroblast_CAF	MARCKS			KO	1	8.0	0.96359348436076	3.75364769960775	3.45532357077834
network_summary	myeloid_inflammation					GSE155698_primary	fibroblast_CAF	MARCKS			KO	0	10.0	1.17032396283442	0.037941299802347	2.72422509301312e-13
network_summary	cytotoxic_TNK					GSE155698_primary	fibroblast_CAF	MARCKS			KO	0	7.0	0.646815944132342	0.0635891152345468	1.90695756510919e-13
network_summary	T_exhaustion					GSE155698_primary	fibroblast_CAF	MARCKS			KO	0	7.0	1.4766140784702	0.0061512406380403	1.90695756510919e-13
network_summary	TNF_NFkB					GSE155698_primary	fibroblast_CAF	MARCKS			KO	0	7.0	0.869247953015958	0.0066694759140616	1.90695756510919e-13
network_summary	angiogenesis					GSE155698_primary	fibroblast_CAF	MARCKS			KO	0	6.0	0.490600785917038	0.0050125846187718	1.63453505580787e-13
network_summary	TGFb_fibrosis					GSE155698_primary	fibroblast_CAF	MARCKS			KO	1	10.0	0.941029496404007	2.48826524662683	2.87768374271827
network_summary	endothelial					GSE155698_primary	fibroblast_CAF	MARCKS			OE	0	9.0	1.08464639594371	0.0315802981733562	5.6413156793367304e-15
network_summary	CAF_ECM					GSE155698_primary	fibroblast_CAF	MARCKS			OE	1	8.0	0.949296410665105	5.39422728321595	3.9998099409277
network_summary	myeloid_inflammation					GSE155698_primary	fibroblast_CAF	MARCKS			OE	0	10.0	1.06471540803884	0.0005924738763824	6.268128532596371e-15
network_summary	cytotoxic_TNK					GSE155698_primary	fibroblast_CAF	MARCKS			OE	0	7.0	1.07583774893312	2.40743230363706e-05	4.38768997281746e-15
network_summary	T_exhaustion					GSE155698_primary	fibroblast_CAF	MARCKS			OE	0	7.0	1.18341943879365	4.5358415097097895e-28	4.38768997281746e-15
network_summary	TNF_NFkB					GSE155698_primary	fibroblast_CAF	MARCKS			OE	0	7.0	1.09589972541843	0.0003215798399098	4.38768997281746e-15
network_summary	angiogenesis					GSE155698_primary	fibroblast_CAF	MARCKS			OE	0	6.0	1.17916205198688	5.95344930067342e-28	3.76087711955782e-15
network_summary	TGFb_fibrosis					GSE155698_primary	fibroblast_CAF	MARCKS			OE	1	10.0	1.13487931231829	2.6821305303409	3.01677385261109
network_summary	endothelial					GSE155698_primary	fibroblast_CAF	TACC1			KO	1	9.0	1.05191389036203	2.78987815025934	2.01187818234203
network_summary	CAF_ECM					GSE155698_primary	fibroblast_CAF	TACC1			KO	0	8.0	0.354329781236222	0.865931659456664	0.63403080045107
network_summary	myeloid_inflammation					GSE155698_primary	fibroblast_CAF	TACC1			KO	0	10.0	1.13371580104595	0.0755325346393858	1.47397453262695e-12
network_summary	cytotoxic_TNK					GSE155698_primary	fibroblast_CAF	TACC1			KO	0	7.0	1.02122426576542	1.29478870371842	1.03178217283886e-12
network_summary	T_exhaustion					GSE155698_primary	fibroblast_CAF	TACC1			KO	0	7.0	1.59255816563781	0.284336012860379	1.03178217283886e-12
network_summary	TNF_NFkB					GSE155698_primary	fibroblast_CAF	TACC1			KO	0	7.0	1.0640274548498	0.0783247209607211	1.03178217283886e-12
network_summary	angiogenesis					GSE155698_primary	fibroblast_CAF	TACC1			KO	0	6.0	1.05480596739425	1.43994984035858	0.196886496784919
network_summary	TGFb_fibrosis					GSE155698_primary	fibroblast_CAF	TACC1			KO	0	10.0	0.705806305459092	0.988283823001936	0.634030800451364
network_summary	endothelial					GSE155698_primary	fibroblast_CAF	TACC1			OE	0	9.0	1.08974392433521	0.0523592205259883	1.1109052414694e-13
network_summary	CAF_ECM					GSE155698_primary	fibroblast_CAF	TACC1			OE	1	8.0	0.961087359490032	4.76676815264877	3.86025857114014
network_summary	myeloid_inflammation					GSE155698_primary	fibroblast_CAF	TACC1			OE	0	10.0	1.018275400785	9.7912321444846e-06	1.23433915718822e-13
network_summary	cytotoxic_TNK					GSE155698_primary	fibroblast_CAF	TACC1			OE	0	7.0	1.0737326883923	7.79542984900187e-05	8.64037410031757e-14
network_summary	T_exhaustion					GSE155698_primary	fibroblast_CAF	TACC1			OE	0	7.0	1.16470419388365	3.38684497603745e-27	8.64037410031757e-14
network_summary	TNF_NFkB					GSE155698_primary	fibroblast_CAF	TACC1			OE	0	7.0	1.09416784121973	0.0012442735927845	8.64037410031757e-14
network_summary	angiogenesis					GSE155698_primary	fibroblast_CAF	TACC1			OE	0	6.0	1.16385399888968	3.36326290227089e-27	7.40603494312935e-14
network_summary	TGFb_fibrosis					GSE155698_primary	fibroblast_CAF	TACC1			OE	1	10.0	1.11526038859308	2.35768034191623	2.97603233327192
network_summary	endothelial					GSE155698_primary	myeloid	EPAS1			KO	1	9.0	1.31126760871855	435.095674005811	16.0000000000037
network_summary	CAF_ECM					GSE155698_primary	myeloid	EPAS1			KO	0	8.0	0.939712939652976	0.948221684778755	0.475155229786668
network_summary	myeloid_inflammation					GSE155698_primary	myeloid	EPAS1			KO	1	10.0	0.930689307731159	2.12780856570631	2.41334440525563
network_summary	cytotoxic_TNK					GSE155698_primary	myeloid	EPAS1			KO	0	7.0	1.12318387098273	1.60139841559042	1.27958141669396
network_summary	T_exhaustion					GSE155698_primary	myeloid	EPAS1			KO	0	7.0	1.18978396623646	0.34742296759125	3.26275376671147e-12
network_summary	TNF_NFkB					GSE155698_primary	myeloid	EPAS1			KO	0	7.0	0.677035504744578	0.550169814992086	3.26275376671147e-12
network_summary	angiogenesis					GSE155698_primary	myeloid	EPAS1			KO	1	6.0	1.2217421109984	652.644163403366	16.0000000000023
network_summary	TGFb_fibrosis					GSE155698_primary	myeloid	EPAS1			KO	0	10.0	0.722825307513946	0.577924078942474	0.650515178468853
network_summary	endothelial					GSE155698_primary	myeloid	EPAS1			OE	1	9.0	1.08337888450795	3.62273149967691	5.67158553171561
network_summary	CAF_ECM					GSE155698_primary	myeloid	EPAS1			OE	0	8.0	1.05536513940156	0.0500174729089788	6.63457296988668e-14
network_summary	myeloid_inflammation					GSE155698_primary	myeloid	EPAS1			OE	0	10.0	0.929476080304388	1.6290392172366	8.29321621235835e-14
network_summary	cytotoxic_TNK					GSE155698_primary	myeloid	EPAS1			OE	0	7.0	1.08636156135266	0.0950198886665362	5.80525134865084e-14
network_summary	T_exhaustion					GSE155698_primary	myeloid	EPAS1			OE	0	7.0	1.01300875076441	0.304517643634455	5.80525134865084e-14
network_summary	TNF_NFkB					GSE155698_primary	myeloid	EPAS1			OE	0	7.0	0.980079243492945	0.137227055131558	5.80525134865084e-14
network_summary	angiogenesis					GSE155698_primary	myeloid	EPAS1			OE	1	6.0	1.03979236863434	5.52789685578528	5.67158553171559
network_summary	TGFb_fibrosis					GSE155698_primary	myeloid	EPAS1			OE	0	10.0	1.07098661783975	0.0595476168345872	8.29321621235835e-14
network_summary	endothelial					GSE155698_primary	myeloid	HERPUD1			KO	0	9.0	1.08357519250359	9.37363046046074e-05	1.5921528636531298e-12
network_summary	CAF_ECM					GSE155698_primary	myeloid	HERPUD1			KO	0	8.0	0.867781026988541	0.0627239188553729	1.4152469899138899e-12
network_summary	myeloid_inflammation					GSE155698_primary	myeloid	HERPUD1			KO	1	10.0	0.942130428412586	3.10478477556068	2.69233871315009
network_summary	cytotoxic_TNK					GSE155698_primary	myeloid	HERPUD1			KO	0	7.0	0.901501252679218	0.0011509946419655	1.23834111617466e-12
network_summary	T_exhaustion					GSE155698_primary	myeloid	HERPUD1			KO	0	7.0	1.15819177612335	0.474802865007674	0.0995941532179856
network_summary	TNF_NFkB					GSE155698_primary	myeloid	HERPUD1			KO	0	7.0	0.755333380314863	0.169322465031653	1.23834111617466e-12
network_summary	angiogenesis					GSE155698_primary	myeloid	HERPUD1			KO	1	6.0	0.979401229682557	1.67338393206372	1.35228054527474
network_summary	TGFb_fibrosis					GSE155698_primary	myeloid	HERPUD1			KO	0	10.0	0.747986829104513	0.949498170679384	0.554368341727432
network_summary	endothelial					GSE155698_primary	myeloid	HERPUD1			OE	0	9.0	1.0894443356824	0.0004427973546566	5.6413156793367304e-15
network_summary	CAF_ECM					GSE155698_primary	myeloid	HERPUD1			OE	0	8.0	0.975273360093551	0.0004870166669395	5.0145028260771004e-15
network_summary	myeloid_inflammation					GSE155698_primary	myeloid	HERPUD1			OE	0	10.0	0.774573412165867	0.0366133150182175	6.268128532596371e-15
network_summary	cytotoxic_TNK					GSE155698_primary	myeloid	HERPUD1			OE	0	7.0	1.11536522377338	0.0015719101377171	4.38768997281746e-15
network_summary	T_exhaustion					GSE155698_primary	myeloid	HERPUD1			OE	0	7.0	0.969960161910741	0.0033412100839572	4.38768997281746e-15
network_summary	TNF_NFkB					GSE155698_primary	myeloid	HERPUD1			OE	0	7.0	1.01947752176435	0.0590484009932131	4.38768997281746e-15
network_summary	angiogenesis					GSE155698_primary	myeloid	HERPUD1			OE	0	6.0	0.970723614546434	0.0031717754140316	3.76087711955782e-15
network_summary	TGFb_fibrosis					GSE155698_primary	myeloid	HERPUD1			OE	0	10.0	0.887188655771114	0.0084874954626659	6.268128532596371e-15
network_summary	endothelial					GSE155698_primary	myeloid	MARCKS			KO	0	9.0	1.24342602822514	0.715533353322236	0.589853789202441
network_summary	CAF_ECM					GSE155698_primary	myeloid	MARCKS			KO	0	8.0	0.961455683578701	0.818120929658963	0.296279328777369
network_summary	myeloid_inflammation					GSE155698_primary	myeloid	MARCKS			KO	1	10.0	0.881410754929261	2.09001209381479	2.13237025743957
network_summary	cytotoxic_TNK					GSE155698_primary	myeloid	MARCKS			KO	0	7.0	1.0980476234056	1.40548026739606	1.02035674803237
network_summary	T_exhaustion					GSE155698_primary	myeloid	MARCKS			KO	0	7.0	1.16131791817785	0.472181374985857	0.174080066512738
network_summary	TNF_NFkB					GSE155698_primary	myeloid	MARCKS			KO	0	7.0	0.78282680536926	0.429076458078794	1.29335599814154e-12
network_summary	angiogenesis					GSE155698_primary	myeloid	MARCKS			KO	0	6.0	1.15771991978299	1.17389609825036	0.589853789201887
network_summary	TGFb_fibrosis					GSE155698_primary	myeloid	MARCKS			KO	0	10.0	0.727782060706466	0.738252074989952	0.898337140553782
network_summary	endothelial					GSE155698_primary	myeloid	MARCKS			OE	0	9.0	1.06470643418182	0.0005972641823783	9.98078927882653e-15
network_summary	CAF_ECM					GSE155698_primary	myeloid	MARCKS			OE	0	8.0	0.978183861970609	0.0003840792566183	8.87181269229025e-15
network_summary	myeloid_inflammation					GSE155698_primary	myeloid	MARCKS			OE	0	10.0	0.814843030660016	0.0349419738892775	1.10897658653628e-14
network_summary	cytotoxic_TNK					GSE155698_primary	myeloid	MARCKS			OE	0	7.0	1.09871033508571	0.0014901888844083	7.762836105753971e-15
network_summary	T_exhaustion					GSE155698_primary	myeloid	MARCKS			OE	0	7.0	1.04682502816388	0.0029625840600752	7.762836105753971e-15
network_summary	TNF_NFkB					GSE155698_primary	myeloid	MARCKS			OE	0	7.0	1.01662674800107	0.0641979585492809	7.762836105753971e-15
network_summary	angiogenesis					GSE155698_primary	myeloid	MARCKS			OE	0	6.0	0.966349925644639	0.003265909576399	6.65385951921769e-15
network_summary	TGFb_fibrosis					GSE155698_primary	myeloid	MARCKS			OE	0	10.0	0.913385838257047	0.0085590553483809	1.10897658653628e-14
network_summary	endothelial					GSE155698_primary	myeloid	TACC1			KO	0	9.0	1.21839800653404	0.636583508718722	0.437874479560963
network_summary	CAF_ECM					GSE155698_primary	myeloid	TACC1			KO	0	8.0	0.957727368234743	0.71471459144774	0.147674663920091
network_summary	myeloid_inflammation					GSE155698_primary	myeloid	TACC1			KO	0	10.0	0.829216812187811	1.89043865479709	1.84256091073805
network_summary	cytotoxic_TNK					GSE155698_primary	myeloid	TACC1			KO	0	7.0	1.06379051168933	1.30691413532303	0.86229229280504
network_summary	T_exhaustion					GSE155698_primary	myeloid	TACC1			KO	0	7.0	1.18766321183738	0.605204909331103	0.321480042341967
network_summary	TNF_NFkB					GSE155698_primary	myeloid	TACC1			KO	0	7.0	0.789349300509241	0.374488920601797	3.51015197825417e-13
network_summary	angiogenesis					GSE155698_primary	myeloid	TACC1			KO	0	6.0	1.14322470651767	1.27931810584668	0.437874479560813
network_summary	TGFb_fibrosis					GSE155698_primary	myeloid	TACC1			KO	0	10.0	0.70926074599202	0.919300785512984	0.977012316899831
network_summary	endothelial					GSE155698_primary	myeloid	TACC1			OE	0	9.0	1.03449155902913	0.0363502433716064	6.94315775918367e-15
network_summary	CAF_ECM					GSE155698_primary	myeloid	TACC1			OE	0	8.0	1.04650709168788	0.0225396944506509	6.1716957859410405e-15
network_summary	myeloid_inflammation					GSE155698_primary	myeloid	TACC1			OE	0	10.0	0.901918802641474	0.280987214610402	7.7146197324263e-15
network_summary	cytotoxic_TNK					GSE155698_primary	myeloid	TACC1			OE	0	7.0	1.05162498513018	0.0162329410357546	5.400233812698411e-15
network_summary	T_exhaustion					GSE155698_primary	myeloid	TACC1			OE	0	7.0	0.999064046426632	0.0908114896875915	5.400233812698411e-15
network_summary	TNF_NFkB					GSE155698_primary	myeloid	TACC1			OE	0	7.0	1.00760821722181	0.0586171699910954	5.400233812698411e-15
network_summary	angiogenesis					GSE155698_primary	myeloid	TACC1			OE	0	6.0	0.979720463079777	0.0694866324088972	4.628771839455781e-15
network_summary	TGFb_fibrosis					GSE155698_primary	myeloid	TACC1			OE	0	10.0	1.05764649616644	0.0731982217197863	7.7146197324263e-15
network_summary	endothelial					GSE212966_primary	T_NK	EPAS1			KO	0	10.0	0.575428088748246	0.452572886286506	0.812602582442751
network_summary	CAF_ECM					GSE212966_primary	T_NK	EPAS1			KO	0	8.0	0.514683698294309	0.563087795474717	0.633980823133918
network_summary	myeloid_inflammation					GSE212966_primary	T_NK	EPAS1			KO	0	10.0	0.416612987793361	0.553174531172177	0.812602582442751
network_summary	cytotoxic_TNK					GSE212966_primary	T_NK	EPAS1			KO	0	7.0	0.429019878685166	0.791154961894632	0.568821807709926
network_summary	T_exhaustion					GSE212966_primary	T_NK	EPAS1			KO	0	7.0	0.386914173135969	0.773072483203446	0.568821807709926
network_summary	TNF_NFkB					GSE212966_primary	T_NK	EPAS1			KO	0	8.0	0.571394328579616	0.34348951694353	0.624950933420547
network_summary	angiogenesis					GSE212966_primary	T_NK	EPAS1			KO	0	7.0	0.414683705877793	0.252122836708629	0.568821807709926
network_summary	TGFb_fibrosis					GSE212966_primary	T_NK	EPAS1			KO	0	10.0	0.775255725880523	0.964317058507879	0.769146221135223
network_summary	endothelial					GSE212966_primary	T_NK	EPAS1			OE	1	10.0	1.38565967439507	9.44043332832101	16.0000000000001
network_summary	CAF_ECM					GSE212966_primary	T_NK	EPAS1			OE	0	8.0	0.994169214568292	0.0232491823498011	5.8245378979819e-14
network_summary	myeloid_inflammation					GSE212966_primary	T_NK	EPAS1			OE	0	10.0	1.02507323820577	0.0896241223988803	7.28067237247738e-14
network_summary	cytotoxic_TNK					GSE212966_primary	T_NK	EPAS1			OE	0	7.0	0.624294028366542	0.213063261473513	5.0964706607341704e-14
network_summary	T_exhaustion					GSE212966_primary	T_NK	EPAS1			OE	0	7.0	1.02385845186986	0.0327537041817374	5.0964706607341704e-14
network_summary	TNF_NFkB					GSE212966_primary	T_NK	EPAS1			OE	0	8.0	1.07156947401285	0.0673908617774211	5.8245378979819e-14
network_summary	angiogenesis					GSE212966_primary	T_NK	EPAS1			OE	1	7.0	1.37927815833715	13.4863333261729	16.0
network_summary	TGFb_fibrosis					GSE212966_primary	T_NK	EPAS1			OE	0	10.0	1.18406418852028	0.0502695720272901	7.28067237247738e-14
network_summary	endothelial					GSE212966_primary	T_NK	HERPUD1			KO	0	10.0	1.76515133495713	3.97141358891522e-22	3.8622761526830695e-11
network_summary	CAF_ECM					GSE212966_primary	T_NK	HERPUD1			KO	0	8.0	1.08828895881673	0.126804128426326	3.08982092214646e-11
network_summary	myeloid_inflammation					GSE212966_primary	T_NK	HERPUD1			KO	0	10.0	1.45403878045108	0.0019285762014976	3.8622761526830695e-11
network_summary	cytotoxic_TNK					GSE212966_primary	T_NK	HERPUD1			KO	0	7.0	0.882087148385492	0.130390573080795	2.70359330687815e-11
network_summary	T_exhaustion					GSE212966_primary	T_NK	HERPUD1			KO	0	7.0	1.03929256960671	1.51380501777799	2.70359330687815e-11
network_summary	TNF_NFkB					GSE212966_primary	T_NK	HERPUD1			KO	0	8.0	0.919819617453342	0.0659314251957338	3.08982092214646e-11
network_summary	angiogenesis					GSE212966_primary	T_NK	HERPUD1			KO	0	7.0	1.76871039381705	2.3149905829089197e-22	2.70359330687815e-11
network_summary	TGFb_fibrosis					GSE212966_primary	T_NK	HERPUD1			KO	0	10.0	0.954722156443719	0.0006093138802218	3.8622761526830695e-11
network_summary	endothelial					GSE212966_primary	T_NK	HERPUD1			OE	0	10.0	1.45800654500865	7.88913065422994e-28	3.85730986621315e-15
network_summary	CAF_ECM					GSE212966_primary	T_NK	HERPUD1			OE	0	8.0	1.03806293757034	0.0806213408468716	3.0858478929705203e-15
network_summary	myeloid_inflammation					GSE212966_primary	T_NK	HERPUD1			OE	0	10.0	1.00196965331534	0.0648758435373238	3.85730986621315e-15
network_summary	cytotoxic_TNK					GSE212966_primary	T_NK	HERPUD1			OE	0	7.0	0.59982812973855	0.657337557493055	0.0984407850212337
network_summary	T_exhaustion					GSE212966_primary	T_NK	HERPUD1			OE	0	7.0	0.976009392213663	0.0145896806679296	2.70011690634921e-15
network_summary	TNF_NFkB					GSE212966_primary	T_NK	HERPUD1			OE	0	8.0	1.13400074996553	0.1872589634701	3.0858478929705203e-15
network_summary	angiogenesis					GSE212966_primary	T_NK	HERPUD1			OE	0	7.0	1.45709795811868	7.379553185257949e-28	2.70011690634921e-15
network_summary	TGFb_fibrosis					GSE212966_primary	T_NK	HERPUD1			OE	0	10.0	1.19278213644915	0.0230349233029242	3.85730986621315e-15
network_summary	endothelial					GSE212966_primary	T_NK	MARCKS			KO	0	10.0	0.575428088748246	0.452572886286506	0.812602582442751
network_summary	CAF_ECM					GSE212966_primary	T_NK	MARCKS			KO	0	8.0	0.514683698294309	0.563087795474717	0.633980823133918
network_summary	myeloid_inflammation					GSE212966_primary	T_NK	MARCKS			KO	0	10.0	0.416612987793361	0.553174531172177	0.812602582442751
network_summary	cytotoxic_TNK					GSE212966_primary	T_NK	MARCKS			KO	0	7.0	0.429019878685166	0.791154961894632	0.568821807709926
network_summary	T_exhaustion					GSE212966_primary	T_NK	MARCKS			KO	0	7.0	0.386914173135969	0.773072483203446	0.568821807709926
network_summary	TNF_NFkB					GSE212966_primary	T_NK	MARCKS			KO	0	8.0	0.571394328579616	0.34348951694353	0.624950933420547
network_summary	angiogenesis					GSE212966_primary	T_NK	MARCKS			KO	0	7.0	0.414683705877793	0.252122836708629	0.568821807709926
network_summary	TGFb_fibrosis					GSE212966_primary	T_NK	MARCKS			KO	0	10.0	0.775255725880523	0.964317058507879	0.769146221135223
network_summary	endothelial					GSE212966_primary	T_NK	MARCKS			OE	0	10.0	1.40341389094619	2.41391454616321e-26	2.41564030371605e-13
network_summary	CAF_ECM					GSE212966_primary	T_NK	MARCKS			OE	0	8.0	0.904216489786032	0.0021297977032691	1.93251224297284e-13
network_summary	myeloid_inflammation					GSE212966_primary	T_NK	MARCKS			OE	0	10.0	1.00448997703949	0.0532128195473255	2.41564030371605e-13
network_summary	cytotoxic_TNK					GSE212966_primary	T_NK	MARCKS			OE	0	7.0	0.667175860606754	0.0485154908094326	1.69094821260124e-13
network_summary	T_exhaustion					GSE212966_primary	T_NK	MARCKS			OE	0	7.0	1.03449457109066	0.0290174940617077	1.69094821260124e-13
network_summary	TNF_NFkB					GSE212966_primary	T_NK	MARCKS			OE	0	8.0	1.01387896765275	0.0003881797190832	1.93251224297284e-13
network_summary	angiogenesis					GSE212966_primary	T_NK	MARCKS			OE	0	7.0	1.40800936606312	1.49684426994194e-26	1.69094821260124e-13
network_summary	TGFb_fibrosis					GSE212966_primary	T_NK	MARCKS			OE	0	10.0	1.16948323907081	0.0276424541677349	2.41564030371605e-13
network_summary	endothelial					GSE212966_primary	T_NK	TACC1			KO	0	10.0	0.575428088748246	0.452572886286506	0.812602582442751
network_summary	CAF_ECM					GSE212966_primary	T_NK	TACC1			KO	0	8.0	0.514683698294309	0.563087795474717	0.633980823133918
network_summary	myeloid_inflammation					GSE212966_primary	T_NK	TACC1			KO	0	10.0	0.416612987793361	0.553174531172177	0.812602582442751
network_summary	cytotoxic_TNK					GSE212966_primary	T_NK	TACC1			KO	0	7.0	0.429019878685166	0.791154961894632	0.568821807709926
network_summary	T_exhaustion					GSE212966_primary	T_NK	TACC1			KO	0	7.0	0.386914173135969	0.773072483203446	0.568821807709926
network_summary	TNF_NFkB					GSE212966_primary	T_NK	TACC1			KO	0	8.0	0.571394328579616	0.34348951694353	0.624950933420547
network_summary	angiogenesis					GSE212966_primary	T_NK	TACC1			KO	0	7.0	0.414683705877793	0.252122836708629	0.568821807709926
network_summary	TGFb_fibrosis					GSE212966_primary	T_NK	TACC1			KO	0	10.0	0.775255725880523	0.964317058507879	0.769146221135223
network_summary	endothelial					GSE212966_primary	T_NK	TACC1			OE	0	10.0	1.43479891474749	5.33403621689278e-27	5.3038010660430805e-15
network_summary	CAF_ECM					GSE212966_primary	T_NK	TACC1			OE	0	8.0	1.02853711778908	0.0603432829241993	4.2430408528344706e-15
network_summary	myeloid_inflammation					GSE212966_primary	T_NK	TACC1			OE	0	10.0	1.00153431778688	0.100778021237004	5.3038010660430805e-15
network_summary	cytotoxic_TNK					GSE212966_primary	T_NK	TACC1			OE	0	7.0	0.622101010921459	0.416767886168073	3.7126607462301605e-15
network_summary	T_exhaustion					GSE212966_primary	T_NK	TACC1			OE	0	7.0	0.996601357311746	0.0245577401602461	3.7126607462301605e-15
network_summary	TNF_NFkB					GSE212966_primary	T_NK	TACC1			OE	0	8.0	1.08129645890301	0.152862310161133	4.2430408528344706e-15
network_summary	angiogenesis					GSE212966_primary	T_NK	TACC1			OE	0	7.0	1.43664455626182	5.53367639858339e-27	3.7126607462301605e-15
network_summary	TGFb_fibrosis					GSE212966_primary	T_NK	TACC1			OE	0	10.0	1.17451648696081	0.0304026728176461	5.3038010660430805e-15
network_summary	endothelial					GSE212966_primary	endothelial	EPAS1			KO	1	10.0	0.992393828286612	591.571102869308	16.6027983428944
network_summary	CAF_ECM					GSE212966_primary	endothelial	EPAS1			KO	0	8.0	0.388572079042355	0.134010526483166	3.5930069941988e-11
network_summary	myeloid_inflammation					GSE212966_primary	endothelial	EPAS1			KO	0	10.0	1.48558990417779	0.605598635564753	0.597676475179211
network_summary	cytotoxic_TNK					GSE212966_primary	endothelial	EPAS1			KO	1	7.0	1.71448741210888	2.47333372132018	2.22691688517058
network_summary	T_exhaustion					GSE212966_primary	endothelial	EPAS1			KO	0	7.0	1.37811601455887	0.0030417172504635	3.14388111992395e-11
network_summary	TNF_NFkB					GSE212966_primary	endothelial	EPAS1			KO	1	8.0	1.17926478710572	2.81034390533451	2.29378799789386
network_summary	angiogenesis					GSE212966_primary	endothelial	EPAS1			KO	1	7.0	1.07362870991501	844.404658705408	16.5976764751612
network_summary	TGFb_fibrosis					GSE212966_primary	endothelial	EPAS1			KO	0	10.0	0.358070788723173	0.0566882957618763	4.4912587427485e-11
network_summary	endothelial					GSE212966_primary	endothelial	EPAS1			OE	0	10.0	0.593279605932922	0.0228459242239312	2.12152042641724e-14
network_summary	CAF_ECM					GSE212966_primary	endothelial	EPAS1			OE	0	8.0	1.29098841829359	0.0014184977293843	1.69721634113379e-14
network_summary	myeloid_inflammation					GSE212966_primary	endothelial	EPAS1			OE	0	10.0	1.21606986926582	0.0027452993497141	2.12152042641724e-14
network_summary	cytotoxic_TNK					GSE212966_primary	endothelial	EPAS1			OE	0	7.0	1.52499253314343	5.1841075284270495e-28	1.4850642984920702e-14
network_summary	T_exhaustion					GSE212966_primary	endothelial	EPAS1			OE	0	7.0	0.827229606291323	0.0129949282216108	1.4850642984920702e-14
network_summary	TNF_NFkB					GSE212966_primary	endothelial	EPAS1			OE	0	8.0	1.27131526289491	0.0006182186332609	1.69721634113379e-14
network_summary	angiogenesis					GSE212966_primary	endothelial	EPAS1			OE	0	7.0	0.561242617015846	0.0195776098502245	1.4850642984920702e-14
network_summary	TGFb_fibrosis					GSE212966_primary	endothelial	EPAS1			OE	0	10.0	1.05508835336559	0.0004427809837658	2.12152042641724e-14
network_summary	endothelial					GSE212966_primary	endothelial	HERPUD1			KO	0	10.0	0.388132985457856	0.0500148622235827	3.2464084161528498e-12
network_summary	CAF_ECM					GSE212966_primary	endothelial	HERPUD1			KO	0	8.0	0.721299524896371	0.9222424596712	0.0013390243979178
network_summary	myeloid_inflammation					GSE212966_primary	endothelial	HERPUD1			KO	0	10.0	1.63366420969029	0.304804859702724	3.2464084161528498e-12
network_summary	cytotoxic_TNK					GSE212966_primary	endothelial	HERPUD1			KO	0	7.0	1.60295045994432	0.287130838428687	2.272485891307e-12
network_summary	T_exhaustion					GSE212966_primary	endothelial	HERPUD1			KO	0	7.0	1.42159040546928	0.0049614522685932	2.272485891307e-12
network_summary	TNF_NFkB					GSE212966_primary	endothelial	HERPUD1			KO	0	8.0	0.969182717087912	0.456822395291556	2.59712673292228e-12
network_summary	angiogenesis					GSE212966_primary	endothelial	HERPUD1			KO	0	7.0	0.496913534187936	0.0453730647018767	2.272485891307e-12
network_summary	TGFb_fibrosis					GSE212966_primary	endothelial	HERPUD1			KO	0	10.0	0.770982767873706	0.95285484188792	0.0013390243985671
network_summary	endothelial					GSE212966_primary	endothelial	HERPUD1			OE	0	10.0	0.77765622900804	0.185986156415109	2.72952889407994e-12
network_summary	CAF_ECM					GSE212966_primary	endothelial	HERPUD1			OE	0	8.0	0.998794570144952	0.0111271577587121	2.18362311526395e-12
network_summary	myeloid_inflammation					GSE212966_primary	endothelial	HERPUD1			OE	0	10.0	1.13508616272854	0.0228016625078393	2.72952889407994e-12
network_summary	cytotoxic_TNK					GSE212966_primary	endothelial	HERPUD1			OE	0	7.0	1.3013357763996	7.836490019396861e-25	1.91067022585596e-12
network_summary	T_exhaustion					GSE212966_primary	endothelial	HERPUD1			OE	0	7.0	1.17063419114369	0.041123308179548	1.91067022585596e-12
network_summary	TNF_NFkB					GSE212966_primary	endothelial	HERPUD1			OE	0	8.0	1.10533106727184	0.0012934638636234	2.18362311526395e-12
network_summary	angiogenesis					GSE212966_primary	endothelial	HERPUD1			OE	0	7.0	0.754161125461934	0.15253253297114	1.91067022585596e-12
network_summary	TGFb_fibrosis					GSE212966_primary	endothelial	HERPUD1			OE	0	10.0	0.956402047005795	0.001235134675075	2.72952889407994e-12
network_summary	endothelial					GSE212966_primary	endothelial	MARCKS			KO	0	10.0	0.60175411776486	0.569789933542175	4.548250496000959e-12
network_summary	CAF_ECM					GSE212966_primary	endothelial	MARCKS			KO	0	8.0	0.582817467457575	0.40740443273125	3.63860039680077e-12
network_summary	myeloid_inflammation					GSE212966_primary	endothelial	MARCKS			KO	1	10.0	1.57027857150628	1.1343544208871	1.51888159744001
network_summary	cytotoxic_TNK					GSE212966_primary	endothelial	MARCKS			KO	0	7.0	1.73591768335866	1.39657741728818	0.838294047487374
network_summary	T_exhaustion					GSE212966_primary	endothelial	MARCKS			KO	0	7.0	1.45313449488292	0.0235493664237075	3.18377534720067e-12
network_summary	TNF_NFkB					GSE212966_primary	endothelial	MARCKS			KO	1	8.0	1.20951524734049	4.63788047234511	4.90570265622629
network_summary	angiogenesis					GSE212966_primary	endothelial	MARCKS			KO	0	7.0	0.651396888311574	0.510600694594688	3.18377534720067e-12
network_summary	TGFb_fibrosis					GSE212966_primary	endothelial	MARCKS			KO	1	10.0	0.497071575246902	1.29042619921509	1.43487735383585
network_summary	endothelial					GSE212966_primary	endothelial	MARCKS			OE	0	10.0	0.696920779927039	0.0831485533044501	5.3038010660430805e-15
network_summary	CAF_ECM					GSE212966_primary	endothelial	MARCKS			OE	0	8.0	1.10157574386288	0.0062589638354421	4.2430408528344706e-15
network_summary	myeloid_inflammation					GSE212966_primary	endothelial	MARCKS			OE	0	10.0	1.19155838642882	0.0143882801349052	5.3038010660430805e-15
network_summary	cytotoxic_TNK					GSE212966_primary	endothelial	MARCKS			OE	0	7.0	1.45529713300008	2.0051950950782298e-28	3.7126607462301605e-15
network_summary	T_exhaustion					GSE212966_primary	endothelial	MARCKS			OE	0	7.0	0.917340604986693	0.0648979620293225	3.7126607462301605e-15
network_summary	TNF_NFkB					GSE212966_primary	endothelial	MARCKS			OE	0	8.0	1.21738555794195	0.0016979653374489	4.2430408528344706e-15
network_summary	angiogenesis					GSE212966_primary	endothelial	MARCKS			OE	0	7.0	0.673056830534189	0.0278185105881557	3.7126607462301605e-15
network_summary	TGFb_fibrosis					GSE212966_primary	endothelial	MARCKS			OE	0	10.0	1.05957671959949	0.0048880583017155	5.3038010660430805e-15
network_summary	endothelial					GSE212966_primary	endothelial	TACC1			KO	0	10.0	0.598768090169264	0.389979209437071	2.23974697382244e-11
network_summary	CAF_ECM					GSE212966_primary	endothelial	TACC1			KO	0	8.0	0.355413635188939	0.222634652621523	1.7917975790579498e-11
network_summary	myeloid_inflammation					GSE212966_primary	endothelial	TACC1			KO	1	10.0	1.4740242799836	1.11094423929997	1.6035585393876
network_summary	cytotoxic_TNK					GSE212966_primary	endothelial	TACC1			KO	1	7.0	1.73261400107075	2.86661156507823	2.74491617382117
network_summary	T_exhaustion					GSE212966_primary	endothelial	TACC1			KO	0	7.0	1.33217887071649	0.0014155964837448	1.56782288167571e-11
network_summary	TNF_NFkB					GSE212966_primary	endothelial	TACC1			KO	1	8.0	1.16539717407172	4.57298541164034	4.94489032329767
network_summary	angiogenesis					GSE212966_primary	endothelial	TACC1			KO	0	7.0	0.644885298948668	0.362809916041304	1.56782288167571e-11
network_summary	TGFb_fibrosis					GSE212966_primary	endothelial	TACC1			KO	0	10.0	0.529932757307974	0.542120409176552	0.253406204568971
network_summary	endothelial					GSE212966_primary	endothelial	TACC1			OE	0	10.0	0.740430632836245	0.124133514707731	2.41081866638322e-14
network_summary	CAF_ECM					GSE212966_primary	endothelial	TACC1			OE	0	8.0	1.10104469502172	0.0094716310046385	1.9286549331065802e-14
network_summary	myeloid_inflammation					GSE212966_primary	endothelial	TACC1			OE	0	10.0	1.19431215008796	0.0221312352224809	2.41081866638322e-14
network_summary	cytotoxic_TNK					GSE212966_primary	endothelial	TACC1			OE	0	7.0	1.45995127853016	4.2051203432136e-28	1.68757306646826e-14
network_summary	T_exhaustion					GSE212966_primary	endothelial	TACC1			OE	0	7.0	0.914073536340047	0.0625441647852373	1.68757306646826e-14
network_summary	TNF_NFkB					GSE212966_primary	endothelial	TACC1			OE	0	8.0	1.22690433427365	0.0025651832421646	1.9286549331065802e-14
network_summary	angiogenesis					GSE212966_primary	endothelial	TACC1			OE	0	7.0	0.735706233280637	0.0452912223966038	1.68757306646826e-14
network_summary	TGFb_fibrosis					GSE212966_primary	endothelial	TACC1			OE	0	10.0	1.0354321453957	0.0034147166139704	2.41081866638322e-14
network_summary	endothelial					GSE212966_primary	fibroblast_CAF	EPAS1			KO	1	10.0	1.48978011264318	604.595397278888	16.0000000000087
network_summary	CAF_ECM					GSE212966_primary	fibroblast_CAF	EPAS1			KO	0	8.0	0.320249140474076	0.0304146327843581	7.70690511270242e-12
network_summary	myeloid_inflammation					GSE212966_primary	fibroblast_CAF	EPAS1			KO	1	10.0	0.966914001199468	2.1436955369674	1.51003368181098
network_summary	cytotoxic_TNK					GSE212966_primary	fibroblast_CAF	EPAS1			KO	0	7.0	1.72910100523296	2.75284964194443e-23	6.7435419736146196e-12
network_summary	T_exhaustion					GSE212966_primary	fibroblast_CAF	EPAS1			KO	0	7.0	1.62394588231297	0.297328119543808	6.7435419736146196e-12
network_summary	TNF_NFkB					GSE212966_primary	fibroblast_CAF	EPAS1			KO	0	8.0	0.630113070289792	0.516963311300044	7.70690511270242e-12
network_summary	angiogenesis					GSE212966_primary	fibroblast_CAF	EPAS1			KO	1	7.0	1.5106002434296	863.707710373751	16.0000000000058
network_summary	TGFb_fibrosis					GSE212966_primary	fibroblast_CAF	EPAS1			KO	0	10.0	0.588177037224149	0.0108837477125811	9.63363139087802e-12
network_summary	endothelial					GSE212966_primary	fibroblast_CAF	EPAS1			OE	1	10.0	1.24007436138529	3.19351314260824	5.55944412510103
network_summary	CAF_ECM					GSE212966_primary	fibroblast_CAF	EPAS1			OE	0	8.0	0.739469313665139	0.304453205413692	1.54292394648526e-14
network_summary	myeloid_inflammation					GSE212966_primary	fibroblast_CAF	EPAS1			OE	0	10.0	1.26398908243095	8.719315669862799e-28	1.9286549331065802e-14
network_summary	cytotoxic_TNK					GSE212966_primary	fibroblast_CAF	EPAS1			OE	0	7.0	1.2578448295578	1.30028517810164e-27	1.35005845317461e-14
network_summary	T_exhaustion					GSE212966_primary	fibroblast_CAF	EPAS1			OE	0	7.0	1.19658154106114	0.0418980558351808	1.35005845317461e-14
network_summary	TNF_NFkB					GSE212966_primary	fibroblast_CAF	EPAS1			OE	0	8.0	1.21712805579019	0.0857768252720772	1.54292394648526e-14
network_summary	angiogenesis					GSE212966_primary	fibroblast_CAF	EPAS1			OE	1	7.0	1.23465693016178	4.56216163229749	5.55944412510103
network_summary	TGFb_fibrosis					GSE212966_primary	fibroblast_CAF	EPAS1			OE	0	10.0	0.928186820893119	0.0634734041675692	1.9286549331065802e-14
network_summary	endothelial					GSE212966_primary	fibroblast_CAF	HERPUD1			KO	0	10.0	1.21024382474096	0.231529884518355	2.44505229144655e-12
network_summary	CAF_ECM					GSE212966_primary	fibroblast_CAF	HERPUD1			KO	0	8.0	0.299418487786893	0.0073099341497949	1.95604183315724e-12
network_summary	myeloid_inflammation					GSE212966_primary	fibroblast_CAF	HERPUD1			KO	1	10.0	1.047698805692	3.2266864160764	2.78702657550867
network_summary	cytotoxic_TNK					GSE212966_primary	fibroblast_CAF	HERPUD1			KO	0	7.0	1.75313740155715	3.43505725795036e-24	1.7115366040125799e-12
network_summary	T_exhaustion					GSE212966_primary	fibroblast_CAF	HERPUD1			KO	0	7.0	1.6533952863886	0.45898689326343	0.0922418950883682
network_summary	TNF_NFkB					GSE212966_primary	fibroblast_CAF	HERPUD1			KO	0	8.0	0.730497049645042	0.870430113338238	0.0922418950886127
network_summary	angiogenesis					GSE212966_primary	fibroblast_CAF	HERPUD1			KO	0	7.0	1.13876675082195	0.33075665059569	1.7115366040125799e-12
network_summary	TGFb_fibrosis					GSE212966_primary	fibroblast_CAF	HERPUD1			KO	0	10.0	0.608902273651209	0.0099288483117708	2.44505229144655e-12
network_summary	endothelial					GSE212966_primary	fibroblast_CAF	HERPUD1			OE	0	10.0	1.20475954018527	0.152523355105866	3.85730986621315e-15
network_summary	CAF_ECM					GSE212966_primary	fibroblast_CAF	HERPUD1			OE	0	8.0	0.615736954852522	0.350972015117758	0.0185092505179029
network_summary	myeloid_inflammation					GSE212966_primary	fibroblast_CAF	HERPUD1			OE	0	10.0	1.28558554302157	6.5622323879062495e-28	3.85730986621315e-15
network_summary	cytotoxic_TNK					GSE212966_primary	fibroblast_CAF	HERPUD1			OE	0	7.0	1.28064466974368	9.234979651346429e-28	2.70011690634921e-15
network_summary	T_exhaustion					GSE212966_primary	fibroblast_CAF	HERPUD1			OE	0	7.0	1.22789108049209	0.288212042581431	2.70011690634921e-15
network_summary	TNF_NFkB					GSE212966_primary	fibroblast_CAF	HERPUD1			OE	0	8.0	1.2158423705385	0.0241402266889723	3.0858478929705203e-15
network_summary	angiogenesis					GSE212966_primary	fibroblast_CAF	HERPUD1			OE	0	7.0	1.233055216665	0.126379952955014	2.70011690634921e-15
network_summary	TGFb_fibrosis					GSE212966_primary	fibroblast_CAF	HERPUD1			OE	0	10.0	0.92016990832805	0.0650422076742802	3.85730986621315e-15
network_summary	endothelial					GSE212966_primary	fibroblast_CAF	MARCKS			KO	0	10.0	1.23386217864651	0.267874798148728	2.77774526740763e-12
network_summary	CAF_ECM					GSE212966_primary	fibroblast_CAF	MARCKS			KO	0	8.0	0.264525191267567	0.0081255706154365	2.22219621392611e-12
network_summary	myeloid_inflammation					GSE212966_primary	fibroblast_CAF	MARCKS			KO	1	10.0	1.05412530594191	3.68029242270812	3.99369952682405
network_summary	cytotoxic_TNK					GSE212966_primary	fibroblast_CAF	MARCKS			KO	0	7.0	1.73293093566577	5.23684148381421e-24	1.94442168718534e-12
network_summary	T_exhaustion					GSE212966_primary	fibroblast_CAF	MARCKS			KO	0	7.0	1.64782518762944	0.538421381437425	0.23397867781487
network_summary	TNF_NFkB					GSE212966_primary	fibroblast_CAF	MARCKS			KO	0	8.0	0.647411823406307	0.755193636284476	0.233978677815148
network_summary	angiogenesis					GSE212966_primary	fibroblast_CAF	MARCKS			KO	0	7.0	1.16141114311265	0.382678224482862	1.94442168718534e-12
network_summary	TGFb_fibrosis					GSE212966_primary	fibroblast_CAF	MARCKS			KO	0	10.0	0.641612578133545	0.0449553767835958	2.77774526740763e-12
network_summary	endothelial					GSE212966_primary	fibroblast_CAF	MARCKS			OE	0	10.0	1.19876583727585	0.255646995968198	4.96628645274946e-14
network_summary	CAF_ECM					GSE212966_primary	fibroblast_CAF	MARCKS			OE	0	8.0	0.680039981643309	0.278182186806985	3.9730291621995704e-14
network_summary	myeloid_inflammation					GSE212966_primary	fibroblast_CAF	MARCKS			OE	0	10.0	1.29392691791841	7.80716545610862e-28	4.96628645274946e-14
network_summary	cytotoxic_TNK					GSE212966_primary	fibroblast_CAF	MARCKS			OE	0	7.0	1.29480023426033	7.166725225723289e-28	3.47640051692462e-14
network_summary	T_exhaustion					GSE212966_primary	fibroblast_CAF	MARCKS			OE	0	7.0	1.23063191179966	0.326664770207887	0.0497065336989095
network_summary	TNF_NFkB					GSE212966_primary	fibroblast_CAF	MARCKS			OE	0	8.0	1.24018626677347	0.23378279298045	0.0305406865441453
network_summary	angiogenesis					GSE212966_primary	fibroblast_CAF	MARCKS			OE	0	7.0	1.22739060998844	0.216814898932057	3.47640051692462e-14
network_summary	TGFb_fibrosis					GSE212966_primary	fibroblast_CAF	MARCKS			OE	0	10.0	0.970940410731553	0.0688525586784063	4.96628645274946e-14
network_summary	endothelial					GSE212966_primary	fibroblast_CAF	TACC1			KO	0	10.0	1.25786669327456	0.485264658670593	0.15243441452984
network_summary	CAF_ECM					GSE212966_primary	fibroblast_CAF	TACC1			KO	0	8.0	0.32535227034857	0.0475131931614958	1.04455951177068e-12
network_summary	myeloid_inflammation					GSE212966_primary	fibroblast_CAF	TACC1			KO	0	10.0	0.952562057974805	2.46253980088741	1.86536595449062
network_summary	cytotoxic_TNK					GSE212966_primary	fibroblast_CAF	TACC1			KO	0	7.0	1.76766715198729	2.58667651370032e-23	9.13989572799343e-13
network_summary	T_exhaustion					GSE212966_primary	fibroblast_CAF	TACC1			KO	0	7.0	1.65799215578927	0.405253663088604	0.152434414529449
network_summary	TNF_NFkB					GSE212966_primary	fibroblast_CAF	TACC1			KO	0	8.0	0.631840435848786	0.698906474509074	0.152434414529579
network_summary	angiogenesis					GSE212966_primary	fibroblast_CAF	TACC1			KO	0	7.0	1.18642161021037	0.69323484606856	0.152434414529449
network_summary	TGFb_fibrosis					GSE212966_primary	fibroblast_CAF	TACC1			KO	0	10.0	0.602274155294113	0.0258250601856192	1.30569938971335e-12
network_summary	endothelial					GSE212966_primary	fibroblast_CAF	TACC1			OE	0	10.0	1.20249516724014	0.251886606402686	5.40023381269844e-14
network_summary	CAF_ECM					GSE212966_primary	fibroblast_CAF	TACC1			OE	0	8.0	0.65337657928935	0.164795572320091	4.32018705015875e-14
network_summary	myeloid_inflammation					GSE212966_primary	fibroblast_CAF	TACC1			OE	0	10.0	1.28800127691357	3.10478028430126e-27	5.40023381269844e-14
network_summary	cytotoxic_TNK					GSE212966_primary	fibroblast_CAF	TACC1			OE	0	7.0	1.2893459185112	6.7221053630766e-27	3.78016366888891e-14
network_summary	T_exhaustion					GSE212966_primary	fibroblast_CAF	TACC1			OE	0	7.0	1.23698841539112	0.510700974421507	0.163262273111329
network_summary	TNF_NFkB					GSE212966_primary	fibroblast_CAF	TACC1			OE	0	8.0	1.21990244956948	0.012858624952644	4.32018705015875e-14
network_summary	angiogenesis					GSE212966_primary	fibroblast_CAF	TACC1			OE	0	7.0	1.22463353434588	0.115444774159011	3.78016366888891e-14
network_summary	TGFb_fibrosis					GSE212966_primary	fibroblast_CAF	TACC1			OE	0	10.0	0.93010399914562	0.059364753582486	5.40023381269844e-14
network_summary	endothelial					GSE212966_primary	myeloid	EPAS1			KO	1	10.0	1.64098326515003	36.8059184189838	16.2875446705048
network_summary	CAF_ECM					GSE212966_primary	myeloid	EPAS1			KO	0	8.0	0.752559489102612	1.42761438300871	0.98370586695953
network_summary	myeloid_inflammation					GSE212966_primary	myeloid	EPAS1			KO	0	10.0	0.764120686889216	0.508773280091497	0.28482986176824
network_summary	cytotoxic_TNK					GSE212966_primary	myeloid	EPAS1			KO	0	7.0	1.199792592146	0.008003230763209	1.7225395804103497e-11
network_summary	T_exhaustion					GSE212966_primary	myeloid	EPAS1			KO	0	7.0	1.3330424491909	0.461628729209945	0.190480624174119
network_summary	TNF_NFkB					GSE212966_primary	myeloid	EPAS1			KO	0	8.0	0.952552319998731	2.0726209887356	1.22560456452395
network_summary	angiogenesis					GSE212966_primary	myeloid	EPAS1			KO	1	7.0	1.49061354507287	52.5798941675118	16.2875446704974
network_summary	TGFb_fibrosis					GSE212966_primary	myeloid	EPAS1			KO	0	10.0	0.830508282398597	0.188129105881056	0.0013378172329485
network_summary	endothelial					GSE212966_primary	myeloid	EPAS1			OE	1	10.0	1.11913815374867	16.1292351293334	16.0
network_summary	CAF_ECM					GSE212966_primary	myeloid	EPAS1			OE	0	8.0	1.00498123929006	0.0244325440082082	2.73869000501135e-14
network_summary	myeloid_inflammation					GSE212966_primary	myeloid	EPAS1			OE	0	10.0	1.00755627349668	0.0308126608734133	3.4233625062641804e-14
network_summary	cytotoxic_TNK					GSE212966_primary	myeloid	EPAS1			OE	0	7.0	1.1097978011237	4.47756753030022e-27	2.39635375438493e-14
network_summary	T_exhaustion					GSE212966_primary	myeloid	EPAS1			OE	0	7.0	1.09694735328643	0.0097580887807096	2.39635375438493e-14
network_summary	TNF_NFkB					GSE212966_primary	myeloid	EPAS1			OE	0	8.0	1.03769050878064	0.0149890934369473	2.73869000501135e-14
network_summary	angiogenesis					GSE212966_primary	myeloid	EPAS1			OE	1	7.0	1.11796837776085	23.0417644704762	16.0
network_summary	TGFb_fibrosis					GSE212966_primary	myeloid	EPAS1			OE	0	10.0	1.03523782765934	5.6745005019483205e-09	3.4233625062641804e-14
network_summary	endothelial					GSE212966_primary	myeloid	HERPUD1			KO	0	10.0	1.53137839752706	0.944715843981904	0.86218860422017
network_summary	CAF_ECM					GSE212966_primary	myeloid	HERPUD1			KO	0	8.0	0.680657911230908	0.734471404296034	0.155381849862478
network_summary	myeloid_inflammation					GSE212966_primary	myeloid	HERPUD1			KO	1	10.0	0.922731344025021	2.15201420692341	2.31658422564971
network_summary	cytotoxic_TNK					GSE212966_primary	myeloid	HERPUD1			KO	0	7.0	1.30066068607719	2.95950522968062e-05	5.3295245012601e-11
network_summary	T_exhaustion					GSE212966_primary	myeloid	HERPUD1			KO	0	7.0	1.28956787370484	0.0504841106195718	5.3295245012601e-11
network_summary	TNF_NFkB					GSE212966_primary	myeloid	HERPUD1			KO	1	8.0	1.1837143497471	5.26492619888593	5.06717195878515
network_summary	angiogenesis					GSE212966_primary	myeloid	HERPUD1			KO	0	7.0	1.2506225941273	0.221861441704575	5.3295245012601e-11
network_summary	TGFb_fibrosis					GSE212966_primary	myeloid	HERPUD1			KO	0	10.0	0.757250722839434	0.0173245184156045	7.613606430371579e-11
network_summary	endothelial					GSE212966_primary	myeloid	HERPUD1			OE	0	10.0	1.13647317833669	0.0016777955218298	2.2179531730725702e-14
network_summary	CAF_ECM					GSE212966_primary	myeloid	HERPUD1			OE	0	8.0	1.009372005133	0.0216788882669846	1.77436253845805e-14
network_summary	myeloid_inflammation					GSE212966_primary	myeloid	HERPUD1			OE	0	10.0	1.04397772793468	0.198784724848298	2.2179531730725702e-14
network_summary	cytotoxic_TNK					GSE212966_primary	myeloid	HERPUD1			OE	0	7.0	1.16484619999955	5.78395283079854e-28	1.5525672211508e-14
network_summary	T_exhaustion					GSE212966_primary	myeloid	HERPUD1			OE	0	7.0	1.13136463410758	0.0097668199291656	1.5525672211508e-14
network_summary	TNF_NFkB					GSE212966_primary	myeloid	HERPUD1			OE	0	8.0	1.06384541053432	0.147942067208934	1.77436253845805e-14
network_summary	angiogenesis					GSE212966_primary	myeloid	HERPUD1			OE	0	7.0	1.12093480134289	0.0023968507454711	1.5525672211508e-14
network_summary	TGFb_fibrosis					GSE212966_primary	myeloid	HERPUD1			OE	0	10.0	1.07978424356697	6.677305362264841e-09	2.2179531730725702e-14
network_summary	endothelial					GSE212966_primary	myeloid	MARCKS			KO	0	10.0	1.54552614570511	0.372703386958136	7.606132892445709e-12
network_summary	CAF_ECM					GSE212966_primary	myeloid	MARCKS			KO	0	8.0	0.589463382848756	0.358471548263992	6.084906313956569e-12
network_summary	myeloid_inflammation					GSE212966_primary	myeloid	MARCKS			KO	1	10.0	0.840501799354055	1.98215053024409	2.13824057951156
network_summary	cytotoxic_TNK					GSE212966_primary	myeloid	MARCKS			KO	0	7.0	1.32770610601229	0.0007326718455113	5.3242930247120004e-12
network_summary	T_exhaustion					GSE212966_primary	myeloid	MARCKS			KO	0	7.0	1.18113062154212	0.020329551090687	5.3242930247120004e-12
network_summary	TNF_NFkB					GSE212966_primary	myeloid	MARCKS			KO	1	8.0	1.17043920456263	5.55132401020122	5.16044443036833
network_summary	angiogenesis					GSE212966_primary	myeloid	MARCKS			KO	0	7.0	1.3122583356694	0.157459096668404	5.3242930247120004e-12
network_summary	TGFb_fibrosis					GSE212966_primary	myeloid	MARCKS			KO	0	10.0	0.758680904116212	0.0188355838489288	7.606132892445709e-12
network_summary	endothelial					GSE212966_primary	myeloid	MARCKS			OE	0	10.0	1.21003520237288	0.0001473215099446	1.10897658653628e-14
network_summary	CAF_ECM					GSE212966_primary	myeloid	MARCKS			OE	0	8.0	1.01066447185765	0.0145094760934815	8.87181269229025e-15
network_summary	myeloid_inflammation					GSE212966_primary	myeloid	MARCKS			OE	0	10.0	0.980408107181226	0.237057439313829	1.10897658653628e-14
network_summary	cytotoxic_TNK					GSE212966_primary	myeloid	MARCKS			OE	0	7.0	1.26444766365299	9.25859451228528e-28	7.762836105753971e-15
network_summary	T_exhaustion					GSE212966_primary	myeloid	MARCKS			OE	0	7.0	1.22087760787974	0.0152047764514311	7.762836105753971e-15
network_summary	TNF_NFkB					GSE212966_primary	myeloid	MARCKS			OE	0	8.0	1.09254101022044	0.339768425614604	8.87181269229025e-15
network_summary	angiogenesis					GSE212966_primary	myeloid	MARCKS			OE	0	7.0	1.19222463637162	0.0002104592999208	7.762836105753971e-15
network_summary	TGFb_fibrosis					GSE212966_primary	myeloid	MARCKS			OE	0	10.0	1.14669305365257	3.528359526242e-09	1.10897658653628e-14
network_summary	endothelial					GSE212966_primary	myeloid	TACC1			KO	0	10.0	1.55144694739533	0.428490956625487	0.0307202724163397
network_summary	CAF_ECM					GSE212966_primary	myeloid	TACC1			KO	0	8.0	0.653087886032111	0.504707654263085	0.07900834779987
network_summary	myeloid_inflammation					GSE212966_primary	myeloid	TACC1			KO	0	10.0	0.802744667568501	1.16392700960606	1.0454009193184
network_summary	cytotoxic_TNK					GSE212966_primary	myeloid	TACC1			KO	0	7.0	1.26713309603155	0.006615959767938	9.43083332466581e-12
network_summary	T_exhaustion					GSE212966_primary	myeloid	TACC1			KO	0	7.0	1.26611922258599	0.220782954161099	9.43083332466581e-12
network_summary	TNF_NFkB					GSE212966_primary	myeloid	TACC1			KO	1	8.0	1.2098012881175	5.22467284470974	4.50694920802697
network_summary	angiogenesis					GSE212966_primary	myeloid	TACC1			KO	0	7.0	1.28752611226806	0.34232649651668	0.0153601362108644
network_summary	TGFb_fibrosis					GSE212966_primary	myeloid	TACC1			KO	0	10.0	0.833212206748794	0.121506787661781	1.3472619035236898e-11
network_summary	endothelial					GSE212966_primary	myeloid	TACC1			OE	0	10.0	1.09044572773617	0.0003886636542552	4.82163733276644e-15
network_summary	CAF_ECM					GSE212966_primary	myeloid	TACC1			OE	0	8.0	1.00639960186241	0.0294193299803897	3.85730986621315e-15
network_summary	myeloid_inflammation					GSE212966_primary	myeloid	TACC1			OE	0	10.0	0.942561354953056	0.0416460326258711	4.82163733276644e-15
network_summary	cytotoxic_TNK					GSE212966_primary	myeloid	TACC1			OE	0	7.0	1.10673867600944	1.32340933748204e-27	3.3751461329365102e-15
network_summary	T_exhaustion					GSE212966_primary	myeloid	TACC1			OE	0	7.0	1.12274849931349	0.0116146297983843	3.3751461329365102e-15
network_summary	TNF_NFkB					GSE212966_primary	myeloid	TACC1			OE	0	8.0	1.04949989326635	0.0252954005821156	3.85730986621315e-15
network_summary	angiogenesis					GSE212966_primary	myeloid	TACC1			OE	0	7.0	1.10058556820509	0.0005552337917932	3.3751461329365102e-15
network_summary	TGFb_fibrosis					GSE212966_primary	myeloid	TACC1			OE	0	10.0	1.06537523686084	7.9443884747072e-09	4.82163733276644e-15
